%time,field.header.seq,field.header.stamp,field.header.frame_id,field.status.status,field.status.service,field.latitude,field.longitude,field.altitude,field.position_covariance0,field.position_covariance1,field.position_covariance2,field.position_covariance3,field.position_covariance4,field.position_covariance5,field.position_covariance6,field.position_covariance7,field.position_covariance8,field.position_covariance_type
1703738785938742290,257,1703738785938472032,044625.90,4,0,31.8325939032,118.71416416,23.4383,0.0,0.0,0.0,0.0,0.0,0.0,0.0,0.0,0.0,0
1703738786042122773,258,1703738786041796922,044626.00,4,0,31.8325939157,118.714164164,23.4321,0.0,0.0,0.0,0.0,0.0,0.0,0.0,0.0,0.0,0
1703738786139212492,259,1703738786138860940,044626.10,4,0,31.8325938997,118.714164178,23.4397,0.0,0.0,0.0,0.0,0.0,0.0,0.0,0.0,0.0,0
1703738786248498230,260,1703738786245295047,044626.20,4,0,31.8325939113,118.714164191,23.4369,0.0,0.0,0.0,0.0,0.0,0.0,0.0,0.0,0.0,0
1703738786388738248,261,1703738786388235092,044626.30,4,0,31.8325939172,118.71416416,23.441,0.0,0.0,0.0,0.0,0.0,0.0,0.0,0.0,0.0,0
1703738786438163523,262,1703738786437897920,044626.40,4,0,31.8325939002,118.714164149,23.4436,0.0,0.0,0.0,0.0,0.0,0.0,0.0,0.0,0.0,0
1703738786544839913,263,1703738786542836904,044626.50,4,0,31.8325939068,118.714164151,23.4367,0.0,0.0,0.0,0.0,0.0,0.0,0.0,0.0,0.0,0
1703738786638671169,264,1703738786638411045,044626.60,4,0,31.8325938935,118.714164142,23.4445,0.0,0.0,0.0,0.0,0.0,0.0,0.0,0.0,0.0,0
1703738786745361193,265,1703738786745012998,044626.70,4,0,31.8325939072,118.71416414,23.4381,0.0,0.0,0.0,0.0,0.0,0.0,0.0,0.0,0.0,0
1703738786839234676,266,1703738786839044094,044626.80,4,0,31.8325938955,118.714164134,23.4443,0.0,0.0,0.0,0.0,0.0,0.0,0.0,0.0,0.0,0
1703738786943503741,267,1703738786942455053,044626.90,4,0,31.8325939247,118.71416418,23.4434,0.0,0.0,0.0,0.0,0.0,0.0,0.0,0.0,0.0,0
1703738787039997565,268,1703738787039081096,044627.00,4,0,31.8325938873,118.714164178,23.4355,0.0,0.0,0.0,0.0,0.0,0.0,0.0,0.0,0.0,0
1703738787147716491,269,1703738787144819021,044627.10,4,0,31.8325938853,118.714164217,23.4342,0.0,0.0,0.0,0.0,0.0,0.0,0.0,0.0,0.0,0
1703738787239880576,270,1703738787239629983,044627.20,4,0,31.8325939075,118.71416424,23.4421,0.0,0.0,0.0,0.0,0.0,0.0,0.0,0.0,0.0,0
1703738787348387094,271,1703738787346057891,044627.30,4,0,31.8325939137,118.71416421,23.4354,0.0,0.0,0.0,0.0,0.0,0.0,0.0,0.0,0.0,0
1703738787481300352,272,1703738787480274915,044627.40,4,0,31.832593919,118.714164212,23.4431,0.0,0.0,0.0,0.0,0.0,0.0,0.0,0.0,0.0,0
1703738787537558431,273,1703738787537374019,044627.50,4,0,31.832593929,118.714164189,23.4474,0.0,0.0,0.0,0.0,0.0,0.0,0.0,0.0,0.0,0
1703738787643291250,274,1703738787641541957,044627.60,4,0,31.8325939438,118.714164148,23.4517,0.0,0.0,0.0,0.0,0.0,0.0,0.0,0.0,0.0,0
1703738787738737703,275,1703738787738393068,044627.70,4,0,31.8325939735,118.714164147,23.4505,0.0,0.0,0.0,0.0,0.0,0.0,0.0,0.0,0.0,0
1703738787842502673,276,1703738787841845035,044627.80,4,0,31.8325939733,118.714164123,23.4491,0.0,0.0,0.0,0.0,0.0,0.0,0.0,0.0,0.0,0
1703738787937951641,277,1703738787937738895,044627.90,4,0,31.8325939528,118.714164118,23.4491,0.0,0.0,0.0,0.0,0.0,0.0,0.0,0.0,0.0,0
1703738788043126656,278,1703738788041562080,044628.00,4,0,31.8325939638,118.71416413,23.4504,0.0,0.0,0.0,0.0,0.0,0.0,0.0,0.0,0.0,0
1703738788137832720,279,1703738788137531995,044628.10,4,0,31.8325939737,118.714164131,23.4491,0.0,0.0,0.0,0.0,0.0,0.0,0.0,0.0,0.0,0
1703738788245817405,280,1703738788243130922,044628.20,4,0,31.8325939758,118.714164109,23.454,0.0,0.0,0.0,0.0,0.0,0.0,0.0,0.0,0.0,0
1703738788339613204,281,1703738788339238882,044628.30,4,0,31.8325939777,118.714164137,23.4523,0.0,0.0,0.0,0.0,0.0,0.0,0.0,0.0,0.0,0
1703738788436640288,282,1703738788436177015,044628.40,4,0,31.8325939797,118.714164119,23.4501,0.0,0.0,0.0,0.0,0.0,0.0,0.0,0.0,0.0,0
1703738788579590837,283,1703738788576751947,044628.50,4,0,31.8325939493,118.714164149,23.452,0.0,0.0,0.0,0.0,0.0,0.0,0.0,0.0,0.0,0
1703738788646162571,284,1703738788644140005,044628.60,4,0,31.8325939335,118.714164166,23.4501,0.0,0.0,0.0,0.0,0.0,0.0,0.0,0.0,0.0,0
1703738788745221129,285,1703738788744136095,044628.70,4,0,31.832593926,118.714164174,23.4509,0.0,0.0,0.0,0.0,0.0,0.0,0.0,0.0,0.0,0
1703738788839532783,286,1703738788839345932,044628.80,4,0,31.8325939428,118.714164186,23.4499,0.0,0.0,0.0,0.0,0.0,0.0,0.0,0.0,0.0,0
1703738788945124036,287,1703738788942836999,044628.90,4,0,31.8325939278,118.714164177,23.4483,0.0,0.0,0.0,0.0,0.0,0.0,0.0,0.0,0.0,0
1703738789039933522,288,1703738789039525032,044629.00,4,0,31.8325939268,118.714164185,23.4462,0.0,0.0,0.0,0.0,0.0,0.0,0.0,0.0,0.0,0
1703738789144143596,289,1703738789143269062,044629.10,4,0,31.832593903,118.714164214,23.4465,0.0,0.0,0.0,0.0,0.0,0.0,0.0,0.0,0.0,0
1703738789241025190,290,1703738789240060091,044629.20,4,0,31.8325938733,118.714164211,23.445,0.0,0.0,0.0,0.0,0.0,0.0,0.0,0.0,0.0,0
1703738789344244720,291,1703738789343735933,044629.30,4,0,31.8325938948,118.71416417,23.4401,0.0,0.0,0.0,0.0,0.0,0.0,0.0,0.0,0.0,0
1703738789439585211,292,1703738789439182043,044629.40,4,0,31.8325939068,118.714164177,23.4412,0.0,0.0,0.0,0.0,0.0,0.0,0.0,0.0,0.0,0
1703738789544119060,293,1703738789542893886,044629.50,4,0,31.8325939045,118.714164172,23.4396,0.0,0.0,0.0,0.0,0.0,0.0,0.0,0.0,0.0,0
1703738789673003147,294,1703738789672303915,044629.60,4,0,31.8325939087,118.714164167,23.4348,0.0,0.0,0.0,0.0,0.0,0.0,0.0,0.0,0.0,0
1703738789744321919,295,1703738789743762016,044629.70,4,0,31.8325938823,118.71416417,23.4385,0.0,0.0,0.0,0.0,0.0,0.0,0.0,0.0,0.0,0
1703738789840305509,296,1703738789839711904,044629.80,4,0,31.8325938992,118.714164163,23.4413,0.0,0.0,0.0,0.0,0.0,0.0,0.0,0.0,0.0,0
1703738789944374499,297,1703738789943666934,044629.90,4,0,31.8325939097,118.714164152,23.4427,0.0,0.0,0.0,0.0,0.0,0.0,0.0,0.0,0.0,0
1703738790039524928,298,1703738790039136886,044630.00,4,0,31.8325939125,118.714164163,23.4449,0.0,0.0,0.0,0.0,0.0,0.0,0.0,0.0,0.0,0
1703738790144055354,299,1703738790143537044,044630.10,4,0,31.8325939027,118.714164175,23.4339,0.0,0.0,0.0,0.0,0.0,0.0,0.0,0.0,0.0,0
1703738790249534136,300,1703738790246977090,044630.20,4,0,31.8325939047,118.71416418,23.4381,0.0,0.0,0.0,0.0,0.0,0.0,0.0,0.0,0.0,0
1703738790342989208,301,1703738790342072963,044630.30,4,0,31.8325938967,118.714164166,23.4399,0.0,0.0,0.0,0.0,0.0,0.0,0.0,0.0,0.0,0
1703738790441299750,302,1703738790439640045,044630.40,4,0,31.8325939052,118.714164164,23.438,0.0,0.0,0.0,0.0,0.0,0.0,0.0,0.0,0.0,0
1703738790544421590,303,1703738790543580055,044630.50,4,0,31.8325939105,118.714164163,23.4422,0.0,0.0,0.0,0.0,0.0,0.0,0.0,0.0,0.0,0
1703738790640406203,304,1703738790639856100,044630.60,4,0,31.8325938965,118.714164159,23.4373,0.0,0.0,0.0,0.0,0.0,0.0,0.0,0.0,0.0,0
1703738790764701395,305,1703738790764303922,044630.70,4,0,31.8325939143,118.714164168,23.4392,0.0,0.0,0.0,0.0,0.0,0.0,0.0,0.0,0.0,0
1703738790840899495,306,1703738790840225934,044630.80,4,0,31.8325938967,118.714164148,23.4353,0.0,0.0,0.0,0.0,0.0,0.0,0.0,0.0,0.0,0
1703738790939036695,307,1703738790938544034,044630.90,4,0,31.832593908,118.714164165,23.4344,0.0,0.0,0.0,0.0,0.0,0.0,0.0,0.0,0.0,0
1703738791043731690,308,1703738791043011903,044631.00,4,0,31.8325939075,118.714164165,23.4316,0.0,0.0,0.0,0.0,0.0,0.0,0.0,0.0,0.0,0
1703738791139566087,309,1703738791139170885,044631.10,4,0,31.8325939173,118.714164167,23.4343,0.0,0.0,0.0,0.0,0.0,0.0,0.0,0.0,0.0,0
1703738791248734748,310,1703738791244124889,044631.20,4,0,31.832593909,118.714164154,23.436,0.0,0.0,0.0,0.0,0.0,0.0,0.0,0.0,0.0,0
1703738791340808596,311,1703738791340187072,044631.30,4,0,31.8325939123,118.714164144,23.4351,0.0,0.0,0.0,0.0,0.0,0.0,0.0,0.0,0.0,0
1703738791438330485,312,1703738791437508106,044631.40,4,0,31.832593915,118.714164159,23.4365,0.0,0.0,0.0,0.0,0.0,0.0,0.0,0.0,0.0,0
1703738791543876729,313,1703738791543369054,044631.50,4,0,31.8325939207,118.714164151,23.4343,0.0,0.0,0.0,0.0,0.0,0.0,0.0,0.0,0.0,0
1703738791640717532,314,1703738791639369964,044631.60,4,0,31.8325939123,118.714164158,23.44,0.0,0.0,0.0,0.0,0.0,0.0,0.0,0.0,0.0,0
1703738791744490376,315,1703738791743635892,044631.70,4,0,31.8325938992,118.714164154,23.4363,0.0,0.0,0.0,0.0,0.0,0.0,0.0,0.0,0.0,0
1703738791856745087,316,1703738791856296062,044631.80,4,0,31.8325939062,118.714164131,23.4509,0.0,0.0,0.0,0.0,0.0,0.0,0.0,0.0,0.0,0
1703738791945298412,317,1703738791944684982,044631.90,4,0,31.8325939207,118.714164154,23.4509,0.0,0.0,0.0,0.0,0.0,0.0,0.0,0.0,0.0,0
1703738792040852227,318,1703738792039917945,044632.00,4,0,31.8325939055,118.714164131,23.4532,0.0,0.0,0.0,0.0,0.0,0.0,0.0,0.0,0.0,0
1703738792144871506,319,1703738792143250942,044632.10,4,0,31.832593894,118.71416412,23.4532,0.0,0.0,0.0,0.0,0.0,0.0,0.0,0.0,0.0,0
1703738792239289734,320,1703738792239029884,044632.20,4,0,31.8325938997,118.714164131,23.4473,0.0,0.0,0.0,0.0,0.0,0.0,0.0,0.0,0.0,0
1703738792343618318,321,1703738792343205928,044632.30,4,0,31.8325938857,118.714164113,23.4506,0.0,0.0,0.0,0.0,0.0,0.0,0.0,0.0,0.0,0
1703738792439578455,322,1703738792439234972,044632.40,4,0,31.8325939103,118.714164126,23.445,0.0,0.0,0.0,0.0,0.0,0.0,0.0,0.0,0.0,0
1703738792544609202,323,1703738792543355941,044632.50,4,0,31.8325939015,118.714164131,23.4483,0.0,0.0,0.0,0.0,0.0,0.0,0.0,0.0,0.0,0
1703738792640446267,324,1703738792640048027,044632.60,4,0,31.8325939358,118.714164144,23.4375,0.0,0.0,0.0,0.0,0.0,0.0,0.0,0.0,0.0,0
1703738792746849222,325,1703738792744163036,044632.70,4,0,31.8325938875,118.71416413,23.4428,0.0,0.0,0.0,0.0,0.0,0.0,0.0,0.0,0.0,0
1703738792841111612,326,1703738792840039014,044632.80,4,0,31.8325939223,118.714164144,23.4444,0.0,0.0,0.0,0.0,0.0,0.0,0.0,0.0,0.0,0
1703738792953264126,327,1703738792952348947,044632.90,4,0,31.832593921,118.714164129,23.4373,0.0,0.0,0.0,0.0,0.0,0.0,0.0,0.0,0.0,0
1703738793045980434,328,1703738793041956901,044633.00,4,0,31.8325939297,118.714164132,23.4429,0.0,0.0,0.0,0.0,0.0,0.0,0.0,0.0,0.0,0
1703738793138631718,329,1703738793137797117,044633.10,4,0,31.8325939262,118.714164096,23.4419,0.0,0.0,0.0,0.0,0.0,0.0,0.0,0.0,0.0,0
1703738793245073198,330,1703738793244294881,044633.20,4,0,31.832593931,118.71416412,23.4456,0.0,0.0,0.0,0.0,0.0,0.0,0.0,0.0,0.0,0
1703738793339670611,331,1703738793339143991,044633.30,4,0,31.8325939412,118.714164131,23.4399,0.0,0.0,0.0,0.0,0.0,0.0,0.0,0.0,0.0,0
1703738793443903526,332,1703738793442819118,044633.40,4,0,31.8325939507,118.71416414,23.4375,0.0,0.0,0.0,0.0,0.0,0.0,0.0,0.0,0.0,0
1703738793540370302,333,1703738793539733886,044633.50,4,0,31.8325939202,118.714164146,23.4417,0.0,0.0,0.0,0.0,0.0,0.0,0.0,0.0,0.0,0
1703738793644576038,334,1703738793643671035,044633.60,4,0,31.832593933,118.714164132,23.4412,0.0,0.0,0.0,0.0,0.0,0.0,0.0,0.0,0.0,0
1703738793739172541,335,1703738793738639116,044633.70,4,0,31.8325939335,118.714164135,23.4451,0.0,0.0,0.0,0.0,0.0,0.0,0.0,0.0,0.0,0
1703738793844644550,336,1703738793844012022,044633.80,4,0,31.8325939258,118.714164152,23.438,0.0,0.0,0.0,0.0,0.0,0.0,0.0,0.0,0.0,0
1703738794033124268,337,1703738794032315015,044633.90,4,0,31.8325939105,118.714164158,23.439,0.0,0.0,0.0,0.0,0.0,0.0,0.0,0.0,0.0,0
1703738794038598151,338,1703738794038219928,044634.00,4,0,31.8325939183,118.714164153,23.4462,0.0,0.0,0.0,0.0,0.0,0.0,0.0,0.0,0.0,0
1703738794146690654,339,1703738794144764900,044634.10,4,0,31.83259393,118.714164121,23.4431,0.0,0.0,0.0,0.0,0.0,0.0,0.0,0.0,0.0,0
1703738794240356464,340,1703738794239893913,044634.20,4,0,31.8325939238,118.714164122,23.4443,0.0,0.0,0.0,0.0,0.0,0.0,0.0,0.0,0.0,0
1703738794343319442,341,1703738794342890977,044634.30,4,0,31.8325939067,118.714164089,23.4484,0.0,0.0,0.0,0.0,0.0,0.0,0.0,0.0,0.0,0
1703738794439941854,342,1703738794439475059,044634.40,4,0,31.832593906,118.714164091,23.4532,0.0,0.0,0.0,0.0,0.0,0.0,0.0,0.0,0.0,0
1703738794538517173,343,1703738794537765026,044634.50,4,0,31.8325939043,118.71416411,23.4505,0.0,0.0,0.0,0.0,0.0,0.0,0.0,0.0,0.0,0
1703738794647911121,344,1703738794645064115,044634.60,4,0,31.832593916,118.7141641,23.4474,0.0,0.0,0.0,0.0,0.0,0.0,0.0,0.0,0.0,0
1703738794739663922,345,1703738794739258050,044634.70,4,0,31.8325939192,118.714164122,23.4403,0.0,0.0,0.0,0.0,0.0,0.0,0.0,0.0,0.0,0
1703738794839842223,346,1703738794837770938,044634.80,4,0,31.8325939257,118.714164153,23.439,0.0,0.0,0.0,0.0,0.0,0.0,0.0,0.0,0.0,0
1703738794944352796,347,1703738794943873882,044634.90,4,0,31.8325939267,118.714164143,23.4355,0.0,0.0,0.0,0.0,0.0,0.0,0.0,0.0,0.0,0
1703738795128785930,348,1703738795128287076,044635.00,4,0,31.8325939293,118.71416413,23.4422,0.0,0.0,0.0,0.0,0.0,0.0,0.0,0.0,0.0,0
1703738795145934819,349,1703738795143973112,044635.10,4,0,31.8325939103,118.714164109,23.44,0.0,0.0,0.0,0.0,0.0,0.0,0.0,0.0,0.0,0
1703738795240313877,350,1703738795239829063,044635.20,4,0,31.8325939065,118.714164108,23.4428,0.0,0.0,0.0,0.0,0.0,0.0,0.0,0.0,0.0,0
1703738795344669989,351,1703738795343939065,044635.30,4,0,31.8325939178,118.714164138,23.4387,0.0,0.0,0.0,0.0,0.0,0.0,0.0,0.0,0.0,0
1703738795439523217,352,1703738795439186096,044635.40,4,0,31.8325939057,118.714164128,23.4477,0.0,0.0,0.0,0.0,0.0,0.0,0.0,0.0,0.0,0
1703738795546186661,353,1703738795543836116,044635.50,4,0,31.8325939143,118.714164126,23.4418,0.0,0.0,0.0,0.0,0.0,0.0,0.0,0.0,0.0,0
1703738795640956643,354,1703738795639808893,044635.60,4,0,31.8325939238,118.714164134,23.4312,0.0,0.0,0.0,0.0,0.0,0.0,0.0,0.0,0.0,0
1703738795744608992,355,1703738795744040966,044635.70,4,0,31.8325939282,118.71416415,23.4346,0.0,0.0,0.0,0.0,0.0,0.0,0.0,0.0,0.0,0
1703738795840835434,356,1703738795840167999,044635.80,4,0,31.8325939148,118.714164149,23.434,0.0,0.0,0.0,0.0,0.0,0.0,0.0,0.0,0.0,0
1703738795944546075,357,1703738795943396091,044635.90,4,0,31.8325939138,118.714164131,23.4342,0.0,0.0,0.0,0.0,0.0,0.0,0.0,0.0,0.0,0
1703738796040898021,358,1703738796039729118,044636.00,4,0,31.8325939283,118.714164146,23.4312,0.0,0.0,0.0,0.0,0.0,0.0,0.0,0.0,0.0,0
1703738796222429656,359,1703738796220901966,044636.10,4,0,31.8325939192,118.714164124,23.4363,0.0,0.0,0.0,0.0,0.0,0.0,0.0,0.0,0.0,0
1703738796244102295,360,1703738796239098072,044636.20,4,0,31.8325939223,118.714164152,23.4373,0.0,0.0,0.0,0.0,0.0,0.0,0.0,0.0,0.0,0
1703738796343479777,361,1703738796342915058,044636.30,4,0,31.8325939325,118.714164135,23.4325,0.0,0.0,0.0,0.0,0.0,0.0,0.0,0.0,0.0,0
1703738796439178121,362,1703738796438798904,044636.40,4,0,31.8325939353,118.714164131,23.4335,0.0,0.0,0.0,0.0,0.0,0.0,0.0,0.0,0.0,0
1703738796546268095,363,1703738796543430089,044636.50,4,0,31.8325939217,118.714164138,23.4365,0.0,0.0,0.0,0.0,0.0,0.0,0.0,0.0,0.0,0
1703738796638773209,364,1703738796638361930,044636.60,4,0,31.8325939392,118.714164136,23.4341,0.0,0.0,0.0,0.0,0.0,0.0,0.0,0.0,0.0,0
1703738796744960793,365,1703738796743309974,044636.70,4,0,31.8325939323,118.714164144,23.4336,0.0,0.0,0.0,0.0,0.0,0.0,0.0,0.0,0.0,0
1703738796839754425,366,1703738796839330911,044636.80,4,0,31.8325939225,118.714164135,23.4458,0.0,0.0,0.0,0.0,0.0,0.0,0.0,0.0,0.0,0
1703738796943602274,367,1703738796943177938,044636.90,4,0,31.8325939112,118.71416414,23.4416,0.0,0.0,0.0,0.0,0.0,0.0,0.0,0.0,0.0,0
1703738797040138353,368,1703738797039331912,044637.00,4,0,31.8325939248,118.714164134,23.4437,0.0,0.0,0.0,0.0,0.0,0.0,0.0,0.0,0.0,0
1703738797143312906,369,1703738797142755031,044637.10,4,0,31.8325939087,118.71416412,23.4411,0.0,0.0,0.0,0.0,0.0,0.0,0.0,0.0,0.0,0
1703738797318647170,370,1703738797316370964,044637.20,4,0,31.8325939243,118.714164151,23.4415,0.0,0.0,0.0,0.0,0.0,0.0,0.0,0.0,0.0,0
1703738797345482608,371,1703738797342788934,044637.30,4,0,31.8325939085,118.714164136,23.4373,0.0,0.0,0.0,0.0,0.0,0.0,0.0,0.0,0.0,0
1703738797439702237,372,1703738797438950061,044637.40,4,0,31.8325939028,118.714164134,23.4473,0.0,0.0,0.0,0.0,0.0,0.0,0.0,0.0,0.0,0
1703738797543136858,373,1703738797542643070,044637.50,4,0,31.8325939143,118.714164125,23.4426,0.0,0.0,0.0,0.0,0.0,0.0,0.0,0.0,0.0,0
1703738797640477405,374,1703738797639383077,044637.60,4,0,31.8325939092,118.714164138,23.4404,0.0,0.0,0.0,0.0,0.0,0.0,0.0,0.0,0.0,0
1703738797744972555,375,1703738797744293928,044637.70,4,0,31.8325939022,118.714164152,23.438,0.0,0.0,0.0,0.0,0.0,0.0,0.0,0.0,0.0,0
1703738797840033292,376,1703738797839534997,044637.80,4,0,31.8325939108,118.714164149,23.4406,0.0,0.0,0.0,0.0,0.0,0.0,0.0,0.0,0.0,0
1703738797943977470,377,1703738797943368911,044637.90,4,0,31.8325939123,118.714164146,23.4397,0.0,0.0,0.0,0.0,0.0,0.0,0.0,0.0,0.0,0
1703738798038737891,378,1703738798038326025,044638.00,4,0,31.8325939075,118.714164142,23.4398,0.0,0.0,0.0,0.0,0.0,0.0,0.0,0.0,0.0,0
1703738798144132652,379,1703738798143577098,044638.10,4,0,31.832593901,118.714164141,23.4343,0.0,0.0,0.0,0.0,0.0,0.0,0.0,0.0,0.0,0
1703738798240271415,380,1703738798239640951,044638.20,4,0,31.8325939127,118.714164151,23.4385,0.0,0.0,0.0,0.0,0.0,0.0,0.0,0.0,0.0,0
1703738798409405219,381,1703738798408636093,044638.30,4,0,31.8325939115,118.714164156,23.4391,0.0,0.0,0.0,0.0,0.0,0.0,0.0,0.0,0.0,0
1703738798442130157,382,1703738798441565990,044638.40,4,0,31.8325939017,118.714164158,23.4386,0.0,0.0,0.0,0.0,0.0,0.0,0.0,0.0,0.0,0
1703738798538480882,383,1703738798537859916,044638.50,4,0,31.8325938992,118.71416416,23.4359,0.0,0.0,0.0,0.0,0.0,0.0,0.0,0.0,0.0,0
1703738798642506510,384,1703738798641947031,044638.60,4,0,31.8325939153,118.714164155,23.4377,0.0,0.0,0.0,0.0,0.0,0.0,0.0,0.0,0.0,0
1703738798739151492,385,1703738798738086938,044638.70,4,0,31.8325939048,118.714164148,23.4383,0.0,0.0,0.0,0.0,0.0,0.0,0.0,0.0,0.0,0
1703738798845506667,386,1703738798843599081,044638.80,4,0,31.8325939295,118.714164153,23.4368,0.0,0.0,0.0,0.0,0.0,0.0,0.0,0.0,0.0,0
1703738798940039982,387,1703738798939404964,044638.90,4,0,31.8325939168,118.714164154,23.4369,0.0,0.0,0.0,0.0,0.0,0.0,0.0,0.0,0.0,0
1703738799037896068,388,1703738799037425994,044639.00,4,0,31.83259391,118.714164148,23.4375,0.0,0.0,0.0,0.0,0.0,0.0,0.0,0.0,0.0,0
1703738799143681280,389,1703738799143205881,044639.10,4,0,31.8325939163,118.714164162,23.4372,0.0,0.0,0.0,0.0,0.0,0.0,0.0,0.0,0.0,0
1703738799240077906,390,1703738799239500999,044639.20,4,0,31.8325939143,118.714164142,23.4377,0.0,0.0,0.0,0.0,0.0,0.0,0.0,0.0,0.0,0
1703738799349090304,391,1703738799344162940,044639.30,4,0,31.8325939287,118.714164153,23.4375,0.0,0.0,0.0,0.0,0.0,0.0,0.0,0.0,0.0,0
1703738799505480898,392,1703738799504497051,044639.40,4,0,31.8325939115,118.714164149,23.4399,0.0,0.0,0.0,0.0,0.0,0.0,0.0,0.0,0.0,0
1703738799539342630,393,1703738799537600994,044639.50,4,0,31.8325938995,118.714164135,23.4391,0.0,0.0,0.0,0.0,0.0,0.0,0.0,0.0,0.0,0
1703738799643226016,394,1703738799641227960,044639.60,4,0,31.8325939075,118.714164159,23.4421,0.0,0.0,0.0,0.0,0.0,0.0,0.0,0.0,0.0,0
1703738799738137212,395,1703738799737593889,044639.70,4,0,31.8325939125,118.714164149,23.4386,0.0,0.0,0.0,0.0,0.0,0.0,0.0,0.0,0.0,0
1703738799843378809,396,1703738799842767953,044639.80,4,0,31.8325939053,118.714164145,23.4386,0.0,0.0,0.0,0.0,0.0,0.0,0.0,0.0,0.0,0
1703738799937772292,397,1703738799937482118,044639.90,4,0,31.8325939075,118.714164154,23.4437,0.0,0.0,0.0,0.0,0.0,0.0,0.0,0.0,0.0,0
1703738800041745884,398,1703738800041013956,044640.00,4,0,31.832593914,118.714164146,23.4433,0.0,0.0,0.0,0.0,0.0,0.0,0.0,0.0,0.0,0
1703738800137686062,399,1703738800137319087,044640.10,4,0,31.8325939038,118.714164144,23.4379,0.0,0.0,0.0,0.0,0.0,0.0,0.0,0.0,0.0,0
1703738800248116619,400,1703738800242815017,044640.20,4,0,31.8325939172,118.714164154,23.4424,0.0,0.0,0.0,0.0,0.0,0.0,0.0,0.0,0.0,0
1703738800342380964,401,1703738800340706110,044640.30,4,0,31.8325939313,118.714164133,23.4331,0.0,0.0,0.0,0.0,0.0,0.0,0.0,0.0,0.0,0
1703738800437244322,402,1703738800436594963,044640.40,4,0,31.8325939285,118.714164148,23.4334,0.0,0.0,0.0,0.0,0.0,0.0,0.0,0.0,0.0,0
1703738800605318689,403,1703738800604425907,044640.50,4,0,31.832593914,118.714164145,23.4347,0.0,0.0,0.0,0.0,0.0,0.0,0.0,0.0,0.0,0
1703738800638365097,404,1703738800638112068,044640.60,4,0,31.8325939165,118.714164141,23.4358,0.0,0.0,0.0,0.0,0.0,0.0,0.0,0.0,0.0,0
1703738800744107275,405,1703738800742742061,044640.70,4,0,31.8325939158,118.714164149,23.4342,0.0,0.0,0.0,0.0,0.0,0.0,0.0,0.0,0.0,0
1703738800838173372,406,1703738800837865114,044640.80,4,0,31.8325939182,118.714164153,23.4365,0.0,0.0,0.0,0.0,0.0,0.0,0.0,0.0,0.0,0
1703738800943947478,407,1703738800943535089,044640.90,4,0,31.8325939222,118.714164138,23.4354,0.0,0.0,0.0,0.0,0.0,0.0,0.0,0.0,0.0,0
1703738801039156577,408,1703738801038577079,044641.00,4,0,31.8325939148,118.714164141,23.4381,0.0,0.0,0.0,0.0,0.0,0.0,0.0,0.0,0.0,0
1703738801146035242,409,1703738801142291069,044641.10,4,0,31.8325939055,118.714164141,23.4372,0.0,0.0,0.0,0.0,0.0,0.0,0.0,0.0,0.0,0
1703738801239184788,410,1703738801238775968,044641.20,4,0,31.8325939242,118.714164136,23.4394,0.0,0.0,0.0,0.0,0.0,0.0,0.0,0.0,0.0,0
1703738801343670489,411,1703738801343184947,044641.30,4,0,31.8325939238,118.71416416,23.436,0.0,0.0,0.0,0.0,0.0,0.0,0.0,0.0,0.0,0
1703738801439749188,412,1703738801439202070,044641.40,4,0,31.8325939118,118.714164172,23.4356,0.0,0.0,0.0,0.0,0.0,0.0,0.0,0.0,0.0,0
1703738801538250045,413,1703738801537611961,044641.50,4,0,31.8325939348,118.714164161,23.439,0.0,0.0,0.0,0.0,0.0,0.0,0.0,0.0,0.0,0
1703738801697075092,414,1703738801696362972,044641.60,4,0,31.8325939305,118.71416417,23.4397,0.0,0.0,0.0,0.0,0.0,0.0,0.0,0.0,0.0,0
1703738801738654536,415,1703738801738080978,044641.70,4,0,31.832593919,118.714164177,23.4384,0.0,0.0,0.0,0.0,0.0,0.0,0.0,0.0,0.0,0
1703738801841935144,416,1703738801841519117,044641.80,4,0,31.8325939192,118.714164171,23.4376,0.0,0.0,0.0,0.0,0.0,0.0,0.0,0.0,0.0,0
1703738801939319605,417,1703738801937884092,044641.90,4,0,31.832593917,118.714164181,23.436,0.0,0.0,0.0,0.0,0.0,0.0,0.0,0.0,0.0,0
1703738802035032364,418,1703738802034691095,044642.00,4,0,31.832593919,118.71416417,23.4382,0.0,0.0,0.0,0.0,0.0,0.0,0.0,0.0,0.0,0
1703738802144455911,419,1703738802143253087,044642.10,4,0,31.8325939172,118.714164167,23.4385,0.0,0.0,0.0,0.0,0.0,0.0,0.0,0.0,0.0,0
1703738802239116733,420,1703738802238708019,044642.20,4,0,31.8325939355,118.714164173,23.4359,0.0,0.0,0.0,0.0,0.0,0.0,0.0,0.0,0.0,0
1703738802346180361,421,1703738802344540119,044642.30,4,0,31.8325939083,118.714164186,23.4408,0.0,0.0,0.0,0.0,0.0,0.0,0.0,0.0,0.0,0
1703738802441155482,422,1703738802440298080,044642.40,4,0,31.832593928,118.714164154,23.4395,0.0,0.0,0.0,0.0,0.0,0.0,0.0,0.0,0.0,0
1703738802538567161,423,1703738802537837982,044642.50,4,0,31.8325939248,118.714164176,23.4405,0.0,0.0,0.0,0.0,0.0,0.0,0.0,0.0,0.0,0
1703738802641864968,424,1703738802641206979,044642.60,4,0,31.8325939235,118.714164171,23.4431,0.0,0.0,0.0,0.0,0.0,0.0,0.0,0.0,0.0,0
1703738802790163189,425,1703738802788324117,044642.70,4,0,31.8325939135,118.714164179,23.441,0.0,0.0,0.0,0.0,0.0,0.0,0.0,0.0,0.0,0
1703738802842792587,426,1703738802841232061,044642.80,4,0,31.8325939113,118.714164158,23.447,0.0,0.0,0.0,0.0,0.0,0.0,0.0,0.0,0.0,0
1703738802939971901,427,1703738802938283920,044642.90,4,0,31.832593903,118.714164166,23.4473,0.0,0.0,0.0,0.0,0.0,0.0,0.0,0.0,0.0,0
1703738803042853482,428,1703738803041065931,044643.00,4,0,31.8325939112,118.714164174,23.4451,0.0,0.0,0.0,0.0,0.0,0.0,0.0,0.0,0.0,0
1703738803138758006,429,1703738803138227939,044643.10,4,0,31.8325939235,118.714164168,23.4409,0.0,0.0,0.0,0.0,0.0,0.0,0.0,0.0,0.0,0
1703738803245798604,430,1703738803242729902,044643.20,4,0,31.8325939113,118.714164179,23.4415,0.0,0.0,0.0,0.0,0.0,0.0,0.0,0.0,0.0,0
1703738803340256842,431,1703738803339481115,044643.30,4,0,31.8325938963,118.714164174,23.4412,0.0,0.0,0.0,0.0,0.0,0.0,0.0,0.0,0.0,0
1703738803436010767,432,1703738803435600042,044643.40,4,0,31.8325939045,118.714164161,23.4396,0.0,0.0,0.0,0.0,0.0,0.0,0.0,0.0,0.0,0
1703738803543470432,433,1703738803542797088,044643.50,4,0,31.8325939147,118.714164135,23.4445,0.0,0.0,0.0,0.0,0.0,0.0,0.0,0.0,0.0,0
1703738803639147871,434,1703738803638231992,044643.60,4,0,31.8325939168,118.714164187,23.4366,0.0,0.0,0.0,0.0,0.0,0.0,0.0,0.0,0.0,0
1703738803744476290,435,1703738803741626024,044643.70,4,0,31.8325939258,118.714164175,23.4409,0.0,0.0,0.0,0.0,0.0,0.0,0.0,0.0,0.0,0
1703738803881513804,436,1703738803880426883,044643.80,4,0,31.8325939215,118.714164178,23.4401,0.0,0.0,0.0,0.0,0.0,0.0,0.0,0.0,0.0,0
1703738803945888969,437,1703738803943275928,044643.90,4,0,31.8325939218,118.714164175,23.4407,0.0,0.0,0.0,0.0,0.0,0.0,0.0,0.0,0.0,0
1703738804040221637,438,1703738804038613080,044644.00,4,0,31.83259391,118.714164159,23.4408,0.0,0.0,0.0,0.0,0.0,0.0,0.0,0.0,0.0,0
1703738804143560909,439,1703738804143002986,044644.10,4,0,31.8325939165,118.714164176,23.4425,0.0,0.0,0.0,0.0,0.0,0.0,0.0,0.0,0.0,0
1703738804241775266,440,1703738804239929914,044644.20,4,0,31.8325939142,118.714164165,23.4378,0.0,0.0,0.0,0.0,0.0,0.0,0.0,0.0,0.0,0
1703738804345747847,441,1703738804344264030,044644.30,4,0,31.8325939307,118.71416418,23.4416,0.0,0.0,0.0,0.0,0.0,0.0,0.0,0.0,0.0,0
1703738804439090513,442,1703738804438700914,044644.40,4,0,31.8325939248,118.714164189,23.4453,0.0,0.0,0.0,0.0,0.0,0.0,0.0,0.0,0.0,0
1703738804536754477,443,1703738804536376953,044644.50,4,0,31.8325939468,118.714164175,23.4431,0.0,0.0,0.0,0.0,0.0,0.0,0.0,0.0,0.0,0
1703738804644315566,444,1703738804642580986,044644.60,4,0,31.832593924,118.714164168,23.4447,0.0,0.0,0.0,0.0,0.0,0.0,0.0,0.0,0.0,0
1703738804738783242,445,1703738804738168001,044644.70,4,0,31.8325939308,118.714164181,23.4484,0.0,0.0,0.0,0.0,0.0,0.0,0.0,0.0,0.0,0
1703738804842356578,446,1703738804841739892,044644.80,4,0,31.8325939297,118.714164187,23.4416,0.0,0.0,0.0,0.0,0.0,0.0,0.0,0.0,0.0,0
1703738804974774349,447,1703738804972388982,044644.90,4,0,31.8325939363,118.714164195,23.445,0.0,0.0,0.0,0.0,0.0,0.0,0.0,0.0,0.0,0
1703738805043010817,448,1703738805042274951,044645.00,4,0,31.8325939312,118.714164197,23.445,0.0,0.0,0.0,0.0,0.0,0.0,0.0,0.0,0.0,0
1703738805139246159,449,1703738805138566970,044645.10,4,0,31.8325939488,118.714164213,23.4521,0.0,0.0,0.0,0.0,0.0,0.0,0.0,0.0,0.0,0
1703738805244186465,450,1703738805243089914,044645.20,4,0,31.8325939473,118.71416422,23.4753,0.0,0.0,0.0,0.0,0.0,0.0,0.0,0.0,0.0,0
1703738805341728947,451,1703738805339849948,044645.30,4,0,31.8325938898,118.714164188,23.5279,0.0,0.0,0.0,0.0,0.0,0.0,0.0,0.0,0.0,0
1703738805437482679,452,1703738805436759948,044645.40,4,0,31.8325938583,118.714164113,23.5873,0.0,0.0,0.0,0.0,0.0,0.0,0.0,0.0,0.0,0
1703738805545493086,453,1703738805543175935,044645.50,4,0,31.8325938068,118.714164097,23.6467,0.0,0.0,0.0,0.0,0.0,0.0,0.0,0.0,0.0,0
1703738805637857571,454,1703738805637335062,044645.60,4,0,31.8325937745,118.714164058,23.7191,0.0,0.0,0.0,0.0,0.0,0.0,0.0,0.0,0.0,0
1703738805743454969,455,1703738805742625951,044645.70,4,0,31.8325936628,118.714163998,23.7804,0.0,0.0,0.0,0.0,0.0,0.0,0.0,0.0,0.0,0
1703738805839178995,456,1703738805838536024,044645.80,4,0,31.8325936218,118.714163962,23.8485,0.0,0.0,0.0,0.0,0.0,0.0,0.0,0.0,0.0,0
1703738805943181502,457,1703738805942567110,044645.90,4,0,31.8325935128,118.714163954,23.9194,0.0,0.0,0.0,0.0,0.0,0.0,0.0,0.0,0.0,0
1703738806068988922,458,1703738806068286895,044646.00,4,0,31.8325934187,118.714163893,23.9823,0.0,0.0,0.0,0.0,0.0,0.0,0.0,0.0,0.0,0
1703738806143461800,459,1703738806143033027,044646.10,4,0,31.8325932883,118.714163833,24.0473,0.0,0.0,0.0,0.0,0.0,0.0,0.0,0.0,0.0,0
1703738806240409361,460,1703738806239214897,044646.20,4,0,31.8325931258,118.71416383,24.1036,0.0,0.0,0.0,0.0,0.0,0.0,0.0,0.0,0.0,0
1703738806347959753,461,1703738806344657897,044646.30,4,0,31.8325929695,118.714163812,24.1604,0.0,0.0,0.0,0.0,0.0,0.0,0.0,0.0,0.0,0
1703738806444289472,462,1703738806442241907,044646.40,4,0,31.8325928397,118.71416378,24.219,0.0,0.0,0.0,0.0,0.0,0.0,0.0,0.0,0.0,0
1703738806537766999,463,1703738806537456035,044646.50,4,0,31.8325927277,118.714163764,24.2655,0.0,0.0,0.0,0.0,0.0,0.0,0.0,0.0,0.0,0
1703738806642938495,464,1703738806642462015,044646.60,4,0,31.832592607,118.714163755,24.3083,0.0,0.0,0.0,0.0,0.0,0.0,0.0,0.0,0.0,0
1703738806739540745,465,1703738806738848924,044646.70,4,0,31.8325924907,118.714163724,24.357,0.0,0.0,0.0,0.0,0.0,0.0,0.0,0.0,0.0,0
1703738806836113395,466,1703738806835632085,044646.80,4,0,31.8325923608,118.714163724,24.3908,0.0,0.0,0.0,0.0,0.0,0.0,0.0,0.0,0.0,0
1703738806944317960,467,1703738806942600011,044646.90,4,0,31.8325922013,118.714163658,24.4352,0.0,0.0,0.0,0.0,0.0,0.0,0.0,0.0,0.0,0
1703738807038721891,468,1703738807038156986,044647.00,4,0,31.8325920968,118.714163632,24.4575,0.0,0.0,0.0,0.0,0.0,0.0,0.0,0.0,0.0,0
1703738807160944050,469,1703738807160350084,044647.10,4,0,31.832591959,118.714163554,24.4851,0.0,0.0,0.0,0.0,0.0,0.0,0.0,0.0,0.0,0
1703738807240676789,470,1703738807240062952,044647.20,4,0,31.8325918437,118.714163505,24.5097,0.0,0.0,0.0,0.0,0.0,0.0,0.0,0.0,0.0,0
1703738807345309547,471,1703738807344758987,044647.30,4,0,31.8325917203,118.714163433,24.5453,0.0,0.0,0.0,0.0,0.0,0.0,0.0,0.0,0.0,0
1703738807442967908,472,1703738807441286087,044647.40,4,0,31.8325915917,118.714163378,24.5844,0.0,0.0,0.0,0.0,0.0,0.0,0.0,0.0,0.0,0
1703738807538526366,473,1703738807537754058,044647.50,4,0,31.832591509,118.714163358,24.6323,0.0,0.0,0.0,0.0,0.0,0.0,0.0,0.0,0.0,0
1703738807643637167,474,1703738807642321109,044647.60,4,0,31.8325914128,118.714163306,24.7055,0.0,0.0,0.0,0.0,0.0,0.0,0.0,0.0,0.0,0
1703738807739225527,475,1703738807738626003,044647.70,4,0,31.8325913643,118.714163258,24.8036,0.0,0.0,0.0,0.0,0.0,0.0,0.0,0.0,0.0,0
1703738807842016596,476,1703738807841558933,044647.80,4,0,31.832591271,118.714163244,24.923,0.0,0.0,0.0,0.0,0.0,0.0,0.0,0.0,0.0,0
1703738807938498333,477,1703738807937850952,044647.90,4,0,31.8325912157,118.714163217,25.0669,0.0,0.0,0.0,0.0,0.0,0.0,0.0,0.0,0.0,0
1703738808042066691,478,1703738808041279077,044648.00,4,0,31.832591152,118.714163177,25.2468,0.0,0.0,0.0,0.0,0.0,0.0,0.0,0.0,0.0,0
1703738808138666026,479,1703738808138151884,044648.10,4,0,31.8325910958,118.714163138,25.4525,0.0,0.0,0.0,0.0,0.0,0.0,0.0,0.0,0.0,0
1703738808256721810,480,1703738808256290912,044648.20,4,0,31.8325910163,118.714163089,25.6957,0.0,0.0,0.0,0.0,0.0,0.0,0.0,0.0,0.0,0
1703738808339417748,481,1703738808338942050,044648.30,4,0,31.8325909713,118.714163024,25.9614,0.0,0.0,0.0,0.0,0.0,0.0,0.0,0.0,0.0,0
1703738808438078265,482,1703738808437102079,044648.40,4,0,31.8325909008,118.714163,26.2598,0.0,0.0,0.0,0.0,0.0,0.0,0.0,0.0,0.0,0
1703738808544386921,483,1703738808542853116,044648.50,4,0,31.8325908352,118.714162972,26.5627,0.0,0.0,0.0,0.0,0.0,0.0,0.0,0.0,0.0,0
1703738808638589866,484,1703738808638178110,044648.60,4,0,31.8325908033,118.71416295,26.8766,0.0,0.0,0.0,0.0,0.0,0.0,0.0,0.0,0.0,0
1703738808744211117,485,1703738808743330955,044648.70,4,0,31.8325907653,118.714162912,27.1895,0.0,0.0,0.0,0.0,0.0,0.0,0.0,0.0,0.0,0
1703738808838596362,486,1703738808838259935,044648.80,4,0,31.8325907022,118.714162917,27.5155,0.0,0.0,0.0,0.0,0.0,0.0,0.0,0.0,0.0,0
1703738808942589920,487,1703738808941817045,044648.90,4,0,31.832590654,118.714162876,27.8377,0.0,0.0,0.0,0.0,0.0,0.0,0.0,0.0,0.0,0
1703738809041338614,488,1703738809038516998,044649.00,4,0,31.8325906142,118.714162879,28.1657,0.0,0.0,0.0,0.0,0.0,0.0,0.0,0.0,0.0,0
1703738809143610956,489,1703738809143183946,044649.10,4,0,31.832590553,118.714162862,28.4927,0.0,0.0,0.0,0.0,0.0,0.0,0.0,0.0,0.0,0
1703738809240204901,490,1703738809238946914,044649.20,4,0,31.8325904517,118.714162805,28.823,0.0,0.0,0.0,0.0,0.0,0.0,0.0,0.0,0.0,0
1703738809343058135,491,1703738809342552900,044649.30,4,0,31.8325903397,118.714162761,29.1439,0.0,0.0,0.0,0.0,0.0,0.0,0.0,0.0,0.0,0
1703738809439798518,492,1703738809438642978,044649.40,4,0,31.8325902438,118.714162721,29.466,0.0,0.0,0.0,0.0,0.0,0.0,0.0,0.0,0.0,0
1703738809543251738,493,1703738809542210102,044649.50,4,0,31.8325901247,118.714162677,29.7854,0.0,0.0,0.0,0.0,0.0,0.0,0.0,0.0,0.0,0
1703738809641086301,494,1703738809639305114,044649.60,4,0,31.8325900005,118.714162634,30.1021,0.0,0.0,0.0,0.0,0.0,0.0,0.0,0.0,0.0,0
1703738809743751544,495,1703738809742839097,044649.70,4,0,31.8325898727,118.71416258,30.4167,0.0,0.0,0.0,0.0,0.0,0.0,0.0,0.0,0.0,0
1703738809840313873,496,1703738809839098930,044649.80,4,0,31.8325897542,118.714162538,30.7295,0.0,0.0,0.0,0.0,0.0,0.0,0.0,0.0,0.0,0
1703738809944587062,497,1703738809942723035,044649.90,4,0,31.8325896277,118.714162515,31.041,0.0,0.0,0.0,0.0,0.0,0.0,0.0,0.0,0.0,0
1703738810039113850,498,1703738810038705110,044650.00,4,0,31.8325895062,118.714162477,31.3566,0.0,0.0,0.0,0.0,0.0,0.0,0.0,0.0,0.0,0
1703738810143515465,499,1703738810142559051,044650.10,4,0,31.8325893957,118.714162452,31.6682,0.0,0.0,0.0,0.0,0.0,0.0,0.0,0.0,0.0,0
1703738810240040096,500,1703738810239116907,044650.20,4,0,31.8325892922,118.714162442,31.9706,0.0,0.0,0.0,0.0,0.0,0.0,0.0,0.0,0.0,0
1703738810428863694,501,1703738810428261995,044650.30,4,0,31.8325891945,118.714162454,32.2856,0.0,0.0,0.0,0.0,0.0,0.0,0.0,0.0,0.0,0
1703738810441581769,502,1703738810439189910,044650.40,4,0,31.83258913,118.71416247,32.595,0.0,0.0,0.0,0.0,0.0,0.0,0.0,0.0,0.0,0
1703738810536697916,503,1703738810536351919,044650.50,4,0,31.8325890285,118.714162494,32.9006,0.0,0.0,0.0,0.0,0.0,0.0,0.0,0.0,0.0,0
1703738810641219190,504,1703738810640676975,044650.60,4,0,31.8325890002,118.714162515,33.2061,0.0,0.0,0.0,0.0,0.0,0.0,0.0,0.0,0.0,0
1703738810737938886,505,1703738810737271070,044650.70,4,0,31.8325889458,118.714162545,33.5217,0.0,0.0,0.0,0.0,0.0,0.0,0.0,0.0,0.0,0
1703738810844657634,506,1703738810842905044,044650.80,4,0,31.8325889022,118.714162567,33.8251,0.0,0.0,0.0,0.0,0.0,0.0,0.0,0.0,0.0,0
1703738810940485747,507,1703738810939646005,044650.90,4,0,31.832588898,118.714162538,34.1246,0.0,0.0,0.0,0.0,0.0,0.0,0.0,0.0,0.0,0
1703738811036819060,508,1703738811036287069,044651.00,4,0,31.8325889313,118.714162572,34.4236,0.0,0.0,0.0,0.0,0.0,0.0,0.0,0.0,0.0,0
1703738811142881286,509,1703738811142201900,044651.10,4,0,31.8325889345,118.714162578,34.7263,0.0,0.0,0.0,0.0,0.0,0.0,0.0,0.0,0.0,0
1703738811239919532,510,1703738811238801002,044651.20,4,0,31.8325889928,118.714162561,35.0304,0.0,0.0,0.0,0.0,0.0,0.0,0.0,0.0,0.0,0
1703738811342211534,511,1703738811341785907,044651.30,4,0,31.8325890188,118.71416255,35.3343,0.0,0.0,0.0,0.0,0.0,0.0,0.0,0.0,0.0,0
1703738811521523487,512,1703738811521100044,044651.40,4,0,31.8325890408,118.714162526,35.6398,0.0,0.0,0.0,0.0,0.0,0.0,0.0,0.0,0.0,0
1703738811543523687,513,1703738811542133092,044651.50,4,0,31.8325891047,118.714162487,35.9487,0.0,0.0,0.0,0.0,0.0,0.0,0.0,0.0,0.0,0
1703738811639595042,514,1703738811638994932,044651.60,4,0,31.8325891445,118.714162477,36.2433,0.0,0.0,0.0,0.0,0.0,0.0,0.0,0.0,0.0,0
1703738811743004259,515,1703738811742521047,044651.70,4,0,31.8325891937,118.714162452,36.5548,0.0,0.0,0.0,0.0,0.0,0.0,0.0,0.0,0.0,0
1703738811839475033,516,1703738811838860034,044651.80,4,0,31.832589276,118.714162396,36.8513,0.0,0.0,0.0,0.0,0.0,0.0,0.0,0.0,0.0,0
1703738811945367664,517,1703738811942887067,044651.90,4,0,31.8325893137,118.714162351,37.162,0.0,0.0,0.0,0.0,0.0,0.0,0.0,0.0,0.0,0
1703738812039432801,518,1703738812038835048,044652.00,4,0,31.8325893927,118.714162321,37.4597,0.0,0.0,0.0,0.0,0.0,0.0,0.0,0.0,0.0,0
1703738812137289237,519,1703738812136609077,044652.10,4,0,31.832589475,118.71416231,37.7662,0.0,0.0,0.0,0.0,0.0,0.0,0.0,0.0,0.0,0
1703738812245157107,520,1703738812243928909,044652.20,4,0,31.8325895178,118.714162276,38.0754,0.0,0.0,0.0,0.0,0.0,0.0,0.0,0.0,0.0,0
1703738812342320462,521,1703738812339920043,044652.30,4,0,31.8325896093,118.714162257,38.3722,0.0,0.0,0.0,0.0,0.0,0.0,0.0,0.0,0.0,0
1703738812436974926,522,1703738812436589002,044652.40,4,0,31.8325897,118.714162239,38.6805,0.0,0.0,0.0,0.0,0.0,0.0,0.0,0.0,0.0,0
1703738812614208679,523,1703738812612287044,044652.50,4,0,31.8325897705,118.714162206,38.9805,0.0,0.0,0.0,0.0,0.0,0.0,0.0,0.0,0.0,0
1703738812640016564,524,1703738812639398097,044652.60,4,0,31.8325898608,118.714162201,39.2875,0.0,0.0,0.0,0.0,0.0,0.0,0.0,0.0,0.0,0
1703738812743463289,525,1703738812741913080,044652.70,4,0,31.832589912,118.714162208,39.5936,0.0,0.0,0.0,0.0,0.0,0.0,0.0,0.0,0.0,0
1703738812838948531,526,1703738812838294982,044652.80,4,0,31.8325900645,118.714162231,39.8852,0.0,0.0,0.0,0.0,0.0,0.0,0.0,0.0,0.0,0
1703738812945296756,527,1703738812941849946,044652.90,4,0,31.8325901618,118.71416223,40.1909,0.0,0.0,0.0,0.0,0.0,0.0,0.0,0.0,0.0,0
1703738813037800744,528,1703738813037475109,044653.00,4,0,31.8325902477,118.714162271,40.4957,0.0,0.0,0.0,0.0,0.0,0.0,0.0,0.0,0.0,0
1703738813142252998,529,1703738813141614913,044653.10,4,0,31.8325903315,118.714162263,40.8002,0.0,0.0,0.0,0.0,0.0,0.0,0.0,0.0,0.0,0
1703738813240293413,530,1703738813238564014,044653.20,4,0,31.832590415,118.714162287,41.1019,0.0,0.0,0.0,0.0,0.0,0.0,0.0,0.0,0.0,0
1703738813342103444,531,1703738813341669082,044653.30,4,0,31.8325905067,118.714162293,41.4064,0.0,0.0,0.0,0.0,0.0,0.0,0.0,0.0,0.0,0
1703738813438485763,532,1703738813437983989,044653.40,4,0,31.8325905873,118.714162313,41.709,0.0,0.0,0.0,0.0,0.0,0.0,0.0,0.0,0.0,0
1703738813543368566,533,1703738813542336940,044653.50,4,0,31.832590634,118.714162337,42.0147,0.0,0.0,0.0,0.0,0.0,0.0,0.0,0.0,0.0,0
1703738813705337974,534,1703738813704392910,044653.60,4,0,31.8325907005,118.714162337,42.3127,0.0,0.0,0.0,0.0,0.0,0.0,0.0,0.0,0.0,0
1703738813742373394,535,1703738813741102933,044653.70,4,0,31.8325907673,118.714162355,42.6137,0.0,0.0,0.0,0.0,0.0,0.0,0.0,0.0,0.0,0
1703738813838656381,536,1703738813838114976,044653.80,4,0,31.8325908077,118.714162354,42.9136,0.0,0.0,0.0,0.0,0.0,0.0,0.0,0.0,0.0,0
1703738813942760382,537,1703738813942230939,044653.90,4,0,31.8325908705,118.714162368,43.213,0.0,0.0,0.0,0.0,0.0,0.0,0.0,0.0,0.0,0
1703738814039016458,538,1703738814038360118,044654.00,4,0,31.832590921,118.714162365,43.5206,0.0,0.0,0.0,0.0,0.0,0.0,0.0,0.0,0.0,0
1703738814145806777,539,1703738814143330097,044654.10,4,0,31.832590992,118.714162378,43.8143,0.0,0.0,0.0,0.0,0.0,0.0,0.0,0.0,0.0,0
1703738814239595841,540,1703738814238821983,044654.20,4,0,31.8325910415,118.7141624,44.1194,0.0,0.0,0.0,0.0,0.0,0.0,0.0,0.0,0.0,0
1703738814342527581,541,1703738814342005014,044654.30,4,0,31.8325910785,118.714162428,44.4179,0.0,0.0,0.0,0.0,0.0,0.0,0.0,0.0,0.0,0
1703738814439132769,542,1703738814438549995,044654.40,4,0,31.8325911188,118.714162418,44.7211,0.0,0.0,0.0,0.0,0.0,0.0,0.0,0.0,0.0,0
1703738814544672710,543,1703738814542463064,044654.50,4,0,31.832591181,118.714162414,45.0227,0.0,0.0,0.0,0.0,0.0,0.0,0.0,0.0,0.0,0
1703738814637817050,544,1703738814637392044,044654.60,4,0,31.8325912002,118.714162448,45.3249,0.0,0.0,0.0,0.0,0.0,0.0,0.0,0.0,0.0,0
1703738814804993700,545,1703738814804388046,044654.70,4,0,31.832591245,118.714162481,45.6155,0.0,0.0,0.0,0.0,0.0,0.0,0.0,0.0,0.0,0
1703738814841478598,546,1703738814840903043,044654.80,4,0,31.8325912482,118.714162501,45.9223,0.0,0.0,0.0,0.0,0.0,0.0,0.0,0.0,0.0,0
1703738814938403406,547,1703738814937767982,044654.90,4,0,31.8325913033,118.714162531,46.2241,0.0,0.0,0.0,0.0,0.0,0.0,0.0,0.0,0.0,0
1703738815042824860,548,1703738815042112112,044655.00,4,0,31.8325913265,118.714162556,46.5232,0.0,0.0,0.0,0.0,0.0,0.0,0.0,0.0,0.0,0
1703738815138659355,549,1703738815138151884,044655.10,4,0,31.832591313,118.714162588,46.8292,0.0,0.0,0.0,0.0,0.0,0.0,0.0,0.0,0.0,0
1703738815243835880,550,1703738815242316961,044655.20,4,0,31.832591337,118.714162609,47.1307,0.0,0.0,0.0,0.0,0.0,0.0,0.0,0.0,0.0,0
1703738815339196389,551,1703738815338540077,044655.30,4,0,31.8325913448,118.714162674,47.4281,0.0,0.0,0.0,0.0,0.0,0.0,0.0,0.0,0.0,0
1703738815436751530,552,1703738815435482025,044655.40,4,0,31.8325913625,118.714162699,47.728,0.0,0.0,0.0,0.0,0.0,0.0,0.0,0.0,0.0,0
1703738815542840072,553,1703738815541158914,044655.50,4,0,31.8325913862,118.714162736,48.0356,0.0,0.0,0.0,0.0,0.0,0.0,0.0,0.0,0.0,0
1703738815638613986,554,1703738815637449979,044655.60,4,0,31.8325913613,118.714162768,48.3364,0.0,0.0,0.0,0.0,0.0,0.0,0.0,0.0,0.0,0
1703738815742942001,555,1703738815742270946,044655.70,4,0,31.8325913818,118.714162802,48.6322,0.0,0.0,0.0,0.0,0.0,0.0,0.0,0.0,0.0,0
1703738815900894325,556,1703738815900381088,044655.80,4,0,31.8325913583,118.714162845,48.9407,0.0,0.0,0.0,0.0,0.0,0.0,0.0,0.0,0.0,0
1703738815946242355,557,1703738815943552970,044655.90,4,0,31.8325913322,118.714162936,49.2369,0.0,0.0,0.0,0.0,0.0,0.0,0.0,0.0,0.0,0
1703738816038100606,558,1703738816037729024,044656.00,4,0,31.8325913473,118.714163018,49.5386,0.0,0.0,0.0,0.0,0.0,0.0,0.0,0.0,0.0,0
1703738816143813426,559,1703738816141947031,044656.10,4,0,31.8325913057,118.714163089,49.8442,0.0,0.0,0.0,0.0,0.0,0.0,0.0,0.0,0.0,0
1703738816238415846,560,1703738816237947940,044656.20,4,0,31.8325912662,118.714163144,50.1513,0.0,0.0,0.0,0.0,0.0,0.0,0.0,0.0,0.0,0
1703738816343062480,561,1703738816341722011,044656.30,4,0,31.8325911992,118.714163208,50.4594,0.0,0.0,0.0,0.0,0.0,0.0,0.0,0.0,0.0,0
1703738816438099922,562,1703738816437813043,044656.40,4,0,31.832591149,118.714163269,50.7564,0.0,0.0,0.0,0.0,0.0,0.0,0.0,0.0,0.0,0
1703738816537247571,563,1703738816536664962,044656.50,4,0,31.8325910827,118.714163314,51.0589,0.0,0.0,0.0,0.0,0.0,0.0,0.0,0.0,0.0,0
1703738816642647962,564,1703738816642013072,044656.60,4,0,31.8325910463,118.714163405,51.3515,0.0,0.0,0.0,0.0,0.0,0.0,0.0,0.0,0.0,0
1703738816744421746,565,1703738816743340015,044656.70,4,0,31.8325909915,118.714163451,51.6428,0.0,0.0,0.0,0.0,0.0,0.0,0.0,0.0,0.0,0
1703738816840025641,566,1703738816839415073,044656.80,4,0,31.832590927,118.714163509,51.943,0.0,0.0,0.0,0.0,0.0,0.0,0.0,0.0,0.0,0
1703738816992785674,567,1703738816992295980,044656.90,4,0,31.832590882,118.714163526,52.2525,0.0,0.0,0.0,0.0,0.0,0.0,0.0,0.0,0.0,0
1703738817040674388,568,1703738817039589881,044657.00,4,0,31.8325908293,118.714163583,52.5467,0.0,0.0,0.0,0.0,0.0,0.0,0.0,0.0,0.0,0
1703738817137265547,569,1703738817136720895,044657.10,4,0,31.8325907933,118.714163614,52.8449,0.0,0.0,0.0,0.0,0.0,0.0,0.0,0.0,0.0,0
1703738817242477339,570,1703738817241888046,044657.20,4,0,31.8325907515,118.714163629,53.142,0.0,0.0,0.0,0.0,0.0,0.0,0.0,0.0,0.0,0
1703738817338839351,571,1703738817338241100,044657.30,4,0,31.8325907168,118.714163668,53.4446,0.0,0.0,0.0,0.0,0.0,0.0,0.0,0.0,0.0,0
1703738817437098453,572,1703738817436443090,044657.40,4,0,31.8325906765,118.714163704,53.7453,0.0,0.0,0.0,0.0,0.0,0.0,0.0,0.0,0.0,0
1703738817542491529,573,1703738817541790008,044657.50,4,0,31.832590691,118.71416374,54.0482,0.0,0.0,0.0,0.0,0.0,0.0,0.0,0.0,0.0,0
1703738817637712960,574,1703738817637348890,044657.60,4,0,31.8325906408,118.714163748,54.3517,0.0,0.0,0.0,0.0,0.0,0.0,0.0,0.0,0.0,0
1703738817743388185,575,1703738817741831064,044657.70,4,0,31.8325906558,118.714163771,54.6483,0.0,0.0,0.0,0.0,0.0,0.0,0.0,0.0,0.0,0
1703738817838973420,576,1703738817838160991,044657.80,4,0,31.8325906547,118.714163802,54.9527,0.0,0.0,0.0,0.0,0.0,0.0,0.0,0.0,0.0,0
1703738817944433361,577,1703738817942984104,044657.90,4,0,31.8325906538,118.714163806,55.2501,0.0,0.0,0.0,0.0,0.0,0.0,0.0,0.0,0.0,0
1703738818085333463,578,1703738818084381103,044658.00,4,0,31.8325906373,118.714163825,55.5505,0.0,0.0,0.0,0.0,0.0,0.0,0.0,0.0,0.0,0
1703738818143029134,579,1703738818142590999,044658.10,4,0,31.8325906168,118.714163836,55.8588,0.0,0.0,0.0,0.0,0.0,0.0,0.0,0.0,0.0,0
1703738818241455671,580,1703738818239337921,044658.20,4,0,31.8325906117,118.714163831,56.147,0.0,0.0,0.0,0.0,0.0,0.0,0.0,0.0,0.0,0
1703738818336379448,581,1703738818335851907,044658.30,4,0,31.8325906063,118.714163847,56.451,0.0,0.0,0.0,0.0,0.0,0.0,0.0,0.0,0.0,0
1703738818441934181,582,1703738818441446065,044658.40,4,0,31.832590609,118.714163858,56.7553,0.0,0.0,0.0,0.0,0.0,0.0,0.0,0.0,0.0,0
1703738818537989937,583,1703738818537612915,044658.50,4,0,31.8325906265,118.714163864,57.0555,0.0,0.0,0.0,0.0,0.0,0.0,0.0,0.0,0.0,0
1703738818642672956,584,1703738818642221927,044658.60,4,0,31.8325906623,118.714163859,57.3531,0.0,0.0,0.0,0.0,0.0,0.0,0.0,0.0,0.0,0
1703738818738305712,585,1703738818737878084,044658.70,4,0,31.8325906988,118.714163861,57.6468,0.0,0.0,0.0,0.0,0.0,0.0,0.0,0.0,0.0,0
1703738818843161134,586,1703738818842737913,044658.80,4,0,31.832590764,118.714163817,57.9435,0.0,0.0,0.0,0.0,0.0,0.0,0.0,0.0,0.0,0
1703738818939511120,587,1703738818938641071,044658.90,4,0,31.8325908157,118.714163796,58.2431,0.0,0.0,0.0,0.0,0.0,0.0,0.0,0.0,0.0,0
1703738819036881923,588,1703738819036204099,044659.00,4,0,31.8325908592,118.714163782,58.5438,0.0,0.0,0.0,0.0,0.0,0.0,0.0,0.0,0.0,0
1703738819182247272,589,1703738819180352926,044659.10,4,0,31.8325909313,118.714163727,58.8483,0.0,0.0,0.0,0.0,0.0,0.0,0.0,0.0,0.0,0
1703738819237874628,590,1703738819237520933,044659.20,4,0,31.8325909742,118.714163691,59.1433,0.0,0.0,0.0,0.0,0.0,0.0,0.0,0.0,0.0,0
1703738819343008985,591,1703738819341412067,044659.30,4,0,31.8325910308,118.714163673,59.4509,0.0,0.0,0.0,0.0,0.0,0.0,0.0,0.0,0.0,0
1703738819437648728,592,1703738819437228918,044659.40,4,0,31.8325910563,118.714163641,59.7474,0.0,0.0,0.0,0.0,0.0,0.0,0.0,0.0,0.0,0
1703738819543604408,593,1703738819542206048,044659.50,4,0,31.8325911423,118.714163609,60.0407,0.0,0.0,0.0,0.0,0.0,0.0,0.0,0.0,0.0,0
1703738819638675680,594,1703738819638139009,044659.60,4,0,31.8325911723,118.714163574,60.3447,0.0,0.0,0.0,0.0,0.0,0.0,0.0,0.0,0.0,0
1703738819742411999,595,1703738819741923093,044659.70,4,0,31.8325911953,118.714163511,60.6443,0.0,0.0,0.0,0.0,0.0,0.0,0.0,0.0,0.0,0
1703738819838719895,596,1703738819838191986,044659.80,4,0,31.8325912333,118.714163465,60.9405,0.0,0.0,0.0,0.0,0.0,0.0,0.0,0.0,0.0,0
1703738819944116693,597,1703738819942204952,044659.90,4,0,31.8325912937,118.714163445,61.244,0.0,0.0,0.0,0.0,0.0,0.0,0.0,0.0,0.0,0
1703738820038296096,598,1703738820037954092,044700.00,4,0,31.8325913317,118.714163415,61.5423,0.0,0.0,0.0,0.0,0.0,0.0,0.0,0.0,0.0,0
1703738820143620570,599,1703738820141896963,044700.10,4,0,31.8325913982,118.71416341,61.8369,0.0,0.0,0.0,0.0,0.0,0.0,0.0,0.0,0.0,0
1703738820273160276,600,1703738820272453069,044700.20,4,0,31.832591418,118.71416336,62.1442,0.0,0.0,0.0,0.0,0.0,0.0,0.0,0.0,0.0,0
1703738820342014088,601,1703738820341577053,044700.30,4,0,31.8325914785,118.714163364,62.4432,0.0,0.0,0.0,0.0,0.0,0.0,0.0,0.0,0.0,0
1703738820438403753,602,1703738820437963008,044700.40,4,0,31.832591497,118.714163333,62.7401,0.0,0.0,0.0,0.0,0.0,0.0,0.0,0.0,0.0,0
1703738820542329433,603,1703738820541794061,044700.50,4,0,31.8325915415,118.714163349,63.0389,0.0,0.0,0.0,0.0,0.0,0.0,0.0,0.0,0.0,0
1703738820638397916,604,1703738820637677907,044700.60,4,0,31.8325915755,118.714163332,63.3414,0.0,0.0,0.0,0.0,0.0,0.0,0.0,0.0,0.0,0
1703738820744259617,605,1703738820742968082,044700.70,4,0,31.8325916103,118.714163332,63.6415,0.0,0.0,0.0,0.0,0.0,0.0,0.0,0.0,0.0,0
1703738820838725214,606,1703738820838313102,044700.80,4,0,31.832591608,118.714163332,63.9362,0.0,0.0,0.0,0.0,0.0,0.0,0.0,0.0,0.0,0
1703738820944382671,607,1703738820942754030,044700.90,4,0,31.8325916258,118.71416331,64.236,0.0,0.0,0.0,0.0,0.0,0.0,0.0,0.0,0.0,0
1703738821038996057,608,1703738821037754058,044701.00,4,0,31.8325916493,118.714163312,64.5312,0.0,0.0,0.0,0.0,0.0,0.0,0.0,0.0,0.0,0
1703738821135440024,609,1703738821134994983,044701.10,4,0,31.8325916533,118.714163322,64.8363,0.0,0.0,0.0,0.0,0.0,0.0,0.0,0.0,0.0,0
1703738821244061868,610,1703738821242372989,044701.20,4,0,31.832591691,118.714163292,65.1306,0.0,0.0,0.0,0.0,0.0,0.0,0.0,0.0,0.0,0
1703738821370324624,611,1703738821368335008,044701.30,4,0,31.8325917285,118.714163267,65.4324,0.0,0.0,0.0,0.0,0.0,0.0,0.0,0.0,0.0,0
1703738821437588943,612,1703738821435632944,044701.40,4,0,31.832591736,118.714163266,65.7265,0.0,0.0,0.0,0.0,0.0,0.0,0.0,0.0,0.0,0
1703738821542798777,613,1703738821542294025,044701.50,4,0,31.8325917557,118.714163241,66.0261,0.0,0.0,0.0,0.0,0.0,0.0,0.0,0.0,0.0,0
1703738821639341224,614,1703738821638155937,044701.60,4,0,31.8325917578,118.714163246,66.3284,0.0,0.0,0.0,0.0,0.0,0.0,0.0,0.0,0.0,0
1703738821743309370,615,1703738821742716073,044701.70,4,0,31.8325917965,118.714163229,66.6279,0.0,0.0,0.0,0.0,0.0,0.0,0.0,0.0,0.0,0
1703738821839816796,616,1703738821838768005,044701.80,4,0,31.832591789,118.714163228,66.9255,0.0,0.0,0.0,0.0,0.0,0.0,0.0,0.0,0.0,0
1703738821944102697,617,1703738821941678047,044701.90,4,0,31.8325917925,118.714163253,67.2282,0.0,0.0,0.0,0.0,0.0,0.0,0.0,0.0,0.0,0
1703738822038677943,618,1703738822037910938,044702.00,4,0,31.832591796,118.714163271,67.5257,0.0,0.0,0.0,0.0,0.0,0.0,0.0,0.0,0.0,0
1703738822142101512,619,1703738822141372919,044702.10,4,0,31.8325917815,118.714163267,67.8275,0.0,0.0,0.0,0.0,0.0,0.0,0.0,0.0,0.0,0
1703738822238889377,620,1703738822238363981,044702.20,4,0,31.832591771,118.714163289,68.1307,0.0,0.0,0.0,0.0,0.0,0.0,0.0,0.0,0.0,0
1703738822342634073,621,1703738822341532945,044702.30,4,0,31.8325917353,118.714163298,68.4317,0.0,0.0,0.0,0.0,0.0,0.0,0.0,0.0,0.0,0
1703738822464827264,622,1703738822464334964,044702.40,4,0,31.8325917192,118.714163304,68.73,0.0,0.0,0.0,0.0,0.0,0.0,0.0,0.0,0.0,0
1703738822543177288,623,1703738822542540073,044702.50,4,0,31.8325917268,118.714163323,69.0249,0.0,0.0,0.0,0.0,0.0,0.0,0.0,0.0,0.0,0
1703738822638680717,624,1703738822638144016,044702.60,4,0,31.8325917263,118.714163314,69.3217,0.0,0.0,0.0,0.0,0.0,0.0,0.0,0.0,0.0,0
1703738822744665923,625,1703738822744050025,044702.70,4,0,31.8325917298,118.714163324,69.6149,0.0,0.0,0.0,0.0,0.0,0.0,0.0,0.0,0.0,0
1703738822841002736,626,1703738822839951038,044702.80,4,0,31.8325917327,118.714163358,69.9157,0.0,0.0,0.0,0.0,0.0,0.0,0.0,0.0,0.0,0
1703738822937210747,627,1703738822936758995,044702.90,4,0,31.8325917417,118.71416337,70.2137,0.0,0.0,0.0,0.0,0.0,0.0,0.0,0.0,0.0,0
1703738823041864848,628,1703738823041358947,044703.00,4,0,31.832591746,118.71416338,70.5203,0.0,0.0,0.0,0.0,0.0,0.0,0.0,0.0,0.0,0
1703738823137585507,629,1703738823137161016,044703.10,4,0,31.8325917368,118.714163368,70.8102,0.0,0.0,0.0,0.0,0.0,0.0,0.0,0.0,0.0,0
1703738823242961734,630,1703738823242258071,044703.20,4,0,31.832591729,118.71416335,71.1162,0.0,0.0,0.0,0.0,0.0,0.0,0.0,0.0,0.0,0
1703738823338745676,631,1703738823338107109,044703.30,4,0,31.8325917085,118.714163347,71.4168,0.0,0.0,0.0,0.0,0.0,0.0,0.0,0.0,0.0,0
1703738823437238400,632,1703738823436450958,044703.40,4,0,31.8325917033,118.71416335,71.7215,0.0,0.0,0.0,0.0,0.0,0.0,0.0,0.0,0.0,0
1703738823561018148,633,1703738823560373067,044703.50,4,0,31.8325916867,118.71416333,72.018,0.0,0.0,0.0,0.0,0.0,0.0,0.0,0.0,0.0,0
1703738823636752852,634,1703738823636446952,044703.60,4,0,31.8325917012,118.714163317,72.3235,0.0,0.0,0.0,0.0,0.0,0.0,0.0,0.0,0.0,0
1703738823742894351,635,1703738823742440938,044703.70,4,0,31.8325917003,118.714163294,72.6181,0.0,0.0,0.0,0.0,0.0,0.0,0.0,0.0,0.0,0
1703738823838481070,636,1703738823837953090,044703.80,4,0,31.8325917187,118.714163235,72.9136,0.0,0.0,0.0,0.0,0.0,0.0,0.0,0.0,0.0,0
1703738823945839887,637,1703738823943614006,044703.90,4,0,31.832591722,118.714163197,73.2152,0.0,0.0,0.0,0.0,0.0,0.0,0.0,0.0,0.0,0
1703738824039190143,638,1703738824038562059,044704.00,4,0,31.8325917348,118.714163178,73.5154,0.0,0.0,0.0,0.0,0.0,0.0,0.0,0.0,0.0,0
1703738824136651912,639,1703738824136275053,044704.10,4,0,31.8325917163,118.714163163,73.8176,0.0,0.0,0.0,0.0,0.0,0.0,0.0,0.0,0.0,0
1703738824241736240,640,1703738824241240024,044704.20,4,0,31.8325917472,118.714163107,74.1133,0.0,0.0,0.0,0.0,0.0,0.0,0.0,0.0,0.0,0
1703738824337477910,641,1703738824337080955,044704.30,4,0,31.8325917835,118.71416307,74.4028,0.0,0.0,0.0,0.0,0.0,0.0,0.0,0.0,0.0,0
1703738824441677757,642,1703738824441109895,044704.40,4,0,31.8325917665,118.714163034,74.6983,0.0,0.0,0.0,0.0,0.0,0.0,0.0,0.0,0.0,0
1703738824537658283,643,1703738824537283897,044704.50,4,0,31.8325917992,118.714162999,75.0012,0.0,0.0,0.0,0.0,0.0,0.0,0.0,0.0,0.0,0
1703738824656744155,644,1703738824656328916,044704.60,4,0,31.8325918097,118.714162978,75.2963,0.0,0.0,0.0,0.0,0.0,0.0,0.0,0.0,0.0,0
1703738824738504080,645,1703738824737778902,044704.70,4,0,31.8325918088,118.714162944,75.5933,0.0,0.0,0.0,0.0,0.0,0.0,0.0,0.0,0.0,0
1703738824846268742,646,1703738824842036008,044704.80,4,0,31.8325918052,118.714162916,75.896,0.0,0.0,0.0,0.0,0.0,0.0,0.0,0.0,0.0,0
1703738824937418231,647,1703738824937002897,044704.90,4,0,31.8325917933,118.71416286,76.1953,0.0,0.0,0.0,0.0,0.0,0.0,0.0,0.0,0.0,0
1703738825041981101,648,1703738825041202068,044705.00,4,0,31.832591744,118.714162822,76.4897,0.0,0.0,0.0,0.0,0.0,0.0,0.0,0.0,0.0,0
1703738825137621777,649,1703738825137135982,044705.10,4,0,31.832591714,118.714162793,76.7905,0.0,0.0,0.0,0.0,0.0,0.0,0.0,0.0,0.0,0
1703738825243798631,650,1703738825243254899,044705.20,4,0,31.8325916585,118.714162758,77.0923,0.0,0.0,0.0,0.0,0.0,0.0,0.0,0.0,0.0,0
1703738825338806057,651,1703738825338187932,044705.30,4,0,31.832591605,118.714162769,77.3963,0.0,0.0,0.0,0.0,0.0,0.0,0.0,0.0,0.0,0
1703738825442126170,652,1703738825441822052,044705.40,4,0,31.8325915537,118.714162777,77.6926,0.0,0.0,0.0,0.0,0.0,0.0,0.0,0.0,0.0,0
1703738825539475288,653,1703738825538024902,044705.50,4,0,31.8325914932,118.7141628,77.9981,0.0,0.0,0.0,0.0,0.0,0.0,0.0,0.0,0.0,0
1703738825636665200,654,1703738825635569095,044705.60,4,0,31.8325914197,118.714162816,78.3035,0.0,0.0,0.0,0.0,0.0,0.0,0.0,0.0,0.0,0
1703738825742548466,655,1703738825742031097,044705.70,4,0,31.8325913583,118.71416285,78.6063,0.0,0.0,0.0,0.0,0.0,0.0,0.0,0.0,0.0,0
1703738825837721405,656,1703738825837400913,044705.80,4,0,31.8325912898,118.714162861,78.9109,0.0,0.0,0.0,0.0,0.0,0.0,0.0,0.0,0.0,0
1703738825943552624,657,1703738825940974950,044705.90,4,0,31.832591246,118.714162932,79.2172,0.0,0.0,0.0,0.0,0.0,0.0,0.0,0.0,0.0,0
1703738826037620532,658,1703738826037235021,044706.00,4,0,31.8325912083,118.714162963,79.5142,0.0,0.0,0.0,0.0,0.0,0.0,0.0,0.0,0.0,0
1703738826142037502,659,1703738826141537904,044706.10,4,0,31.8325911532,118.714163016,79.8114,0.0,0.0,0.0,0.0,0.0,0.0,0.0,0.0,0.0,0
1703738826238094174,660,1703738826237370014,044706.20,4,0,31.8325911305,118.714163068,80.1116,0.0,0.0,0.0,0.0,0.0,0.0,0.0,0.0,0.0,0
1703738826343149428,661,1703738826340766906,044706.30,4,0,31.8325910987,118.714163122,80.4094,0.0,0.0,0.0,0.0,0.0,0.0,0.0,0.0,0.0,0
1703738826438375259,662,1703738826437846899,044706.40,4,0,31.8325910495,118.714163183,80.7094,0.0,0.0,0.0,0.0,0.0,0.0,0.0,0.0,0.0,0
1703738826541678478,663,1703738826541268110,044706.50,4,0,31.832591022,118.714163226,81.0158,0.0,0.0,0.0,0.0,0.0,0.0,0.0,0.0,0.0,0
1703738826637607032,664,1703738826637131929,044706.60,4,0,31.8325909897,118.714163244,81.3121,0.0,0.0,0.0,0.0,0.0,0.0,0.0,0.0,0.0,0
1703738826813725715,665,1703738826812627077,044706.70,4,0,31.832590953,118.714163242,81.6138,0.0,0.0,0.0,0.0,0.0,0.0,0.0,0.0,0.0,0
1703738826839136187,666,1703738826837752103,044706.80,4,0,31.8325909297,118.714163242,81.9131,0.0,0.0,0.0,0.0,0.0,0.0,0.0,0.0,0.0,0
1703738826944151602,667,1703738826943572998,044706.90,4,0,31.8325909198,118.714163214,82.2082,0.0,0.0,0.0,0.0,0.0,0.0,0.0,0.0,0.0,0
1703738827041435850,668,1703738827039084911,044707.00,4,0,31.8325909172,118.714163198,82.5012,0.0,0.0,0.0,0.0,0.0,0.0,0.0,0.0,0.0,0
1703738827137414078,669,1703738827136667966,044707.10,4,0,31.8325909005,118.714163181,82.8024,0.0,0.0,0.0,0.0,0.0,0.0,0.0,0.0,0.0,0
1703738827241541588,670,1703738827241106033,044707.20,4,0,31.8325909187,118.714163155,83.0941,0.0,0.0,0.0,0.0,0.0,0.0,0.0,0.0,0.0,0
1703738827338282431,671,1703738827337728977,044707.30,4,0,31.832590913,118.714163094,83.393,0.0,0.0,0.0,0.0,0.0,0.0,0.0,0.0,0.0,0
1703738827442673387,672,1703738827442161083,044707.40,4,0,31.8325909373,118.714163065,83.6829,0.0,0.0,0.0,0.0,0.0,0.0,0.0,0.0,0.0,0
1703738827538077873,673,1703738827537705898,044707.50,4,0,31.8325909515,118.714163029,83.9828,0.0,0.0,0.0,0.0,0.0,0.0,0.0,0.0,0.0,0
1703738827636523515,674,1703738827635849952,044707.60,4,0,31.8325909702,118.714162974,84.2826,0.0,0.0,0.0,0.0,0.0,0.0,0.0,0.0,0.0,0
1703738827744641478,675,1703738827741874933,044707.70,4,0,31.8325909857,118.714162931,84.5761,0.0,0.0,0.0,0.0,0.0,0.0,0.0,0.0,0.0,0
1703738827911379884,676,1703738827908940076,044707.80,4,0,31.8325909732,118.714162903,84.8771,0.0,0.0,0.0,0.0,0.0,0.0,0.0,0.0,0.0,0
1703738827942825709,677,1703738827942195892,044707.90,4,0,31.8325909893,118.714162866,85.1769,0.0,0.0,0.0,0.0,0.0,0.0,0.0,0.0,0.0,0
1703738828038446747,678,1703738828037875890,044708.00,4,0,31.8325909797,118.714162819,85.4804,0.0,0.0,0.0,0.0,0.0,0.0,0.0,0.0,0.0,0
1703738828141489915,679,1703738828140969991,044708.10,4,0,31.832590993,118.714162773,85.7799,0.0,0.0,0.0,0.0,0.0,0.0,0.0,0.0,0.0,0
1703738828237662407,680,1703738828237361907,044708.20,4,0,31.8325910073,118.714162732,86.0759,0.0,0.0,0.0,0.0,0.0,0.0,0.0,0.0,0.0,0
1703738828342544905,681,1703738828340646982,044708.30,4,0,31.8325910105,118.714162693,86.3717,0.0,0.0,0.0,0.0,0.0,0.0,0.0,0.0,0.0,0
1703738828437149671,682,1703738828436857938,044708.40,4,0,31.8325910712,118.714162639,86.6664,0.0,0.0,0.0,0.0,0.0,0.0,0.0,0.0,0.0,0
1703738828542375720,683,1703738828541749954,044708.50,4,0,31.8325910562,118.714162603,86.9655,0.0,0.0,0.0,0.0,0.0,0.0,0.0,0.0,0.0,0
1703738828637521533,684,1703738828637178897,044708.60,4,0,31.832591065,118.714162568,87.2638,0.0,0.0,0.0,0.0,0.0,0.0,0.0,0.0,0.0,0
1703738828741871221,685,1703738828741312980,044708.70,4,0,31.8325910725,118.714162544,87.5633,0.0,0.0,0.0,0.0,0.0,0.0,0.0,0.0,0.0,0
1703738828838126292,686,1703738828837820053,044708.80,4,0,31.8325911038,118.714162503,87.8584,0.0,0.0,0.0,0.0,0.0,0.0,0.0,0.0,0.0,0
1703738829005177513,687,1703738829004386901,044708.90,4,0,31.8325911098,118.714162489,88.1549,0.0,0.0,0.0,0.0,0.0,0.0,0.0,0.0,0.0,0
1703738829037077034,688,1703738829036667108,044709.00,4,0,31.8325911208,118.714162505,88.4555,0.0,0.0,0.0,0.0,0.0,0.0,0.0,0.0,0.0,0
1703738829142552561,689,1703738829140836954,044709.10,4,0,31.8325911538,118.714162492,88.7498,0.0,0.0,0.0,0.0,0.0,0.0,0.0,0.0,0.0,0
1703738829237358307,690,1703738829236985921,044709.20,4,0,31.832591183,118.714162482,89.0511,0.0,0.0,0.0,0.0,0.0,0.0,0.0,0.0,0.0,0
1703738829343479958,691,1703738829342922925,044709.30,4,0,31.8325912038,118.714162497,89.3481,0.0,0.0,0.0,0.0,0.0,0.0,0.0,0.0,0.0,0
1703738829438628498,692,1703738829438071966,044709.40,4,0,31.8325912443,118.714162526,89.6458,0.0,0.0,0.0,0.0,0.0,0.0,0.0,0.0,0.0,0
1703738829537661444,693,1703738829537085056,044709.50,4,0,31.8325912877,118.714162566,89.946,0.0,0.0,0.0,0.0,0.0,0.0,0.0,0.0,0.0,0
1703738829640753378,694,1703738829639766931,044709.60,4,0,31.8325913418,118.714162595,90.248,0.0,0.0,0.0,0.0,0.0,0.0,0.0,0.0,0.0,0
1703738829738105175,695,1703738829736567974,044709.70,4,0,31.8325913603,118.714162605,90.5483,0.0,0.0,0.0,0.0,0.0,0.0,0.0,0.0,0.0,0
1703738829843131723,696,1703738829840342044,044709.80,4,0,31.832591397,118.714162623,90.8511,0.0,0.0,0.0,0.0,0.0,0.0,0.0,0.0,0.0,0
1703738829936990362,697,1703738829936127901,044709.90,4,0,31.8325914403,118.714162644,91.1523,0.0,0.0,0.0,0.0,0.0,0.0,0.0,0.0,0.0,0
1703738830096955627,698,1703738830096363067,044710.00,4,0,31.832591458,118.714162654,91.4557,0.0,0.0,0.0,0.0,0.0,0.0,0.0,0.0,0.0,0
1703738830137279871,699,1703738830136732101,044710.10,4,0,31.8325914995,118.714162701,91.7523,0.0,0.0,0.0,0.0,0.0,0.0,0.0,0.0,0.0,0
1703738830241930075,700,1703738830241528034,044710.20,4,0,31.8325915352,118.714162744,92.0505,0.0,0.0,0.0,0.0,0.0,0.0,0.0,0.0,0.0,0
1703738830339680284,701,1703738830337662935,044710.30,4,0,31.832591574,118.714162774,92.3514,0.0,0.0,0.0,0.0,0.0,0.0,0.0,0.0,0.0,0
1703738830435893324,702,1703738830435225963,044710.40,4,0,31.8325915855,118.714162785,92.6524,0.0,0.0,0.0,0.0,0.0,0.0,0.0,0.0,0.0,0
1703738830540590161,703,1703738830540060043,044710.50,4,0,31.8325915902,118.714162842,92.9518,0.0,0.0,0.0,0.0,0.0,0.0,0.0,0.0,0.0,0
1703738830637545917,704,1703738830636756896,044710.60,4,0,31.8325915967,118.714162859,93.2578,0.0,0.0,0.0,0.0,0.0,0.0,0.0,0.0,0.0,0
1703738830741289176,705,1703738830740791082,044710.70,4,0,31.8325916032,118.714162902,93.5566,0.0,0.0,0.0,0.0,0.0,0.0,0.0,0.0,0.0,0
1703738830840004260,706,1703738830837639093,044710.80,4,0,31.8325916105,118.714162935,93.854,0.0,0.0,0.0,0.0,0.0,0.0,0.0,0.0,0.0,0
1703738830943392910,707,1703738830942599058,044710.90,4,0,31.83259161,118.71416296,94.1566,0.0,0.0,0.0,0.0,0.0,0.0,0.0,0.0,0.0,0
1703738831038735233,708,1703738831037313938,044711.00,4,0,31.8325916063,118.71416298,94.4577,0.0,0.0,0.0,0.0,0.0,0.0,0.0,0.0,0.0,0
1703738831188730498,709,1703738831188270092,044711.10,4,0,31.8325915992,118.714162996,94.7615,0.0,0.0,0.0,0.0,0.0,0.0,0.0,0.0,0.0,0
1703738831245585609,710,1703738831243069887,044711.20,4,0,31.832591597,118.71416301,95.06,0.0,0.0,0.0,0.0,0.0,0.0,0.0,0.0,0.0,0
1703738831338910240,711,1703738831338241100,044711.30,4,0,31.8325915788,118.714163027,95.3634,0.0,0.0,0.0,0.0,0.0,0.0,0.0,0.0,0.0,0
1703738831435721337,712,1703738831434773921,044711.40,4,0,31.8325915793,118.714163013,95.6649,0.0,0.0,0.0,0.0,0.0,0.0,0.0,0.0,0.0,0
1703738831541298134,713,1703738831540853023,044711.50,4,0,31.8325915568,118.714163042,95.9628,0.0,0.0,0.0,0.0,0.0,0.0,0.0,0.0,0.0,0
1703738831636711433,714,1703738831636377096,044711.60,4,0,31.8325915603,118.714163043,96.268,0.0,0.0,0.0,0.0,0.0,0.0,0.0,0.0,0.0,0
1703738831741703481,715,1703738831741127014,044711.70,4,0,31.8325915547,118.714163059,96.5636,0.0,0.0,0.0,0.0,0.0,0.0,0.0,0.0,0.0,0
1703738831838094836,716,1703738831837579011,044711.80,4,0,31.8325915552,118.714163042,96.8609,0.0,0.0,0.0,0.0,0.0,0.0,0.0,0.0,0.0,0
1703738831944072524,717,1703738831941960096,044711.90,4,0,31.832591551,118.71416304,97.1643,0.0,0.0,0.0,0.0,0.0,0.0,0.0,0.0,0.0,0
1703738832037026380,718,1703738832036700963,044712.00,4,0,31.8325915647,118.714163051,97.4632,0.0,0.0,0.0,0.0,0.0,0.0,0.0,0.0,0.0,0
1703738832141245964,719,1703738832140717029,044712.10,4,0,31.832591575,118.71416305,97.7618,0.0,0.0,0.0,0.0,0.0,0.0,0.0,0.0,0.0,0
1703738832280934068,720,1703738832280463933,044712.20,4,0,31.832591603,118.714163029,98.0617,0.0,0.0,0.0,0.0,0.0,0.0,0.0,0.0,0.0,0
1703738832341865793,721,1703738832340001106,044712.30,4,0,31.8325915913,118.714163022,98.3649,0.0,0.0,0.0,0.0,0.0,0.0,0.0,0.0,0.0,0
1703738832437532487,722,1703738832436969995,044712.40,4,0,31.8325916278,118.714162992,98.6672,0.0,0.0,0.0,0.0,0.0,0.0,0.0,0.0,0.0,0
1703738832540949321,723,1703738832540512084,044712.50,4,0,31.8325916598,118.714162999,98.9576,0.0,0.0,0.0,0.0,0.0,0.0,0.0,0.0,0.0,0
1703738832636594789,724,1703738832636217117,044712.60,4,0,31.8325916975,118.714162979,99.2607,0.0,0.0,0.0,0.0,0.0,0.0,0.0,0.0,0.0,0
1703738832743804287,725,1703738832741123914,044712.70,4,0,31.8325917092,118.714162961,99.5606,0.0,0.0,0.0,0.0,0.0,0.0,0.0,0.0,0.0,0
1703738832838403949,726,1703738832837765932,044712.80,4,0,31.832591753,118.714162947,99.8591,0.0,0.0,0.0,0.0,0.0,0.0,0.0,0.0,0.0,0
1703738832943348100,727,1703738832941713094,044712.90,4,0,31.8325917898,118.714162949,100.1604,0.0,0.0,0.0,0.0,0.0,0.0,0.0,0.0,0.0,0
1703738833036953807,728,1703738833036588907,044713.00,4,0,31.8325917983,118.714162946,100.4578,0.0,0.0,0.0,0.0,0.0,0.0,0.0,0.0,0.0,0
1703738833140952446,729,1703738833140412092,044713.10,4,0,31.832591818,118.714162939,100.7528,0.0,0.0,0.0,0.0,0.0,0.0,0.0,0.0,0.0,0
1703738833237013966,730,1703738833236716032,044713.20,4,0,31.832591859,118.714162927,101.0578,0.0,0.0,0.0,0.0,0.0,0.0,0.0,0.0,0.0,0
1703738833376953447,731,1703738833376605033,044713.30,4,0,31.8325918803,118.714162915,101.3549,0.0,0.0,0.0,0.0,0.0,0.0,0.0,0.0,0.0,0
1703738833435977824,732,1703738833435781955,044713.40,4,0,31.8325918833,118.714162914,101.6585,0.0,0.0,0.0,0.0,0.0,0.0,0.0,0.0,0.0,0
1703738833542049504,733,1703738833540505886,044713.50,4,0,31.8325919018,118.714162923,101.9586,0.0,0.0,0.0,0.0,0.0,0.0,0.0,0.0,0.0,0
1703738833637369454,734,1703738833636759042,044713.60,4,0,31.832591928,118.714162917,102.2583,0.0,0.0,0.0,0.0,0.0,0.0,0.0,0.0,0.0,0
1703738833742411249,735,1703738833741127014,044713.70,4,0,31.8325919293,118.71416291,102.559,0.0,0.0,0.0,0.0,0.0,0.0,0.0,0.0,0.0,0
1703738833837155876,736,1703738833836801052,044713.80,4,0,31.8325919455,118.714162946,102.8593,0.0,0.0,0.0,0.0,0.0,0.0,0.0,0.0,0.0,0
1703738833942039385,737,1703738833940782070,044713.90,4,0,31.8325919767,118.714162934,103.1544,0.0,0.0,0.0,0.0,0.0,0.0,0.0,0.0,0.0,0
1703738834037179316,738,1703738834036582946,044714.00,4,0,31.8325919867,118.714162961,103.4572,0.0,0.0,0.0,0.0,0.0,0.0,0.0,0.0,0.0,0
1703738834141569403,739,1703738834140460968,044714.10,4,0,31.8325920228,118.71416298,103.7609,0.0,0.0,0.0,0.0,0.0,0.0,0.0,0.0,0.0,0
1703738834239740073,740,1703738834237647056,044714.20,4,0,31.8325920108,118.714162975,104.0655,0.0,0.0,0.0,0.0,0.0,0.0,0.0,0.0,0.0,0
1703738834342935459,741,1703738834341000080,044714.30,4,0,31.8325920487,118.714162999,104.3601,0.0,0.0,0.0,0.0,0.0,0.0,0.0,0.0,0.0,0
1703738834469374639,742,1703738834468594074,044714.40,4,0,31.8325920638,118.714162988,104.6575,0.0,0.0,0.0,0.0,0.0,0.0,0.0,0.0,0.0,0
1703738834542381573,743,1703738834541855096,044714.50,4,0,31.832592066,118.714163002,104.9617,0.0,0.0,0.0,0.0,0.0,0.0,0.0,0.0,0.0,0
1703738834640692066,744,1703738834637876987,044714.60,4,0,31.8325920752,118.714163023,105.2578,0.0,0.0,0.0,0.0,0.0,0.0,0.0,0.0,0.0,0
1703738834737657288,745,1703738834735608100,044714.70,4,0,31.8325920963,118.714163066,105.5559,0.0,0.0,0.0,0.0,0.0,0.0,0.0,0.0,0.0,0
1703738834842727747,746,1703738834842278957,044714.80,4,0,31.8325920813,118.714163043,105.8565,0.0,0.0,0.0,0.0,0.0,0.0,0.0,0.0,0.0,0
1703738834938858563,747,1703738834938173055,044714.90,4,0,31.8325920913,118.714163079,106.1604,0.0,0.0,0.0,0.0,0.0,0.0,0.0,0.0,0.0,0
1703738835035526767,748,1703738835035132884,044715.00,4,0,31.8325921007,118.714163096,106.4596,0.0,0.0,0.0,0.0,0.0,0.0,0.0,0.0,0.0,0
1703738835141085161,749,1703738835140618085,044715.10,4,0,31.8325921043,118.714163101,106.7578,0.0,0.0,0.0,0.0,0.0,0.0,0.0,0.0,0.0,0
1703738835243543826,750,1703738835243056058,044715.20,4,0,31.8325921253,118.714163122,107.0571,0.0,0.0,0.0,0.0,0.0,0.0,0.0,0.0,0.0,0
1703738835341441837,751,1703738835338891029,044715.30,4,0,31.8325921427,118.714163125,107.3518,0.0,0.0,0.0,0.0,0.0,0.0,0.0,0.0,0.0,0
1703738835438423921,752,1703738835436176061,044715.40,4,0,31.8325921385,118.714163148,107.6501,0.0,0.0,0.0,0.0,0.0,0.0,0.0,0.0,0.0,0
1703738835561066307,753,1703738835560319900,044715.50,4,0,31.8325921257,118.714163135,107.9558,0.0,0.0,0.0,0.0,0.0,0.0,0.0,0.0,0.0,0
1703738835635806417,754,1703738835635622024,044715.60,4,0,31.8325921625,118.714163185,108.2574,0.0,0.0,0.0,0.0,0.0,0.0,0.0,0.0,0.0,0
1703738835743051285,755,1703738835742465019,044715.70,4,0,31.8325921288,118.714163184,108.5548,0.0,0.0,0.0,0.0,0.0,0.0,0.0,0.0,0.0,0
1703738835838748024,756,1703738835838226079,044715.80,4,0,31.8325921345,118.714163194,108.8578,0.0,0.0,0.0,0.0,0.0,0.0,0.0,0.0,0.0,0
1703738835936551267,757,1703738835935837984,044715.90,4,0,31.8325921393,118.714163185,109.1511,0.0,0.0,0.0,0.0,0.0,0.0,0.0,0.0,0.0,0
1703738836041290036,758,1703738836040549039,044716.00,4,0,31.8325921427,118.714163201,109.4505,0.0,0.0,0.0,0.0,0.0,0.0,0.0,0.0,0.0,0
1703738836137217662,759,1703738836136177062,044716.10,4,0,31.8325921325,118.714163197,109.7503,0.0,0.0,0.0,0.0,0.0,0.0,0.0,0.0,0.0,0
1703738836244036146,760,1703738836242353916,044716.20,4,0,31.8325921193,118.714163219,110.0534,0.0,0.0,0.0,0.0,0.0,0.0,0.0,0.0,0.0,0
1703738836338609236,761,1703738836337996006,044716.30,4,0,31.8325921267,118.714163207,110.35,0.0,0.0,0.0,0.0,0.0,0.0,0.0,0.0,0.0,0
1703738836436367391,762,1703738836435648918,044716.40,4,0,31.8325920992,118.714163203,110.6534,0.0,0.0,0.0,0.0,0.0,0.0,0.0,0.0,0.0,0
1703738836543833717,763,1703738836541198968,044716.50,4,0,31.8325920707,118.714163214,110.9515,0.0,0.0,0.0,0.0,0.0,0.0,0.0,0.0,0.0,0
1703738836660937552,764,1703738836660319089,044716.60,4,0,31.8325920583,118.7141632,111.2514,0.0,0.0,0.0,0.0,0.0,0.0,0.0,0.0,0.0,0
1703738836742854894,765,1703738836742181062,044716.70,4,0,31.8325920382,118.714163211,111.553,0.0,0.0,0.0,0.0,0.0,0.0,0.0,0.0,0.0,0
1703738836837598571,766,1703738836837229967,044716.80,4,0,31.832592008,118.714163219,111.8539,0.0,0.0,0.0,0.0,0.0,0.0,0.0,0.0,0.0,0
1703738836936604171,767,1703738836935858964,044716.90,4,0,31.8325919863,118.714163208,112.154,0.0,0.0,0.0,0.0,0.0,0.0,0.0,0.0,0.0,0
1703738837042643154,768,1703738837040626049,044717.00,4,0,31.8325919607,118.714163219,112.4507,0.0,0.0,0.0,0.0,0.0,0.0,0.0,0.0,0.0,0
1703738837136016514,769,1703738837135610103,044717.10,4,0,31.8325919507,118.714163197,112.7511,0.0,0.0,0.0,0.0,0.0,0.0,0.0,0.0,0.0,0
1703738837242352885,770,1703738837241869926,044717.20,4,0,31.8325919027,118.714163177,113.0508,0.0,0.0,0.0,0.0,0.0,0.0,0.0,0.0,0.0,0
1703738837339177834,771,1703738837338315963,044717.30,4,0,31.8325919053,118.714163182,113.3476,0.0,0.0,0.0,0.0,0.0,0.0,0.0,0.0,0.0,0
1703738837436070358,772,1703738837435506105,044717.40,4,0,31.832591877,118.714163198,113.6436,0.0,0.0,0.0,0.0,0.0,0.0,0.0,0.0,0.0,0
1703738837543874113,773,1703738837541630029,044717.50,4,0,31.8325918758,118.714163193,113.9414,0.0,0.0,0.0,0.0,0.0,0.0,0.0,0.0,0.0,0
1703738837637518802,774,1703738837636933088,044717.60,4,0,31.8325918817,118.714163206,114.2454,0.0,0.0,0.0,0.0,0.0,0.0,0.0,0.0,0.0,0
1703738837756735203,775,1703738837756304025,044717.70,4,0,31.8325918748,118.714163147,114.5353,0.0,0.0,0.0,0.0,0.0,0.0,0.0,0.0,0.0,0
1703738837838177368,776,1703738837837827920,044717.80,4,0,31.8325918563,118.714163167,114.8342,0.0,0.0,0.0,0.0,0.0,0.0,0.0,0.0,0.0,0
1703738837937591536,777,1703738837936237096,044717.90,4,0,31.8325918442,118.714163163,115.1303,0.0,0.0,0.0,0.0,0.0,0.0,0.0,0.0,0.0,0
1703738838042709076,778,1703738838040973901,044718.00,4,0,31.8325918548,118.714163172,115.4325,0.0,0.0,0.0,0.0,0.0,0.0,0.0,0.0,0.0,0
1703738838136362606,779,1703738838135790109,044718.10,4,0,31.832591843,118.714163178,115.7223,0.0,0.0,0.0,0.0,0.0,0.0,0.0,0.0,0.0,0
1703738838244430773,780,1703738838242671966,044718.20,4,0,31.8325918477,118.714163181,116.0261,0.0,0.0,0.0,0.0,0.0,0.0,0.0,0.0,0.0,0
1703738838338713448,781,1703738838338197946,044718.30,4,0,31.8325918435,118.714163194,116.3234,0.0,0.0,0.0,0.0,0.0,0.0,0.0,0.0,0.0,0
1703738838437383894,782,1703738838436549901,044718.40,4,0,31.8325918368,118.71416322,116.6235,0.0,0.0,0.0,0.0,0.0,0.0,0.0,0.0,0.0,0
1703738838543462297,783,1703738838539879083,044718.50,4,0,31.8325918268,118.714163209,116.9198,0.0,0.0,0.0,0.0,0.0,0.0,0.0,0.0,0.0,0
1703738838636928912,784,1703738838636534929,044718.60,4,0,31.8325918422,118.714163258,117.2185,0.0,0.0,0.0,0.0,0.0,0.0,0.0,0.0,0.0,0
1703738838833653497,785,1703738838832896947,044718.70,4,0,31.8325918387,118.714163263,117.5169,0.0,0.0,0.0,0.0,0.0,0.0,0.0,0.0,0.0,0
1703738838838474755,786,1703738838838049888,044718.80,4,0,31.8325918555,118.714163268,117.8191,0.0,0.0,0.0,0.0,0.0,0.0,0.0,0.0,0.0,0
1703738838941418110,787,1703738838940601110,044718.90,4,0,31.8325918507,118.714163273,118.1144,0.0,0.0,0.0,0.0,0.0,0.0,0.0,0.0,0.0,0
1703738839037726864,788,1703738839037151098,044719.00,4,0,31.8325918503,118.7141633,118.4113,0.0,0.0,0.0,0.0,0.0,0.0,0.0,0.0,0.0,0
1703738839140889012,789,1703738839140559911,044719.10,4,0,31.8325918573,118.714163295,118.719,0.0,0.0,0.0,0.0,0.0,0.0,0.0,0.0,0.0,0
1703738839237324141,790,1703738839236665010,044719.20,4,0,31.8325918597,118.714163318,119.0161,0.0,0.0,0.0,0.0,0.0,0.0,0.0,0.0,0.0,0
1703738839342534353,791,1703738839341826915,044719.30,4,0,31.83259187,118.714163295,119.315,0.0,0.0,0.0,0.0,0.0,0.0,0.0,0.0,0.0,0
1703738839437033229,792,1703738839436482906,044719.40,4,0,31.8325918573,118.714163312,119.618,0.0,0.0,0.0,0.0,0.0,0.0,0.0,0.0,0.0,0
1703738839542019287,793,1703738839541544914,044719.50,4,0,31.8325918733,118.714163324,119.9185,0.0,0.0,0.0,0.0,0.0,0.0,0.0,0.0,0.0,0
1703738839638347621,794,1703738839637459039,044719.60,4,0,31.8325918692,118.714163324,120.2172,0.0,0.0,0.0,0.0,0.0,0.0,0.0,0.0,0.0,0
1703738839736462865,795,1703738839735759019,044719.70,4,0,31.8325918498,118.714163311,120.5213,0.0,0.0,0.0,0.0,0.0,0.0,0.0,0.0,0.0,0
1703738839929108960,796,1703738839928380012,044719.80,4,0,31.8325918665,118.714163309,120.8247,0.0,0.0,0.0,0.0,0.0,0.0,0.0,0.0,0.0,0
1703738839935874038,797,1703738839935492038,044719.90,4,0,31.8325918692,118.714163313,121.12,0.0,0.0,0.0,0.0,0.0,0.0,0.0,0.0,0.0,0
1703738840040769148,798,1703738840039535045,044720.00,4,0,31.8325918698,118.714163285,121.4168,0.0,0.0,0.0,0.0,0.0,0.0,0.0,0.0,0.0,0
1703738840135910258,799,1703738840135539054,044720.10,4,0,31.8325918562,118.714163285,121.7182,0.0,0.0,0.0,0.0,0.0,0.0,0.0,0.0,0.0,0
1703738840243590095,800,1703738840242849111,044720.20,4,0,31.832591853,118.714163263,122.0152,0.0,0.0,0.0,0.0,0.0,0.0,0.0,0.0,0.0,0
1703738840338719786,801,1703738840337894916,044720.30,4,0,31.8325918472,118.714163281,122.3167,0.0,0.0,0.0,0.0,0.0,0.0,0.0,0.0,0.0,0
1703738840436543534,802,1703738840435847043,044720.40,4,0,31.8325918397,118.71416325,122.6112,0.0,0.0,0.0,0.0,0.0,0.0,0.0,0.0,0.0,0
1703738840543452903,803,1703738840541696071,044720.50,4,0,31.8325918295,118.714163252,122.9105,0.0,0.0,0.0,0.0,0.0,0.0,0.0,0.0,0.0,0
1703738840638285030,804,1703738840637701988,044720.60,4,0,31.8325918142,118.71416324,123.2141,0.0,0.0,0.0,0.0,0.0,0.0,0.0,0.0,0.0,0
1703738840736564980,805,1703738840735502958,044720.70,4,0,31.8325918197,118.714163222,123.5094,0.0,0.0,0.0,0.0,0.0,0.0,0.0,0.0,0.0,0
1703738840841548400,806,1703738840839914083,044720.80,4,0,31.8325917958,118.714163201,123.8075,0.0,0.0,0.0,0.0,0.0,0.0,0.0,0.0,0.0,0
1703738841029228699,807,1703738841028306961,044720.90,4,0,31.8325918137,118.714163206,124.1104,0.0,0.0,0.0,0.0,0.0,0.0,0.0,0.0,0.0,0
1703738841033774945,808,1703738841033427953,044721.00,4,0,31.8325917998,118.714163173,124.4048,0.0,0.0,0.0,0.0,0.0,0.0,0.0,0.0,0.0,0
1703738841140444717,809,1703738841139882087,044721.10,4,0,31.8325917903,118.714163169,124.7063,0.0,0.0,0.0,0.0,0.0,0.0,0.0,0.0,0.0,0
1703738841237570656,810,1703738841237093925,044721.20,4,0,31.832591803,118.71416316,124.9994,0.0,0.0,0.0,0.0,0.0,0.0,0.0,0.0,0.0,0
1703738841341467761,811,1703738841340171098,044721.30,4,0,31.8325917775,118.714163139,125.3015,0.0,0.0,0.0,0.0,0.0,0.0,0.0,0.0,0.0,0
1703738841437242889,812,1703738841436703920,044721.40,4,0,31.8325917898,118.714163142,125.6065,0.0,0.0,0.0,0.0,0.0,0.0,0.0,0.0,0.0,0
1703738841543184426,813,1703738841541795969,044721.50,4,0,31.8325918027,118.714163141,125.901,0.0,0.0,0.0,0.0,0.0,0.0,0.0,0.0,0.0,0
1703738841637843930,814,1703738841637192010,044721.60,4,0,31.832591816,118.714163118,126.2039,0.0,0.0,0.0,0.0,0.0,0.0,0.0,0.0,0.0,0
1703738841736164636,815,1703738841735457897,044721.70,4,0,31.8325918225,118.714163118,126.4983,0.0,0.0,0.0,0.0,0.0,0.0,0.0,0.0,0.0,0
1703738841838707236,816,1703738841838247060,044721.80,4,0,31.8325917963,118.714163117,126.7997,0.0,0.0,0.0,0.0,0.0,0.0,0.0,0.0,0.0,0
1703738841935714635,817,1703738841935209989,044721.90,4,0,31.8325918502,118.714163101,127.0914,0.0,0.0,0.0,0.0,0.0,0.0,0.0,0.0,0.0,0
1703738842120742174,818,1703738842120294094,044722.00,4,0,31.8325918392,118.714163091,127.3981,0.0,0.0,0.0,0.0,0.0,0.0,0.0,0.0,0.0,0
1703738842136882217,819,1703738842135138034,044722.10,4,0,31.8325918487,118.714163079,127.6946,0.0,0.0,0.0,0.0,0.0,0.0,0.0,0.0,0.0,0
1703738842241054248,820,1703738842240662097,044722.20,4,0,31.8325918382,118.71416308,127.9922,0.0,0.0,0.0,0.0,0.0,0.0,0.0,0.0,0.0,0
1703738842337593730,821,1703738842336816072,044722.30,4,0,31.8325918303,118.714163086,128.2956,0.0,0.0,0.0,0.0,0.0,0.0,0.0,0.0,0.0,0
1703738842441917048,822,1703738842441267013,044722.40,4,0,31.8325918537,118.714163091,128.5929,0.0,0.0,0.0,0.0,0.0,0.0,0.0,0.0,0.0,0
1703738842537002307,823,1703738842536494016,044722.50,4,0,31.832591838,118.714163094,128.8914,0.0,0.0,0.0,0.0,0.0,0.0,0.0,0.0,0.0,0
1703738842641494646,824,1703738842639801025,044722.60,4,0,31.8325918245,118.714163098,129.1891,0.0,0.0,0.0,0.0,0.0,0.0,0.0,0.0,0.0,0
1703738842736180012,825,1703738842735851049,044722.70,4,0,31.8325918135,118.714163089,129.4906,0.0,0.0,0.0,0.0,0.0,0.0,0.0,0.0,0.0,0
1703738842842400940,826,1703738842840006113,044722.80,4,0,31.832591809,118.714163117,129.7932,0.0,0.0,0.0,0.0,0.0,0.0,0.0,0.0,0.0,0
1703738842936175605,827,1703738842935699939,044722.90,4,0,31.8325917808,118.714163112,130.0859,0.0,0.0,0.0,0.0,0.0,0.0,0.0,0.0,0.0,0
1703738843039278184,828,1703738843038686990,044723.00,4,0,31.8325917792,118.714163119,130.387,0.0,0.0,0.0,0.0,0.0,0.0,0.0,0.0,0.0,0
1703738843214637309,829,1703738843212461948,044723.10,4,0,31.8325917428,118.714163092,130.6902,0.0,0.0,0.0,0.0,0.0,0.0,0.0,0.0,0.0,0
1703738843243800303,830,1703738843242160081,044723.20,4,0,31.8325917635,118.714163093,130.9873,0.0,0.0,0.0,0.0,0.0,0.0,0.0,0.0,0.0,0
1703738843339787882,831,1703738843338673114,044723.30,4,0,31.8325917453,118.714163089,131.2822,0.0,0.0,0.0,0.0,0.0,0.0,0.0,0.0,0.0,0
1703738843436081031,832,1703738843435518980,044723.40,4,0,31.8325917417,118.714163086,131.5834,0.0,0.0,0.0,0.0,0.0,0.0,0.0,0.0,0.0,0
1703738843540745443,833,1703738843539911985,044723.50,4,0,31.8325917118,118.714163066,131.8832,0.0,0.0,0.0,0.0,0.0,0.0,0.0,0.0,0.0,0
1703738843636734486,834,1703738843636235952,044723.60,4,0,31.832591712,118.714163082,132.1811,0.0,0.0,0.0,0.0,0.0,0.0,0.0,0.0,0.0,0
1703738843740029374,835,1703738843739430904,044723.70,4,0,31.8325917008,118.714163072,132.4819,0.0,0.0,0.0,0.0,0.0,0.0,0.0,0.0,0.0,0
1703738843836409055,836,1703738843835784912,044723.80,4,0,31.8325917018,118.714163079,132.7782,0.0,0.0,0.0,0.0,0.0,0.0,0.0,0.0,0.0,0
1703738843942872959,837,1703738843940987110,044723.90,4,0,31.8325917153,118.714163089,133.0785,0.0,0.0,0.0,0.0,0.0,0.0,0.0,0.0,0.0,0
1703738844038083159,838,1703738844035758018,044724.00,4,0,31.8325917122,118.714163094,133.3798,0.0,0.0,0.0,0.0,0.0,0.0,0.0,0.0,0.0,0
1703738844139695680,839,1703738844139183998,044724.10,4,0,31.8325917297,118.714163059,133.6727,0.0,0.0,0.0,0.0,0.0,0.0,0.0,0.0,0.0,0
1703738844311348703,840,1703738844308398962,044724.20,4,0,31.8325917398,118.714163067,133.9769,0.0,0.0,0.0,0.0,0.0,0.0,0.0,0.0,0.0,0
1703738844341686662,841,1703738844341072082,044724.30,4,0,31.8325917497,118.714163089,134.2731,0.0,0.0,0.0,0.0,0.0,0.0,0.0,0.0,0.0,0
1703738844437521912,842,1703738844436857938,044724.40,4,0,31.8325917737,118.71416308,134.5786,0.0,0.0,0.0,0.0,0.0,0.0,0.0,0.0,0.0,0
1703738844534949809,843,1703738844534327030,044724.50,4,0,31.8325917652,118.71416307,134.8798,0.0,0.0,0.0,0.0,0.0,0.0,0.0,0.0,0.0,0
1703738844640297552,844,1703738844639344930,044724.60,4,0,31.8325917933,118.714163061,135.1745,0.0,0.0,0.0,0.0,0.0,0.0,0.0,0.0,0.0,0
1703738844736135613,845,1703738844735079050,044724.70,4,0,31.8325917967,118.71416305,135.4789,0.0,0.0,0.0,0.0,0.0,0.0,0.0,0.0,0.0,0
1703738844840062131,846,1703738844839257001,044724.80,4,0,31.8325917973,118.714163068,135.772,0.0,0.0,0.0,0.0,0.0,0.0,0.0,0.0,0.0,0
1703738844935570044,847,1703738844935193061,044724.90,4,0,31.832591821,118.714163066,136.074,0.0,0.0,0.0,0.0,0.0,0.0,0.0,0.0,0.0,0
1703738845038668726,848,1703738845038182020,044725.00,4,0,31.8325918492,118.714163076,136.3667,0.0,0.0,0.0,0.0,0.0,0.0,0.0,0.0,0.0,0
1703738845135693158,849,1703738845135257005,044725.10,4,0,31.8325918742,118.714163099,136.6675,0.0,0.0,0.0,0.0,0.0,0.0,0.0,0.0,0.0,0
1703738845242330213,850,1703738845241303920,044725.20,4,0,31.8325918847,118.71416312,136.9617,0.0,0.0,0.0,0.0,0.0,0.0,0.0,0.0,0.0,0
1703738845401630028,851,1703738845400407075,044725.30,4,0,31.832591885,118.714163124,137.2639,0.0,0.0,0.0,0.0,0.0,0.0,0.0,0.0,0.0,0
1703738845435226087,852,1703738845434773921,044725.40,4,0,31.8325918655,118.714163146,137.5635,0.0,0.0,0.0,0.0,0.0,0.0,0.0,0.0,0.0,0
1703738845539660694,853,1703738845539022922,044725.50,4,0,31.8325918832,118.714163185,137.8724,0.0,0.0,0.0,0.0,0.0,0.0,0.0,0.0,0.0,0
1703738845636242177,854,1703738845635442972,044725.60,4,0,31.8325918775,118.714163205,138.1688,0.0,0.0,0.0,0.0,0.0,0.0,0.0,0.0,0.0,0
1703738845739850134,855,1703738845739233016,044725.70,4,0,31.8325918818,118.714163232,138.4668,0.0,0.0,0.0,0.0,0.0,0.0,0.0,0.0,0.0,0
1703738845835375632,856,1703738845834803104,044725.80,4,0,31.8325919123,118.714163255,138.7733,0.0,0.0,0.0,0.0,0.0,0.0,0.0,0.0,0.0,0
1703738845940103346,857,1703738845939425945,044725.90,4,0,31.8325918972,118.714163289,139.0728,0.0,0.0,0.0,0.0,0.0,0.0,0.0,0.0,0.0,0
1703738846036778855,858,1703738846035896062,044726.00,4,0,31.8325918982,118.71416333,139.3728,0.0,0.0,0.0,0.0,0.0,0.0,0.0,0.0,0.0,0
1703738846140451969,859,1703738846139828920,044726.10,4,0,31.8325918993,118.714163339,139.6709,0.0,0.0,0.0,0.0,0.0,0.0,0.0,0.0,0.0,0
1703738846236869539,860,1703738846236264944,044726.20,4,0,31.8325918922,118.714163388,139.9765,0.0,0.0,0.0,0.0,0.0,0.0,0.0,0.0,0.0,0
1703738846341734681,861,1703738846341243982,044726.30,4,0,31.8325918862,118.714163417,140.2747,0.0,0.0,0.0,0.0,0.0,0.0,0.0,0.0,0.0,0
1703738846492932131,862,1703738846492364883,044726.40,4,0,31.8325919052,118.714163434,140.5788,0.0,0.0,0.0,0.0,0.0,0.0,0.0,0.0,0.0,0
1703738846534742786,863,1703738846533576965,044726.50,4,0,31.8325918565,118.714163451,140.8782,0.0,0.0,0.0,0.0,0.0,0.0,0.0,0.0,0.0,0
1703738846639645720,864,1703738846638734102,044726.60,4,0,31.8325918733,118.714163475,141.175,0.0,0.0,0.0,0.0,0.0,0.0,0.0,0.0,0.0,0
1703738846735606762,865,1703738846734947919,044726.70,4,0,31.8325918542,118.714163473,141.4753,0.0,0.0,0.0,0.0,0.0,0.0,0.0,0.0,0.0,0
1703738846843246487,866,1703738846840795993,044726.80,4,0,31.8325918242,118.71416351,141.7781,0.0,0.0,0.0,0.0,0.0,0.0,0.0,0.0,0.0,0
1703738846936021423,867,1703738846935580968,044726.90,4,0,31.8325917995,118.714163508,142.0819,0.0,0.0,0.0,0.0,0.0,0.0,0.0,0.0,0.0,0
1703738847039410387,868,1703738847038780927,044727.00,4,0,31.8325917922,118.714163508,142.3807,0.0,0.0,0.0,0.0,0.0,0.0,0.0,0.0,0.0,0
1703738847136032420,869,1703738847135513067,044727.10,4,0,31.8325917645,118.714163505,142.6815,0.0,0.0,0.0,0.0,0.0,0.0,0.0,0.0,0.0,0
1703738847241833948,870,1703738847240928888,044727.20,4,0,31.8325917543,118.714163532,142.987,0.0,0.0,0.0,0.0,0.0,0.0,0.0,0.0,0.0,0
1703738847337185778,871,1703738847336777925,044727.30,4,0,31.8325917105,118.714163543,143.2852,0.0,0.0,0.0,0.0,0.0,0.0,0.0,0.0,0.0,0
1703738847435601904,872,1703738847434714078,044727.40,4,0,31.8325917103,118.71416355,143.5854,0.0,0.0,0.0,0.0,0.0,0.0,0.0,0.0,0.0,0
1703738847588794839,873,1703738847588300943,044727.50,4,0,31.8325916857,118.714163572,143.8833,0.0,0.0,0.0,0.0,0.0,0.0,0.0,0.0,0.0,0
1703738847636380129,874,1703738847635839939,044727.60,4,0,31.8325916802,118.714163568,144.1903,0.0,0.0,0.0,0.0,0.0,0.0,0.0,0.0,0.0,0
1703738847741065909,875,1703738847740470886,044727.70,4,0,31.8325916775,118.714163565,144.4859,0.0,0.0,0.0,0.0,0.0,0.0,0.0,0.0,0.0,0
1703738847835426438,876,1703738847835141897,044727.80,4,0,31.8325916528,118.714163584,144.7823,0.0,0.0,0.0,0.0,0.0,0.0,0.0,0.0,0.0,0
1703738847940036934,877,1703738847939627885,044727.90,4,0,31.8325916527,118.714163594,145.0824,0.0,0.0,0.0,0.0,0.0,0.0,0.0,0.0,0.0,0
1703738848035611093,878,1703738848035324096,044728.00,4,0,31.8325916542,118.714163578,145.384,0.0,0.0,0.0,0.0,0.0,0.0,0.0,0.0,0.0,0
1703738848141434136,879,1703738848140556097,044728.10,4,0,31.8325916815,118.714163626,145.6825,0.0,0.0,0.0,0.0,0.0,0.0,0.0,0.0,0.0,0
1703738848236921679,880,1703738848236572027,044728.20,4,0,31.83259169,118.714163636,145.9761,0.0,0.0,0.0,0.0,0.0,0.0,0.0,0.0,0.0,0
1703738848341447151,881,1703738848340969085,044728.30,4,0,31.832591722,118.714163666,146.2667,0.0,0.0,0.0,0.0,0.0,0.0,0.0,0.0,0.0,0
1703738848437897894,882,1703738848436990022,044728.40,4,0,31.8325917062,118.714163691,146.5684,0.0,0.0,0.0,0.0,0.0,0.0,0.0,0.0,0.0,0
1703738848536961399,883,1703738848535347938,044728.50,4,0,31.8325917278,118.714163719,146.8621,0.0,0.0,0.0,0.0,0.0,0.0,0.0,0.0,0.0,0
1703738848688985361,884,1703738848688322067,044728.60,4,0,31.8325917347,118.714163729,147.1662,0.0,0.0,0.0,0.0,0.0,0.0,0.0,0.0,0.0,0
1703738848735622498,885,1703738848735177993,044728.70,4,0,31.8325917458,118.71416374,147.4678,0.0,0.0,0.0,0.0,0.0,0.0,0.0,0.0,0.0,0
1703738848842330330,886,1703738848839771986,044728.80,4,0,31.8325917445,118.714163737,147.7719,0.0,0.0,0.0,0.0,0.0,0.0,0.0,0.0,0.0,0
1703738848935237445,887,1703738848934782981,044728.90,4,0,31.8325917603,118.714163742,148.0647,0.0,0.0,0.0,0.0,0.0,0.0,0.0,0.0,0.0,0
1703738849038706156,888,1703738849038259029,044729.00,4,0,31.832591776,118.714163766,148.362,0.0,0.0,0.0,0.0,0.0,0.0,0.0,0.0,0.0,0
1703738849135745285,889,1703738849135202884,044729.10,4,0,31.8325917628,118.714163764,148.6647,0.0,0.0,0.0,0.0,0.0,0.0,0.0,0.0,0.0,0
1703738849243907781,890,1703738849242038965,044729.20,4,0,31.8325917918,118.714163764,148.9636,0.0,0.0,0.0,0.0,0.0,0.0,0.0,0.0,0.0,0
1703738849337878237,891,1703738849336896896,044729.30,4,0,31.8325917947,118.71416376,149.2653,0.0,0.0,0.0,0.0,0.0,0.0,0.0,0.0,0.0,0
1703738849436792929,892,1703738849434843063,044729.40,4,0,31.8325918117,118.714163739,149.5592,0.0,0.0,0.0,0.0,0.0,0.0,0.0,0.0,0.0,0
1703738849542228976,893,1703738849540930986,044729.50,4,0,31.8325918175,118.714163731,149.8662,0.0,0.0,0.0,0.0,0.0,0.0,0.0,0.0,0.0,0
1703738849637045667,894,1703738849636396884,044729.60,4,0,31.8325918262,118.714163699,150.1664,0.0,0.0,0.0,0.0,0.0,0.0,0.0,0.0,0.0,0
1703738849785369350,895,1703738849784522056,044729.70,4,0,31.8325918507,118.714163684,150.4648,0.0,0.0,0.0,0.0,0.0,0.0,0.0,0.0,0.0,0
1703738849836501900,896,1703738849836054086,044729.80,4,0,31.8325918713,118.714163668,150.766,0.0,0.0,0.0,0.0,0.0,0.0,0.0,0.0,0.0,0
1703738849940699425,897,1703738849940226078,044729.90,4,0,31.8325918857,118.714163637,151.0622,0.0,0.0,0.0,0.0,0.0,0.0,0.0,0.0,0.0,0
1703738850035947712,898,1703738850035620927,044730.00,4,0,31.8325919058,118.714163622,151.3626,0.0,0.0,0.0,0.0,0.0,0.0,0.0,0.0,0.0,0
1703738850141505182,899,1703738850139870882,044730.10,4,0,31.83259193,118.714163594,151.6582,0.0,0.0,0.0,0.0,0.0,0.0,0.0,0.0,0.0,0
1703738850236703974,900,1703738850236228942,044730.20,4,0,31.8325919473,118.714163592,151.9602,0.0,0.0,0.0,0.0,0.0,0.0,0.0,0.0,0.0,0
1703738850340500063,901,1703738850339757919,044730.30,4,0,31.8325919717,118.714163592,152.2572,0.0,0.0,0.0,0.0,0.0,0.0,0.0,0.0,0.0,0
1703738850436257028,902,1703738850435751914,044730.40,4,0,31.8325919837,118.714163549,152.5507,0.0,0.0,0.0,0.0,0.0,0.0,0.0,0.0,0.0,0
1703738850539506963,903,1703738850539006948,044730.50,4,0,31.8325919983,118.714163497,152.8497,0.0,0.0,0.0,0.0,0.0,0.0,0.0,0.0,0.0,0
1703738850636027766,904,1703738850635411024,044730.60,4,0,31.8325920072,118.714163473,153.1547,0.0,0.0,0.0,0.0,0.0,0.0,0.0,0.0,0.0,0
1703738850739785648,905,1703738850739341020,044730.70,4,0,31.8325920187,118.714163406,153.4481,0.0,0.0,0.0,0.0,0.0,0.0,0.0,0.0,0.0,0
1703738850878554223,906,1703738850876533031,044730.80,4,0,31.8325920417,118.714163398,153.7372,0.0,0.0,0.0,0.0,0.0,0.0,0.0,0.0,0.0,0
1703738850937428873,907,1703738850937205076,044730.90,4,0,31.8325920575,118.714163348,154.0355,0.0,0.0,0.0,0.0,0.0,0.0,0.0,0.0,0.0,0
1703738851036297088,908,1703738851035662889,044731.00,4,0,31.8325920677,118.714163301,154.3386,0.0,0.0,0.0,0.0,0.0,0.0,0.0,0.0,0.0,0
1703738851139667516,909,1703738851139202117,044731.10,4,0,31.832592073,118.714163262,154.6357,0.0,0.0,0.0,0.0,0.0,0.0,0.0,0.0,0.0,0
1703738851236044451,910,1703738851235654115,044731.20,4,0,31.8325920773,118.714163184,154.9272,0.0,0.0,0.0,0.0,0.0,0.0,0.0,0.0,0.0,0
1703738851343993729,911,1703738851340039968,044731.30,4,0,31.832592106,118.714163153,155.223,0.0,0.0,0.0,0.0,0.0,0.0,0.0,0.0,0.0,0
1703738851435285977,912,1703738851434895992,044731.40,4,0,31.8325920885,118.714163082,155.5273,0.0,0.0,0.0,0.0,0.0,0.0,0.0,0.0,0.0,0
1703738851539809519,913,1703738851539303064,044731.50,4,0,31.8325920863,118.71416301,155.8168,0.0,0.0,0.0,0.0,0.0,0.0,0.0,0.0,0.0,0
1703738851636233087,914,1703738851635736942,044731.60,4,0,31.8325921042,118.714162953,156.1168,0.0,0.0,0.0,0.0,0.0,0.0,0.0,0.0,0.0,0
1703738851743093066,915,1703738851739639043,044731.70,4,0,31.8325921067,118.71416293,156.4194,0.0,0.0,0.0,0.0,0.0,0.0,0.0,0.0,0.0,0
1703738851837022250,916,1703738851836534976,044731.80,4,0,31.8325920737,118.714162909,156.7194,0.0,0.0,0.0,0.0,0.0,0.0,0.0,0.0,0.0,0
1703738851978705647,917,1703738851976388931,044731.90,4,0,31.8325920977,118.714162862,157.0159,0.0,0.0,0.0,0.0,0.0,0.0,0.0,0.0,0.0,0
1703738852036172067,918,1703738852035753011,044732.00,4,0,31.8325920893,118.714162833,157.3199,0.0,0.0,0.0,0.0,0.0,0.0,0.0,0.0,0.0,0
1703738852142993026,919,1703738852140778064,044732.10,4,0,31.8325920783,118.714162811,157.6183,0.0,0.0,0.0,0.0,0.0,0.0,0.0,0.0,0.0,0
1703738852236985562,920,1703738852236599922,044732.20,4,0,31.8325921022,118.714162782,157.9142,0.0,0.0,0.0,0.0,0.0,0.0,0.0,0.0,0.0,0
1703738852334691633,921,1703738852334180116,044732.30,4,0,31.832592087,118.714162756,158.2191,0.0,0.0,0.0,0.0,0.0,0.0,0.0,0.0,0.0,0
1703738852441817952,922,1703738852439798116,044732.40,4,0,31.8325920812,118.714162719,158.5231,0.0,0.0,0.0,0.0,0.0,0.0,0.0,0.0,0.0,0
1703738852536340351,923,1703738852535820007,044732.50,4,0,31.8325920693,118.714162698,158.8195,0.0,0.0,0.0,0.0,0.0,0.0,0.0,0.0,0.0,0
1703738852636537544,924,1703738852634036064,044732.60,4,0,31.8325920525,118.714162657,159.1176,0.0,0.0,0.0,0.0,0.0,0.0,0.0,0.0,0.0,0
1703738852742241612,925,1703738852741662979,044732.70,4,0,31.8325920502,118.714162669,159.4155,0.0,0.0,0.0,0.0,0.0,0.0,0.0,0.0,0.0,0
1703738852837758390,926,1703738852837215900,044732.80,4,0,31.8325920198,118.714162681,159.7095,0.0,0.0,0.0,0.0,0.0,0.0,0.0,0.0,0.0,0
1703738852935167950,927,1703738852934688091,044732.90,4,0,31.83259201,118.714162665,160.0244,0.0,0.0,0.0,0.0,0.0,0.0,0.0,0.0,0.0,0
1703738853069071372,928,1703738853068425893,044733.00,4,0,31.8325920282,118.714162687,160.3219,0.0,0.0,0.0,0.0,0.0,0.0,0.0,0.0,0.0,0
1703738853136430854,929,1703738853135773897,044733.10,4,0,31.8325920303,118.714162689,160.6185,0.0,0.0,0.0,0.0,0.0,0.0,0.0,0.0,0.0,0
1703738853240406089,930,1703738853239856004,044733.20,4,0,31.8325920382,118.714162704,160.9137,0.0,0.0,0.0,0.0,0.0,0.0,0.0,0.0,0.0,0
1703738853336339894,931,1703738853335767030,044733.30,4,0,31.8325920408,118.714162704,161.2184,0.0,0.0,0.0,0.0,0.0,0.0,0.0,0.0,0.0,0
1703738853441127702,932,1703738853440017938,044733.40,4,0,31.8325920417,118.714162699,161.5188,0.0,0.0,0.0,0.0,0.0,0.0,0.0,0.0,0.0,0
1703738853535666745,933,1703738853535357952,044733.50,4,0,31.8325920453,118.714162682,161.8185,0.0,0.0,0.0,0.0,0.0,0.0,0.0,0.0,0.0,0
1703738853641082342,934,1703738853640180110,044733.60,4,0,31.8325920392,118.714162637,162.1259,0.0,0.0,0.0,0.0,0.0,0.0,0.0,0.0,0.0,0
1703738853736660569,935,1703738853736191987,044733.70,4,0,31.8325920363,118.714162651,162.4263,0.0,0.0,0.0,0.0,0.0,0.0,0.0,0.0,0.0,0
1703738853841363713,936,1703738853839711904,044733.80,4,0,31.832592035,118.714162629,162.7226,0.0,0.0,0.0,0.0,0.0,0.0,0.0,0.0,0.0,0
1703738853936408946,937,1703738853935822010,044733.90,4,0,31.832592005,118.714162621,163.0272,0.0,0.0,0.0,0.0,0.0,0.0,0.0,0.0,0.0,0
1703738854033964759,938,1703738854033303976,044734.00,4,0,31.832592004,118.714162621,163.3277,0.0,0.0,0.0,0.0,0.0,0.0,0.0,0.0,0.0,0
1703738854160929390,939,1703738854160319089,044734.10,4,0,31.8325920015,118.714162605,163.6253,0.0,0.0,0.0,0.0,0.0,0.0,0.0,0.0,0.0,0
1703738854236556384,940,1703738854235929965,044734.20,4,0,31.8325919792,118.714162601,163.9261,0.0,0.0,0.0,0.0,0.0,0.0,0.0,0.0,0.0,0
1703738854339829204,941,1703738854339355945,044734.30,4,0,31.8325919718,118.714162592,164.2199,0.0,0.0,0.0,0.0,0.0,0.0,0.0,0.0,0.0,0
1703738854435796432,942,1703738854435296058,044734.40,4,0,31.8325919622,118.714162592,164.5296,0.0,0.0,0.0,0.0,0.0,0.0,0.0,0.0,0.0,0
1703738854540285539,943,1703738854539261102,044734.50,4,0,31.8325919703,118.714162587,164.828,0.0,0.0,0.0,0.0,0.0,0.0,0.0,0.0,0.0,0
1703738854637620311,944,1703738854635545969,044734.60,4,0,31.832591944,118.714162599,165.1248,0.0,0.0,0.0,0.0,0.0,0.0,0.0,0.0,0.0,0
1703738854739309424,945,1703738854738532066,044734.70,4,0,31.8325919312,118.714162601,165.4318,0.0,0.0,0.0,0.0,0.0,0.0,0.0,0.0,0.0,0
1703738854835867154,946,1703738854835459947,044734.80,4,0,31.8325919502,118.714162611,165.7285,0.0,0.0,0.0,0.0,0.0,0.0,0.0,0.0,0.0,0
1703738854940302970,947,1703738854939610004,044734.90,4,0,31.8325919727,118.714162633,166.0253,0.0,0.0,0.0,0.0,0.0,0.0,0.0,0.0,0.0,0
1703738855036394723,948,1703738855035831928,044735.00,4,0,31.8325919307,118.714162612,166.3321,0.0,0.0,0.0,0.0,0.0,0.0,0.0,0.0,0.0,0
1703738855139013977,949,1703738855138595104,044735.10,4,0,31.8325919452,118.714162603,166.6302,0.0,0.0,0.0,0.0,0.0,0.0,0.0,0.0,0.0,0
1703738855256759070,950,1703738855256350994,044735.20,4,0,31.8325919473,118.714162628,166.9298,0.0,0.0,0.0,0.0,0.0,0.0,0.0,0.0,0.0,0
1703738855339632187,951,1703738855339076042,044735.30,4,0,31.8325919425,118.714162595,167.2306,0.0,0.0,0.0,0.0,0.0,0.0,0.0,0.0,0.0,0
1703738855436059157,952,1703738855434951066,044735.40,4,0,31.832591922,118.714162609,167.5334,0.0,0.0,0.0,0.0,0.0,0.0,0.0,0.0,0.0,0
1703738855539808793,953,1703738855539412021,044735.50,4,0,31.8325919382,118.714162612,167.8329,0.0,0.0,0.0,0.0,0.0,0.0,0.0,0.0,0.0,0
1703738855636370914,954,1703738855635844945,044735.60,4,0,31.8325919235,118.714162612,168.1312,0.0,0.0,0.0,0.0,0.0,0.0,0.0,0.0,0.0,0
1703738855740990993,955,1703738855739248991,044735.70,4,0,31.8325919332,118.714162612,168.4341,0.0,0.0,0.0,0.0,0.0,0.0,0.0,0.0,0.0,0
1703738855836271209,956,1703738855835719108,044735.80,4,0,31.832591934,118.714162594,168.7319,0.0,0.0,0.0,0.0,0.0,0.0,0.0,0.0,0.0,0
1703738855941904184,957,1703738855941255092,044735.90,4,0,31.8325919383,118.7141626,169.0382,0.0,0.0,0.0,0.0,0.0,0.0,0.0,0.0,0.0,0
1703738856036331977,958,1703738856035768032,044736.00,4,0,31.8325919095,118.714162595,169.3377,0.0,0.0,0.0,0.0,0.0,0.0,0.0,0.0,0.0,0
1703738856134749071,959,1703738856134022951,044736.10,4,0,31.8325919088,118.714162598,169.6396,0.0,0.0,0.0,0.0,0.0,0.0,0.0,0.0,0.0,0
1703738856241730044,960,1703738856240783929,044736.20,4,0,31.8325919105,118.714162586,169.9373,0.0,0.0,0.0,0.0,0.0,0.0,0.0,0.0,0.0,0
1703738856353420784,961,1703738856352236986,044736.30,4,0,31.8325919097,118.71416258,170.2433,0.0,0.0,0.0,0.0,0.0,0.0,0.0,0.0,0.0,0
1703738856434854444,962,1703738856434251070,044736.40,4,0,31.8325918947,118.714162622,170.5399,0.0,0.0,0.0,0.0,0.0,0.0,0.0,0.0,0.0,0
1703738856539952717,963,1703738856539417028,044736.50,4,0,31.832591901,118.714162618,170.8392,0.0,0.0,0.0,0.0,0.0,0.0,0.0,0.0,0.0,0
1703738856635105107,964,1703738856634680032,044736.60,4,0,31.8325918788,118.714162613,171.1377,0.0,0.0,0.0,0.0,0.0,0.0,0.0,0.0,0.0,0
1703738856739764181,965,1703738856739221096,044736.70,4,0,31.832591896,118.714162608,171.4411,0.0,0.0,0.0,0.0,0.0,0.0,0.0,0.0,0.0,0
1703738856836636499,966,1703738856836035966,044736.80,4,0,31.8325919012,118.714162603,171.7302,0.0,0.0,0.0,0.0,0.0,0.0,0.0,0.0,0.0,0
1703738856940573630,967,1703738856939970970,044736.90,4,0,31.8325919257,118.714162626,172.0282,0.0,0.0,0.0,0.0,0.0,0.0,0.0,0.0,0.0,0
1703738857036337696,968,1703738857035814046,044737.00,4,0,31.832591933,118.714162617,172.3257,0.0,0.0,0.0,0.0,0.0,0.0,0.0,0.0,0.0,0
1703738857134067486,969,1703738857133372068,044737.10,4,0,31.8325919433,118.714162606,172.6105,0.0,0.0,0.0,0.0,0.0,0.0,0.0,0.0,0.0,0
1703738857241315439,970,1703738857240257024,044737.20,4,0,31.8325919487,118.714162606,172.8734,0.0,0.0,0.0,0.0,0.0,0.0,0.0,0.0,0.0,0
1703738857336393946,971,1703738857335932970,044737.30,4,0,31.8325919572,118.714162615,173.1208,0.0,0.0,0.0,0.0,0.0,0.0,0.0,0.0,0.0,0
1703738857435082893,972,1703738857434621095,044737.40,4,0,31.8325919747,118.714162632,173.3352,0.0,0.0,0.0,0.0,0.0,0.0,0.0,0.0,0.0,0
1703738857540940443,973,1703738857539535999,044737.50,4,0,31.8325919905,118.714162617,173.5253,0.0,0.0,0.0,0.0,0.0,0.0,0.0,0.0,0.0,0
1703738857635973717,974,1703738857635425090,044737.60,4,0,31.8325919998,118.714162635,173.6833,0.0,0.0,0.0,0.0,0.0,0.0,0.0,0.0,0.0,0
1703738857740267139,975,1703738857739136934,044737.70,4,0,31.8325920082,118.714162652,173.8064,0.0,0.0,0.0,0.0,0.0,0.0,0.0,0.0,0.0,0
1703738857835252753,976,1703738857834888935,044737.80,4,0,31.8325919462,118.714162641,173.9151,0.0,0.0,0.0,0.0,0.0,0.0,0.0,0.0,0.0,0
1703738857940565685,977,1703738857940098047,044737.90,4,0,31.8325919613,118.714162667,173.9906,0.0,0.0,0.0,0.0,0.0,0.0,0.0,0.0,0.0,0
1703738858036948915,978,1703738858036117076,044738.00,4,0,31.832591962,118.714162688,174.0543,0.0,0.0,0.0,0.0,0.0,0.0,0.0,0.0,0.0,0
1703738858140386463,979,1703738858139820098,044738.10,4,0,31.8325919995,118.71416279,174.1012,0.0,0.0,0.0,0.0,0.0,0.0,0.0,0.0,0.0,0
1703738858237386600,980,1703738858236216068,044738.20,4,0,31.8325920223,118.714162843,174.1186,0.0,0.0,0.0,0.0,0.0,0.0,0.0,0.0,0.0,0
1703738858333905921,981,1703738858333333015,044738.30,4,0,31.832592061,118.714162909,174.1207,0.0,0.0,0.0,0.0,0.0,0.0,0.0,0.0,0.0,0
1703738858524874761,982,1703738858524282932,044738.40,4,0,31.8325920707,118.714162932,174.1144,0.0,0.0,0.0,0.0,0.0,0.0,0.0,0.0,0.0,0
1703738858534340680,983,1703738858533797979,044738.50,4,0,31.8325920723,118.714162967,174.1075,0.0,0.0,0.0,0.0,0.0,0.0,0.0,0.0,0.0,0
1703738858641913530,984,1703738858639869928,044738.60,4,0,31.8325921095,118.714163073,174.0736,0.0,0.0,0.0,0.0,0.0,0.0,0.0,0.0,0.0,0
1703738858735334068,985,1703738858734941959,044738.70,4,0,31.8325921113,118.714163221,174.0419,0.0,0.0,0.0,0.0,0.0,0.0,0.0,0.0,0.0,0
1703738858840880352,986,1703738858839498043,044738.80,4,0,31.8325921192,118.714163427,174.0091,0.0,0.0,0.0,0.0,0.0,0.0,0.0,0.0,0.0,0
1703738858935813629,987,1703738858935368061,044738.90,4,0,31.8325920635,118.714163764,173.9843,0.0,0.0,0.0,0.0,0.0,0.0,0.0,0.0,0.0,0
1703738859034858258,988,1703738859033732891,044739.00,4,0,31.8325919993,118.714164217,173.9556,0.0,0.0,0.0,0.0,0.0,0.0,0.0,0.0,0.0,0
1703738859141467470,989,1703738859139890909,044739.10,4,0,31.8325918573,118.714164832,173.9279,0.0,0.0,0.0,0.0,0.0,0.0,0.0,0.0,0.0,0
1703738859235415132,990,1703738859235013008,044739.20,4,0,31.8325916462,118.714165588,173.9027,0.0,0.0,0.0,0.0,0.0,0.0,0.0,0.0,0.0,0
1703738859339417284,991,1703738859338718891,044739.30,4,0,31.8325913718,118.714166531,173.8752,0.0,0.0,0.0,0.0,0.0,0.0,0.0,0.0,0.0,0
1703738859435532644,992,1703738859434883117,044739.40,4,0,31.8325910107,118.714167696,173.85,0.0,0.0,0.0,0.0,0.0,0.0,0.0,0.0,0.0,0
1703738859616837904,993,1703738859616286039,044739.50,4,0,31.8325905807,118.714169094,173.8219,0.0,0.0,0.0,0.0,0.0,0.0,0.0,0.0,0.0,0
1703738859635155716,994,1703738859634609937,044739.60,4,0,31.8325900097,118.714170752,173.8046,0.0,0.0,0.0,0.0,0.0,0.0,0.0,0.0,0.0,0
1703738859741407185,995,1703738859740847110,044739.70,4,0,31.8325893577,118.714172701,173.7829,0.0,0.0,0.0,0.0,0.0,0.0,0.0,0.0,0.0,0
1703738859838513348,996,1703738859837131023,044739.80,4,0,31.8325885502,118.714174947,173.7659,0.0,0.0,0.0,0.0,0.0,0.0,0.0,0.0,0.0,0
1703738859934941187,997,1703738859934451103,044739.90,4,0,31.8325876167,118.71417747,173.7558,0.0,0.0,0.0,0.0,0.0,0.0,0.0,0.0,0.0,0
1703738860039320783,998,1703738860038610935,044740.00,4,0,31.8325865405,118.714180299,173.741,0.0,0.0,0.0,0.0,0.0,0.0,0.0,0.0,0.0,0
1703738860135788426,999,1703738860134721994,044740.10,4,0,31.832585326,118.714183424,173.7342,0.0,0.0,0.0,0.0,0.0,0.0,0.0,0.0,0.0,0
1703738860242808611,1000,1703738860240900993,044740.20,4,0,31.832584005,118.714186867,173.7181,0.0,0.0,0.0,0.0,0.0,0.0,0.0,0.0,0.0,0
1703738860337372368,1001,1703738860336364030,044740.30,4,0,31.8325825127,118.714190612,173.7128,0.0,0.0,0.0,0.0,0.0,0.0,0.0,0.0,0.0,0
1703738860444775882,1002,1703738860441685914,044740.40,4,0,31.8325808763,118.714194666,173.7066,0.0,0.0,0.0,0.0,0.0,0.0,0.0,0.0,0.0,0
1703738860536224005,1003,1703738860535794973,044740.50,4,0,31.8325791417,118.714198983,173.6965,0.0,0.0,0.0,0.0,0.0,0.0,0.0,0.0,0.0,0
1703738860711012606,1004,1703738860708775997,044740.60,4,0,31.832577275,118.714203583,173.6905,0.0,0.0,0.0,0.0,0.0,0.0,0.0,0.0,0.0,0
1703738860742346133,1005,1703738860740483999,044740.70,4,0,31.832575336,118.714208439,173.6874,0.0,0.0,0.0,0.0,0.0,0.0,0.0,0.0,0.0,0
1703738860835722362,1006,1703738860835242033,044740.80,4,0,31.8325732567,118.71421352,173.6799,0.0,0.0,0.0,0.0,0.0,0.0,0.0,0.0,0.0,0
1703738860941468880,1007,1703738860939901113,044740.90,4,0,31.8325710877,118.71421883,173.6759,0.0,0.0,0.0,0.0,0.0,0.0,0.0,0.0,0.0,0
1703738861036480344,1008,1703738861035630941,044741.00,4,0,31.8325688195,118.71422432,173.6845,0.0,0.0,0.0,0.0,0.0,0.0,0.0,0.0,0.0,0
1703738861134327918,1009,1703738861133172988,044741.10,4,0,31.8325665155,118.714230001,173.6824,0.0,0.0,0.0,0.0,0.0,0.0,0.0,0.0,0.0,0
1703738861240802487,1010,1703738861240293025,044741.20,4,0,31.8325641172,118.71423584,173.677,0.0,0.0,0.0,0.0,0.0,0.0,0.0,0.0,0.0,0
1703738861336765621,1011,1703738861336042881,044741.30,4,0,31.832561672,118.714241812,173.6743,0.0,0.0,0.0,0.0,0.0,0.0,0.0,0.0,0.0,0
1703738861440426442,1012,1703738861439739942,044741.40,4,0,31.8325591815,118.714247855,173.6725,0.0,0.0,0.0,0.0,0.0,0.0,0.0,0.0,0.0,0
1703738861536094810,1013,1703738861535533905,044741.50,4,0,31.8325566495,118.714254018,173.677,0.0,0.0,0.0,0.0,0.0,0.0,0.0,0.0,0.0,0
1703738861634290134,1014,1703738861633403062,044741.60,4,0,31.832554143,118.714260195,173.6835,0.0,0.0,0.0,0.0,0.0,0.0,0.0,0.0,0.0,0
1703738861801232714,1015,1703738861800373077,044741.70,4,0,31.8325516172,118.71426638,173.691,0.0,0.0,0.0,0.0,0.0,0.0,0.0,0.0,0.0,0
1703738861835682557,1016,1703738861835179090,044741.80,4,0,31.8325490878,118.714272517,173.6923,0.0,0.0,0.0,0.0,0.0,0.0,0.0,0.0,0.0,0
1703738861940336446,1017,1703738861939723014,044741.90,4,0,31.8325465955,118.714278604,173.6905,0.0,0.0,0.0,0.0,0.0,0.0,0.0,0.0,0.0,0
1703738862036472668,1018,1703738862035825014,044742.00,4,0,31.8325441783,118.714284602,173.6907,0.0,0.0,0.0,0.0,0.0,0.0,0.0,0.0,0.0,0
1703738862140535445,1019,1703738862140033960,044742.10,4,0,31.8325417707,118.714290491,173.6987,0.0,0.0,0.0,0.0,0.0,0.0,0.0,0.0,0.0,0
1703738862236695998,1020,1703738862236243009,044742.20,4,0,31.8325394178,118.714296287,173.7064,0.0,0.0,0.0,0.0,0.0,0.0,0.0,0.0,0.0,0
1703738862334973605,1021,1703738862333477020,044742.30,4,0,31.8325371485,118.714301923,173.7058,0.0,0.0,0.0,0.0,0.0,0.0,0.0,0.0,0.0,0
1703738862443304912,1022,1703738862442174911,044742.40,4,0,31.8325349738,118.714307385,173.7123,0.0,0.0,0.0,0.0,0.0,0.0,0.0,0.0,0.0,0
1703738862538727443,1023,1703738862537656068,044742.50,4,0,31.8325328457,118.714312651,173.7102,0.0,0.0,0.0,0.0,0.0,0.0,0.0,0.0,0.0,0
1703738862635389218,1024,1703738862634428024,044742.60,4,0,31.8325308302,118.714317716,173.7147,0.0,0.0,0.0,0.0,0.0,0.0,0.0,0.0,0.0,0
1703738862741906346,1025,1703738862740211009,044742.70,4,0,31.8325289115,118.714322519,173.7121,0.0,0.0,0.0,0.0,0.0,0.0,0.0,0.0,0.0,0
1703738862897129533,1026,1703738862896449089,044742.80,4,0,31.8325271183,118.714327075,173.7107,0.0,0.0,0.0,0.0,0.0,0.0,0.0,0.0,0.0,0
1703738862940588608,1027,1703738862939913034,044742.90,4,0,31.8325254257,118.71433133,173.7111,0.0,0.0,0.0,0.0,0.0,0.0,0.0,0.0,0.0,0
1703738863036604127,1028,1703738863036109924,044743.00,4,0,31.8325238318,118.714335292,173.7076,0.0,0.0,0.0,0.0,0.0,0.0,0.0,0.0,0.0,0
1703738863142263328,1029,1703738863140355110,044743.10,4,0,31.832522372,118.71433893,173.7009,0.0,0.0,0.0,0.0,0.0,0.0,0.0,0.0,0.0,0
1703738863235927329,1030,1703738863235574007,044743.20,4,0,31.832521058,118.71434226,173.6944,0.0,0.0,0.0,0.0,0.0,0.0,0.0,0.0,0.0,0
1703738863341470763,1031,1703738863340786933,044743.30,4,0,31.832519809,118.714345254,173.6931,0.0,0.0,0.0,0.0,0.0,0.0,0.0,0.0,0.0,0
1703738863435850089,1032,1703738863435551881,044743.40,4,0,31.8325187583,118.714347903,173.683,0.0,0.0,0.0,0.0,0.0,0.0,0.0,0.0,0.0,0
1703738863533941806,1033,1703738863533458948,044743.50,4,0,31.8325177848,118.714350171,173.6714,0.0,0.0,0.0,0.0,0.0,0.0,0.0,0.0,0.0,0
1703738863639301226,1034,1703738863638744115,044743.60,4,0,31.8325169918,118.714352089,173.6639,0.0,0.0,0.0,0.0,0.0,0.0,0.0,0.0,0.0,0
1703738863734752818,1035,1703738863734503030,044743.70,4,0,31.8325163088,118.714353667,173.6477,0.0,0.0,0.0,0.0,0.0,0.0,0.0,0.0,0.0,0
1703738863840873772,1036,1703738863839693069,044743.80,4,0,31.832515751,118.714354873,173.6349,0.0,0.0,0.0,0.0,0.0,0.0,0.0,0.0,0.0,0
1703738863992886561,1037,1703738863992336988,044743.90,4,0,31.8325153278,118.714355776,173.6225,0.0,0.0,0.0,0.0,0.0,0.0,0.0,0.0,0.0,0
1703738864039809422,1038,1703738864039273023,044744.00,4,0,31.8325149978,118.714356402,173.6122,0.0,0.0,0.0,0.0,0.0,0.0,0.0,0.0,0.0,0
1703738864136296618,1039,1703738864135664939,044744.10,4,0,31.8325148293,118.714356902,173.6048,0.0,0.0,0.0,0.0,0.0,0.0,0.0,0.0,0.0,0
1703738864241467510,1040,1703738864240788936,044744.20,4,0,31.832514842,118.714357524,173.5738,0.0,0.0,0.0,0.0,0.0,0.0,0.0,0.0,0.0,0
1703738864337649945,1041,1703738864336885929,044744.30,4,0,31.8325149778,118.714357864,173.5668,0.0,0.0,0.0,0.0,0.0,0.0,0.0,0.0,0.0,0
1703738864434906762,1042,1703738864434240102,044744.40,4,0,31.8325151295,118.714357811,173.567,0.0,0.0,0.0,0.0,0.0,0.0,0.0,0.0,0.0,0
1703738864543255505,1043,1703738864540978908,044744.50,4,0,31.8325152787,118.714357549,173.5682,0.0,0.0,0.0,0.0,0.0,0.0,0.0,0.0,0.0,0
1703738864636888985,1044,1703738864636106967,044744.60,4,0,31.832515493,118.71435707,173.5522,0.0,0.0,0.0,0.0,0.0,0.0,0.0,0.0,0.0,0
1703738864735735395,1045,1703738864734869956,044744.70,4,0,31.8325157518,118.714356584,173.5392,0.0,0.0,0.0,0.0,0.0,0.0,0.0,0.0,0.0,0
1703738864842487588,1046,1703738864840218067,044744.80,4,0,31.8325160833,118.714355999,173.5303,0.0,0.0,0.0,0.0,0.0,0.0,0.0,0.0,0.0,0
1703738864935614693,1047,1703738864935195922,044744.90,4,0,31.8325164905,118.714355327,173.5363,0.0,0.0,0.0,0.0,0.0,0.0,0.0,0.0,0.0,0
1703738865085282446,1048,1703738865084538936,044745.00,4,0,31.8325168662,118.714354536,173.5289,0.0,0.0,0.0,0.0,0.0,0.0,0.0,0.0,0.0,0
1703738865136179444,1049,1703738865134800910,044745.10,4,0,31.8325172537,118.714353742,173.5002,0.0,0.0,0.0,0.0,0.0,0.0,0.0,0.0,0.0,0
1703738865242457128,1050,1703738865240804910,044745.20,4,0,31.83251766,118.714352905,173.4882,0.0,0.0,0.0,0.0,0.0,0.0,0.0,0.0,0.0,0
1703738865337304184,1051,1703738865336637020,044745.30,4,0,31.8325180787,118.714352133,173.4846,0.0,0.0,0.0,0.0,0.0,0.0,0.0,0.0,0.0,0
1703738865441782627,1052,1703738865441258907,044745.40,4,0,31.8325184443,118.714351434,173.4706,0.0,0.0,0.0,0.0,0.0,0.0,0.0,0.0,0.0,0
1703738865538171200,1053,1703738865537259101,044745.50,4,0,31.8325188165,118.714350829,173.4699,0.0,0.0,0.0,0.0,0.0,0.0,0.0,0.0,0.0,0
1703738865634430192,1054,1703738865634064912,044745.60,4,0,31.8325191653,118.714350315,173.4719,0.0,0.0,0.0,0.0,0.0,0.0,0.0,0.0,0.0,0
1703738865739352169,1055,1703738865738883972,044745.70,4,0,31.8325195207,118.714349929,173.4644,0.0,0.0,0.0,0.0,0.0,0.0,0.0,0.0,0.0,0
1703738865835974251,1056,1703738865835357904,044745.80,4,0,31.8325198518,118.714349722,173.4543,0.0,0.0,0.0,0.0,0.0,0.0,0.0,0.0,0.0,0
1703738865939180729,1057,1703738865938587903,044745.90,4,0,31.8325201572,118.714349702,173.4454,0.0,0.0,0.0,0.0,0.0,0.0,0.0,0.0,0.0,0
1703738866034763848,1058,1703738866034378051,044746.00,4,0,31.832520463,118.714349919,173.4365,0.0,0.0,0.0,0.0,0.0,0.0,0.0,0.0,0.0,0
1703738866180812429,1059,1703738866180387973,044746.10,4,0,31.8325207523,118.714350405,173.4306,0.0,0.0,0.0,0.0,0.0,0.0,0.0,0.0,0.0,0
1703738866236843066,1060,1703738866235452890,044746.20,4,0,31.8325209892,118.714351152,173.4312,0.0,0.0,0.0,0.0,0.0,0.0,0.0,0.0,0.0,0
1703738866341050303,1061,1703738866339440107,044746.30,4,0,31.8325212363,118.714352248,173.4256,0.0,0.0,0.0,0.0,0.0,0.0,0.0,0.0,0.0,0
1703738866435294362,1062,1703738866434906005,044746.40,4,0,31.8325214475,118.714353656,173.4141,0.0,0.0,0.0,0.0,0.0,0.0,0.0,0.0,0.0,0
1703738866540296711,1063,1703738866539736032,044746.50,4,0,31.8325216952,118.714355396,173.4077,0.0,0.0,0.0,0.0,0.0,0.0,0.0,0.0,0.0,0
1703738866636050577,1064,1703738866635586023,044746.60,4,0,31.8325218307,118.71435757,173.4018,0.0,0.0,0.0,0.0,0.0,0.0,0.0,0.0,0.0,0
1703738866734176231,1065,1703738866733331918,044746.70,4,0,31.8325219567,118.714360102,173.4075,0.0,0.0,0.0,0.0,0.0,0.0,0.0,0.0,0.0,0
1703738866841726918,1066,1703738866839571952,044746.80,4,0,31.8325220573,118.714363029,173.4081,0.0,0.0,0.0,0.0,0.0,0.0,0.0,0.0,0.0,0
1703738866934892752,1067,1703738866934422016,044746.90,4,0,31.8325220908,118.714366328,173.4098,0.0,0.0,0.0,0.0,0.0,0.0,0.0,0.0,0.0,0
1703738867039276515,1068,1703738867038839101,044747.00,4,0,31.8325221538,118.714369999,173.416,0.0,0.0,0.0,0.0,0.0,0.0,0.0,0.0,0.0,0
1703738867134674342,1069,1703738867134342908,044747.10,4,0,31.8325221637,118.714374053,173.412,0.0,0.0,0.0,0.0,0.0,0.0,0.0,0.0,0.0,0
1703738867273263915,1070,1703738867272329092,044747.20,4,0,31.832522135,118.714378446,173.4345,0.0,0.0,0.0,0.0,0.0,0.0,0.0,0.0,0.0,0
1703738867335692189,1071,1703738867335433959,044747.30,4,0,31.8325221133,118.714383099,173.468,0.0,0.0,0.0,0.0,0.0,0.0,0.0,0.0,0.0,0
1703738867434633444,1072,1703738867433738946,044747.40,4,0,31.8325220573,118.714387748,173.4868,0.0,0.0,0.0,0.0,0.0,0.0,0.0,0.0,0.0,0
1703738867540049131,1073,1703738867539524078,044747.50,4,0,31.8325219967,118.714392523,173.4875,0.0,0.0,0.0,0.0,0.0,0.0,0.0,0.0,0.0,0
1703738867637696788,1074,1703738867635451078,044747.60,4,0,31.8325219623,118.714397326,173.4817,0.0,0.0,0.0,0.0,0.0,0.0,0.0,0.0,0.0,0
1703738867740589772,1075,1703738867739788055,044747.70,4,0,31.8325219092,118.714402227,173.4805,0.0,0.0,0.0,0.0,0.0,0.0,0.0,0.0,0.0,0
1703738867835586345,1076,1703738867835160970,044747.80,4,0,31.8325218655,118.714407237,173.476,0.0,0.0,0.0,0.0,0.0,0.0,0.0,0.0,0.0,0
1703738867940843823,1077,1703738867939044952,044747.90,4,0,31.8325217733,118.714412364,173.4758,0.0,0.0,0.0,0.0,0.0,0.0,0.0,0.0,0.0,0
1703738868035622141,1078,1703738868034739971,044748.00,4,0,31.8325216908,118.714417612,173.4748,0.0,0.0,0.0,0.0,0.0,0.0,0.0,0.0,0.0,0
1703738868141390983,1079,1703738868140271902,044748.10,4,0,31.8325216127,118.714422971,173.4756,0.0,0.0,0.0,0.0,0.0,0.0,0.0,0.0,0.0,0
1703738868235823979,1080,1703738868235551118,044748.20,4,0,31.8325215337,118.714428458,173.4777,0.0,0.0,0.0,0.0,0.0,0.0,0.0,0.0,0.0,0
1703738868364985613,1081,1703738868364310026,044748.30,4,0,31.832521405,118.71443404,173.4759,0.0,0.0,0.0,0.0,0.0,0.0,0.0,0.0,0.0,0
1703738868438406647,1082,1703738868437819957,044748.40,4,0,31.8325212732,118.714439737,173.4734,0.0,0.0,0.0,0.0,0.0,0.0,0.0,0.0,0.0,0
1703738868535676422,1083,1703738868534606933,044748.50,4,0,31.8325211772,118.714445542,173.4753,0.0,0.0,0.0,0.0,0.0,0.0,0.0,0.0,0.0,0
1703738868639288271,1084,1703738868637636899,044748.60,4,0,31.8325210578,118.714451432,173.4744,0.0,0.0,0.0,0.0,0.0,0.0,0.0,0.0,0.0,0
1703738868734439494,1085,1703738868734051942,044748.70,4,0,31.8325209123,118.71445744,173.4746,0.0,0.0,0.0,0.0,0.0,0.0,0.0,0.0,0.0,0
1703738868837878882,1086,1703738868837469100,044748.80,4,0,31.832520769,118.714463582,173.4676,0.0,0.0,0.0,0.0,0.0,0.0,0.0,0.0,0.0,0
1703738868934161180,1087,1703738868933810949,044748.90,4,0,31.8325206165,118.714469832,173.4703,0.0,0.0,0.0,0.0,0.0,0.0,0.0,0.0,0.0,0
1703738869039492329,1088,1703738869038986921,044749.00,4,0,31.8325204833,118.714476184,173.4621,0.0,0.0,0.0,0.0,0.0,0.0,0.0,0.0,0.0,0
1703738869135562953,1089,1703738869135087966,044749.10,4,0,31.8325203343,118.714482654,173.4618,0.0,0.0,0.0,0.0,0.0,0.0,0.0,0.0,0.0,0
1703738869242111883,1090,1703738869240494966,044749.20,4,0,31.8325201615,118.71448922,173.4642,0.0,0.0,0.0,0.0,0.0,0.0,0.0,0.0,0.0,0
1703738869335235582,1091,1703738869334858894,044749.30,4,0,31.8325199827,118.714495902,173.4665,0.0,0.0,0.0,0.0,0.0,0.0,0.0,0.0,0.0,0
1703738869456765085,1092,1703738869456273078,044749.40,4,0,31.8325198213,118.71450269,173.4715,0.0,0.0,0.0,0.0,0.0,0.0,0.0,0.0,0.0,0
1703738869542705851,1093,1703738869541579008,044749.50,4,0,31.8325196697,118.714509551,173.4691,0.0,0.0,0.0,0.0,0.0,0.0,0.0,0.0,0.0,0
1703738869638768041,1094,1703738869638226032,044749.60,4,0,31.832519477,118.71451654,173.4728,0.0,0.0,0.0,0.0,0.0,0.0,0.0,0.0,0.0,0
1703738869735113544,1095,1703738869733845949,044749.70,4,0,31.8325193072,118.714523619,173.4677,0.0,0.0,0.0,0.0,0.0,0.0,0.0,0.0,0.0,0
1703738869839245206,1096,1703738869837027072,044749.80,4,0,31.832519149,118.714530804,173.4725,0.0,0.0,0.0,0.0,0.0,0.0,0.0,0.0,0.0,0
1703738869934535475,1097,1703738869934032917,044749.90,4,0,31.832518977,118.714538131,173.4698,0.0,0.0,0.0,0.0,0.0,0.0,0.0,0.0,0.0,0
1703738870038235536,1098,1703738870037374019,044750.00,4,0,31.8325187952,118.714545508,173.4637,0.0,0.0,0.0,0.0,0.0,0.0,0.0,0.0,0.0,0
1703738870134633894,1099,1703738870133918046,044750.10,4,0,31.832518624,118.714552999,173.4637,0.0,0.0,0.0,0.0,0.0,0.0,0.0,0.0,0.0,0
1703738870241611875,1100,1703738870239541053,044750.20,4,0,31.8325184435,118.714560562,173.4649,0.0,0.0,0.0,0.0,0.0,0.0,0.0,0.0,0.0,0
1703738870335773676,1101,1703738870335397958,044750.30,4,0,31.8325182658,118.71456825,173.4586,0.0,0.0,0.0,0.0,0.0,0.0,0.0,0.0,0.0,0
1703738870439888193,1102,1703738870439420938,044750.40,4,0,31.8325180695,118.71457599,173.4623,0.0,0.0,0.0,0.0,0.0,0.0,0.0,0.0,0.0,0
1703738870550637923,1103,1703738870548264026,044750.50,4,0,31.8325178735,118.714583865,173.4644,0.0,0.0,0.0,0.0,0.0,0.0,0.0,0.0,0.0,0
1703738870633636252,1104,1703738870632879018,044750.60,4,0,31.8325176957,118.714591819,173.4628,0.0,0.0,0.0,0.0,0.0,0.0,0.0,0.0,0.0,0
1703738870741382839,1105,1703738870739831924,044750.70,4,0,31.8325175168,118.714599877,173.4642,0.0,0.0,0.0,0.0,0.0,0.0,0.0,0.0,0.0,0
1703738870834563905,1106,1703738870834156036,044750.80,4,0,31.8325173227,118.714608024,173.4615,0.0,0.0,0.0,0.0,0.0,0.0,0.0,0.0,0.0,0
1703738870939098780,1107,1703738870938214063,044750.90,4,0,31.832517136,118.714616284,173.4613,0.0,0.0,0.0,0.0,0.0,0.0,0.0,0.0,0.0,0
1703738871034724390,1108,1703738871033766031,044751.00,4,0,31.8325169728,118.714624628,173.4649,0.0,0.0,0.0,0.0,0.0,0.0,0.0,0.0,0.0,0
1703738871140791185,1109,1703738871138211011,044751.10,4,0,31.8325168053,118.714633084,173.4599,0.0,0.0,0.0,0.0,0.0,0.0,0.0,0.0,0.0,0
1703738871235903657,1110,1703738871235363006,044751.20,4,0,31.8325166303,118.714641634,173.4626,0.0,0.0,0.0,0.0,0.0,0.0,0.0,0.0,0.0,0
1703738871340082703,1111,1703738871339368104,044751.30,4,0,31.8325164665,118.714650269,173.4529,0.0,0.0,0.0,0.0,0.0,0.0,0.0,0.0,0.0,0
1703738871435683883,1112,1703738871435250043,044751.40,4,0,31.8325162865,118.714659011,173.4617,0.0,0.0,0.0,0.0,0.0,0.0,0.0,0.0,0.0,0
1703738871534098178,1113,1703738871533426046,044751.50,4,0,31.8325160843,118.714667836,173.4652,0.0,0.0,0.0,0.0,0.0,0.0,0.0,0.0,0.0,0
1703738871645769281,1114,1703738871644280910,044751.60,4,0,31.8325158905,118.71467675,173.4564,0.0,0.0,0.0,0.0,0.0,0.0,0.0,0.0,0.0,0
1703738871734014417,1115,1703738871733525037,044751.70,4,0,31.8325156712,118.714685756,173.4565,0.0,0.0,0.0,0.0,0.0,0.0,0.0,0.0,0.0,0
1703738871838177785,1116,1703738871837485074,044751.80,4,0,31.8325154462,118.714694825,173.4626,0.0,0.0,0.0,0.0,0.0,0.0,0.0,0.0,0.0,0
1703738871934087737,1117,1703738871933712959,044751.90,4,0,31.832515215,118.714704012,173.4663,0.0,0.0,0.0,0.0,0.0,0.0,0.0,0.0,0.0,0
1703738872038435866,1118,1703738872037806034,044752.00,4,0,31.832514984,118.714713246,173.4691,0.0,0.0,0.0,0.0,0.0,0.0,0.0,0.0,0.0,0
1703738872135879820,1119,1703738872134710073,044752.10,4,0,31.8325147355,118.714722587,173.4657,0.0,0.0,0.0,0.0,0.0,0.0,0.0,0.0,0.0,0
1703738872240511013,1120,1703738872238997936,044752.20,4,0,31.8325144755,118.714732013,173.4735,0.0,0.0,0.0,0.0,0.0,0.0,0.0,0.0,0.0,0
1703738872336705800,1121,1703738872335901021,044752.30,4,0,31.8325142057,118.71474152,173.4697,0.0,0.0,0.0,0.0,0.0,0.0,0.0,0.0,0.0,0
1703738872439720856,1122,1703738872439191102,044752.40,4,0,31.832513944,118.714751104,173.4726,0.0,0.0,0.0,0.0,0.0,0.0,0.0,0.0,0.0,0
1703738872535506856,1123,1703738872534765005,044752.50,4,0,31.8325136825,118.714760776,173.4716,0.0,0.0,0.0,0.0,0.0,0.0,0.0,0.0,0.0,0
1703738872721599803,1124,1703738872720446109,044752.60,4,0,31.8325134143,118.714770514,173.4766,0.0,0.0,0.0,0.0,0.0,0.0,0.0,0.0,0.0,0
1703738872738951121,1125,1703738872738485097,044752.70,4,0,31.8325131663,118.714780328,173.4753,0.0,0.0,0.0,0.0,0.0,0.0,0.0,0.0,0.0,0
1703738872835483786,1126,1703738872834860086,044752.80,4,0,31.8325128703,118.714790206,173.4774,0.0,0.0,0.0,0.0,0.0,0.0,0.0,0.0,0.0,0
1703738872938858241,1127,1703738872938227891,044752.90,4,0,31.8325125792,118.714800189,173.4832,0.0,0.0,0.0,0.0,0.0,0.0,0.0,0.0,0.0,0
1703738873035228157,1128,1703738873034540891,044753.00,4,0,31.8325123112,118.714810237,173.4801,0.0,0.0,0.0,0.0,0.0,0.0,0.0,0.0,0.0,0
1703738873138862849,1129,1703738873138164043,044753.10,4,0,31.8325120212,118.714820362,173.4804,0.0,0.0,0.0,0.0,0.0,0.0,0.0,0.0,0.0,0
1703738873235254690,1130,1703738873234741926,044753.20,4,0,31.832511736,118.714830529,173.4758,0.0,0.0,0.0,0.0,0.0,0.0,0.0,0.0,0.0,0
1703738873341900394,1131,1703738873339603900,044753.30,4,0,31.8325114818,118.714840775,173.4847,0.0,0.0,0.0,0.0,0.0,0.0,0.0,0.0,0.0,0
1703738873437604681,1132,1703738873435677051,044753.40,4,0,31.8325112038,118.714851093,173.4857,0.0,0.0,0.0,0.0,0.0,0.0,0.0,0.0,0.0,0
1703738873534503172,1133,1703738873533746004,044753.50,4,0,31.8325109322,118.714861463,173.4875,0.0,0.0,0.0,0.0,0.0,0.0,0.0,0.0,0.0,0
1703738873638880589,1134,1703738873637756109,044753.60,4,0,31.8325106758,118.714871903,173.4826,0.0,0.0,0.0,0.0,0.0,0.0,0.0,0.0,0.0,0
1703738873812857149,1135,1703738873812330961,044753.70,4,0,31.8325104023,118.714882426,173.4807,0.0,0.0,0.0,0.0,0.0,0.0,0.0,0.0,0.0,0
1703738873842608360,1136,1703738873838962078,044753.80,4,0,31.8325101702,118.714892984,173.4745,0.0,0.0,0.0,0.0,0.0,0.0,0.0,0.0,0.0,0
1703738873935169397,1137,1703738873934587001,044753.90,4,0,31.8325099037,118.714903588,173.477,0.0,0.0,0.0,0.0,0.0,0.0,0.0,0.0,0.0,0
1703738874033709692,1138,1703738874032022953,044754.00,4,0,31.8325096443,118.714914266,173.4789,0.0,0.0,0.0,0.0,0.0,0.0,0.0,0.0,0.0,0
1703738874144065872,1139,1703738874143623113,044754.10,4,0,31.8325094047,118.714925009,173.4746,0.0,0.0,0.0,0.0,0.0,0.0,0.0,0.0,0.0,0
1703738874241558605,1140,1703738874240380048,044754.20,4,0,31.8325091375,118.714935796,173.4757,0.0,0.0,0.0,0.0,0.0,0.0,0.0,0.0,0.0,0
1703738874345759570,1141,1703738874345195055,044754.30,4,0,31.8325088887,118.714946638,173.4708,0.0,0.0,0.0,0.0,0.0,0.0,0.0,0.0,0.0,0
1703738874443048761,1142,1703738874441293001,044754.40,4,0,31.8325086403,118.714957521,173.4765,0.0,0.0,0.0,0.0,0.0,0.0,0.0,0.0,0.0,0
1703738874542427060,1143,1703738874539592981,044754.50,4,0,31.8325083953,118.714968426,173.483,0.0,0.0,0.0,0.0,0.0,0.0,0.0,0.0,0.0,0
1703738874649961455,1144,1703738874649602890,044754.60,4,0,31.8325081377,118.714979383,173.4886,0.0,0.0,0.0,0.0,0.0,0.0,0.0,0.0,0.0,0
1703738874739566406,1145,1703738874739012002,044754.70,4,0,31.8325078902,118.714990293,173.4909,0.0,0.0,0.0,0.0,0.0,0.0,0.0,0.0,0.0,0
1703738874908907445,1146,1703738874908365964,044754.80,4,0,31.8325076592,118.71500123,173.4962,0.0,0.0,0.0,0.0,0.0,0.0,0.0,0.0,0.0,0
1703738874940088622,1147,1703738874939335107,044754.90,4,0,31.8325074202,118.715012157,173.4976,0.0,0.0,0.0,0.0,0.0,0.0,0.0,0.0,0.0,0
1703738875035685477,1148,1703738875035150051,044755.00,4,0,31.832507177,118.715023073,173.4957,0.0,0.0,0.0,0.0,0.0,0.0,0.0,0.0,0.0,0
1703738875148440808,1149,1703738875147241115,044755.10,4,0,31.83250694,118.715033957,173.4982,0.0,0.0,0.0,0.0,0.0,0.0,0.0,0.0,0.0,0
1703738875244677540,1150,1703738875244146108,044755.20,4,0,31.832506691,118.715044827,173.5017,0.0,0.0,0.0,0.0,0.0,0.0,0.0,0.0,0.0,0
1703738875341603646,1151,1703738875340163946,044755.30,4,0,31.8325064502,118.715055697,173.5096,0.0,0.0,0.0,0.0,0.0,0.0,0.0,0.0,0.0,0
1703738875438897011,1152,1703738875437954902,044755.40,4,0,31.8325062155,118.715066532,173.5101,0.0,0.0,0.0,0.0,0.0,0.0,0.0,0.0,0.0,0
1703738875542971179,1153,1703738875542546987,044755.50,4,0,31.8325059873,118.715077378,173.514,0.0,0.0,0.0,0.0,0.0,0.0,0.0,0.0,0.0,0
1703738875642516841,1154,1703738875638688087,044755.60,4,0,31.8325057337,118.715088205,173.5135,0.0,0.0,0.0,0.0,0.0,0.0,0.0,0.0,0.0,0
1703738875742755417,1155,1703738875741931915,044755.70,4,0,31.8325055207,118.715098997,173.5118,0.0,0.0,0.0,0.0,0.0,0.0,0.0,0.0,0.0,0
1703738875838476382,1156,1703738875837821006,044755.80,4,0,31.8325053098,118.715109771,173.5141,0.0,0.0,0.0,0.0,0.0,0.0,0.0,0.0,0.0,0
1703738876001060058,1157,1703738876000349044,044755.90,4,0,31.832505057,118.7151205,173.5138,0.0,0.0,0.0,0.0,0.0,0.0,0.0,0.0,0.0,0
1703738876038870365,1158,1703738876038469076,044756.00,4,0,31.8325048375,118.715131271,173.5123,0.0,0.0,0.0,0.0,0.0,0.0,0.0,0.0,0.0,0
1703738876135531762,1159,1703738876135086059,044756.10,4,0,31.8325046098,118.715141991,173.5099,0.0,0.0,0.0,0.0,0.0,0.0,0.0,0.0,0.0,0
1703738876240835846,1160,1703738876240267992,044756.20,4,0,31.8325043782,118.715152698,173.5081,0.0,0.0,0.0,0.0,0.0,0.0,0.0,0.0,0.0,0
1703738876336540204,1161,1703738876335813999,044756.30,4,0,31.832504151,118.715163372,173.5007,0.0,0.0,0.0,0.0,0.0,0.0,0.0,0.0,0.0,0
1703738876433956975,1162,1703738876433383941,044756.40,4,0,31.8325039022,118.715174044,173.4999,0.0,0.0,0.0,0.0,0.0,0.0,0.0,0.0,0.0,0
1703738876541499109,1163,1703738876539832115,044756.50,4,0,31.8325036505,118.715184711,173.5003,0.0,0.0,0.0,0.0,0.0,0.0,0.0,0.0,0.0,0
1703738876634713941,1164,1703738876634218931,044756.60,4,0,31.8325034055,118.715195357,173.5078,0.0,0.0,0.0,0.0,0.0,0.0,0.0,0.0,0.0,0
1703738876739196616,1165,1703738876738605022,044756.70,4,0,31.8325031725,118.715206006,173.5011,0.0,0.0,0.0,0.0,0.0,0.0,0.0,0.0,0.0,0
1703738876833678875,1166,1703738876833457946,044756.80,4,0,31.8325029092,118.715216633,173.501,0.0,0.0,0.0,0.0,0.0,0.0,0.0,0.0,0.0,0
1703738876938493852,1167,1703738876937685966,044756.90,4,0,31.8325026415,118.715227239,173.5,0.0,0.0,0.0,0.0,0.0,0.0,0.0,0.0,0.0,0
1703738877097429719,1168,1703738877096470117,044757.00,4,0,31.8325023873,118.715237854,173.4981,0.0,0.0,0.0,0.0,0.0,0.0,0.0,0.0,0.0,0
1703738877140852727,1169,1703738877138890981,044757.10,4,0,31.8325021405,118.715248458,173.5062,0.0,0.0,0.0,0.0,0.0,0.0,0.0,0.0,0.0,0
1703738877234916336,1170,1703738877234587907,044757.20,4,0,31.8325018922,118.715259044,173.5003,0.0,0.0,0.0,0.0,0.0,0.0,0.0,0.0,0.0,0
1703738877343213524,1171,1703738877340198993,044757.30,4,0,31.8325016157,118.715269626,173.5065,0.0,0.0,0.0,0.0,0.0,0.0,0.0,0.0,0.0,0
1703738877437645541,1172,1703738877436569929,044757.40,4,0,31.8325013858,118.71528021,173.4984,0.0,0.0,0.0,0.0,0.0,0.0,0.0,0.0,0.0,0
1703738877534337396,1173,1703738877533798933,044757.50,4,0,31.8325011448,118.715290771,173.4931,0.0,0.0,0.0,0.0,0.0,0.0,0.0,0.0,0.0,0
1703738877637985055,1174,1703738877637326002,044757.60,4,0,31.8325008948,118.715301309,173.4944,0.0,0.0,0.0,0.0,0.0,0.0,0.0,0.0,0.0,0
1703738877734834007,1175,1703738877734208106,044757.70,4,0,31.8325006442,118.715311847,173.4936,0.0,0.0,0.0,0.0,0.0,0.0,0.0,0.0,0.0,0
1703738877838769557,1176,1703738877838174104,044757.80,4,0,31.8325003895,118.715322361,173.5032,0.0,0.0,0.0,0.0,0.0,0.0,0.0,0.0,0.0,0
1703738877934146788,1177,1703738877933794975,044757.90,4,0,31.8325001267,118.715332816,173.513,0.0,0.0,0.0,0.0,0.0,0.0,0.0,0.0,0.0,0
1703738878039069890,1178,1703738878038674116,044758.00,4,0,31.8324998845,118.715343186,173.5238,0.0,0.0,0.0,0.0,0.0,0.0,0.0,0.0,0.0,0
1703738878188903625,1179,1703738878188307046,044758.10,4,0,31.8324996145,118.71535345,173.5381,0.0,0.0,0.0,0.0,0.0,0.0,0.0,0.0,0.0,0
1703738878244018040,1180,1703738878241609096,044758.20,4,0,31.8324993782,118.715363559,173.5565,0.0,0.0,0.0,0.0,0.0,0.0,0.0,0.0,0.0,0
1703738878337105440,1181,1703738878335869073,044758.30,4,0,31.8324991187,118.715373544,173.5791,0.0,0.0,0.0,0.0,0.0,0.0,0.0,0.0,0.0,0
1703738878435296265,1182,1703738878433311939,044758.40,4,0,31.8324988872,118.715383328,173.5958,0.0,0.0,0.0,0.0,0.0,0.0,0.0,0.0,0.0,0
1703738878540933363,1183,1703738878538670063,044758.50,4,0,31.8324986802,118.715392939,173.6012,0.0,0.0,0.0,0.0,0.0,0.0,0.0,0.0,0.0,0
1703738878634169895,1184,1703738878633900880,044758.60,4,0,31.832498497,118.71540234,173.6166,0.0,0.0,0.0,0.0,0.0,0.0,0.0,0.0,0.0,0
1703738878739956023,1185,1703738878738836050,044758.70,4,0,31.8324983125,118.715411524,173.6217,0.0,0.0,0.0,0.0,0.0,0.0,0.0,0.0,0.0,0
1703738878835266210,1186,1703738878834745883,044758.80,4,0,31.8324981618,118.71542045,173.621,0.0,0.0,0.0,0.0,0.0,0.0,0.0,0.0,0.0,0
1703738878941085889,1187,1703738878938236951,044758.90,4,0,31.8324979758,118.715429156,173.6247,0.0,0.0,0.0,0.0,0.0,0.0,0.0,0.0,0.0,0
1703738879034417938,1188,1703738879033956050,044759.00,4,0,31.8324978173,118.715437619,173.6284,0.0,0.0,0.0,0.0,0.0,0.0,0.0,0.0,0.0,0
1703738879143360727,1189,1703738879139702081,044759.10,4,0,31.8324976483,118.715445836,173.6326,0.0,0.0,0.0,0.0,0.0,0.0,0.0,0.0,0.0,0
1703738879280860803,1190,1703738879280317068,044759.20,4,0,31.8324975017,118.715453781,173.631,0.0,0.0,0.0,0.0,0.0,0.0,0.0,0.0,0.0,0
1703738879338578505,1191,1703738879338174104,044759.30,4,0,31.8324973323,118.715461487,173.6383,0.0,0.0,0.0,0.0,0.0,0.0,0.0,0.0,0.0,0
1703738879436789587,1192,1703738879435137987,044759.40,4,0,31.8324971712,118.715468921,173.6429,0.0,0.0,0.0,0.0,0.0,0.0,0.0,0.0,0.0,0
1703738879539211572,1193,1703738879538614034,044759.50,4,0,31.8324969933,118.715476112,173.6421,0.0,0.0,0.0,0.0,0.0,0.0,0.0,0.0,0.0,0
1703738879635423414,1194,1703738879634763956,044759.60,4,0,31.8324968058,118.715483049,173.64,0.0,0.0,0.0,0.0,0.0,0.0,0.0,0.0,0.0,0
1703738879738512798,1195,1703738879738053083,044759.70,4,0,31.8324966118,118.71548971,173.6402,0.0,0.0,0.0,0.0,0.0,0.0,0.0,0.0,0.0,0
1703738879834606252,1196,1703738879834170103,044759.80,4,0,31.8324964375,118.7154961,173.6405,0.0,0.0,0.0,0.0,0.0,0.0,0.0,0.0,0.0,0
1703738879940042664,1197,1703738879939282894,044759.90,4,0,31.8324962608,118.715502253,173.6397,0.0,0.0,0.0,0.0,0.0,0.0,0.0,0.0,0.0,0
1703738880033538688,1198,1703738880033343076,044800.00,4,0,31.832496067,118.715508107,173.6404,0.0,0.0,0.0,0.0,0.0,0.0,0.0,0.0,0.0,0
1703738880139974173,1199,1703738880138816118,044800.10,4,0,31.8324958865,118.71551371,173.6349,0.0,0.0,0.0,0.0,0.0,0.0,0.0,0.0,0.0,0
1703738880235083338,1200,1703738880234560966,044800.20,4,0,31.8324957302,118.715519039,173.631,0.0,0.0,0.0,0.0,0.0,0.0,0.0,0.0,0.0,0
1703738880377982706,1201,1703738880376414060,044800.30,4,0,31.832495576,118.715524089,173.6213,0.0,0.0,0.0,0.0,0.0,0.0,0.0,0.0,0.0,0
1703738880434853593,1202,1703738880434411048,044800.40,4,0,31.8324954633,118.715528882,173.6146,0.0,0.0,0.0,0.0,0.0,0.0,0.0,0.0,0.0,0
1703738880540051538,1203,1703738880539334058,044800.50,4,0,31.8324953143,118.715533406,173.6069,0.0,0.0,0.0,0.0,0.0,0.0,0.0,0.0,0.0,0
1703738880634737431,1204,1703738880634100914,044800.60,4,0,31.8324951688,118.715537667,173.5865,0.0,0.0,0.0,0.0,0.0,0.0,0.0,0.0,0.0,0
1703738880739005626,1205,1703738880738454103,044800.70,4,0,31.8324949788,118.715541681,173.5675,0.0,0.0,0.0,0.0,0.0,0.0,0.0,0.0,0.0,0
1703738880835134459,1206,1703738880834733009,044800.80,4,0,31.832494755,118.715545483,173.5507,0.0,0.0,0.0,0.0,0.0,0.0,0.0,0.0,0.0,0
1703738880941931097,1207,1703738880939609050,044800.90,4,0,31.8324944118,118.715549124,173.5224,0.0,0.0,0.0,0.0,0.0,0.0,0.0,0.0,0.0,0
1703738881035278009,1208,1703738881034795045,044801.00,4,0,31.8324939962,118.71555263,173.4923,0.0,0.0,0.0,0.0,0.0,0.0,0.0,0.0,0.0,0
1703738881139751542,1209,1703738881139230966,044801.10,4,0,31.8324934398,118.715556074,173.4747,0.0,0.0,0.0,0.0,0.0,0.0,0.0,0.0,0.0,0
1703738881237393584,1210,1703738881235275030,044801.20,4,0,31.8324926978,118.715559479,173.4525,0.0,0.0,0.0,0.0,0.0,0.0,0.0,0.0,0.0,0
1703738881341204892,1211,1703738881339854955,044801.30,4,0,31.8324918113,118.715562924,173.4313,0.0,0.0,0.0,0.0,0.0,0.0,0.0,0.0,0.0,0
1703738881473237855,1212,1703738881472490072,044801.40,4,0,31.8324906988,118.715566404,173.4221,0.0,0.0,0.0,0.0,0.0,0.0,0.0,0.0,0.0,0
1703738881533718216,1213,1703738881533097028,044801.50,4,0,31.83248929,118.715569885,173.4231,0.0,0.0,0.0,0.0,0.0,0.0,0.0,0.0,0.0,0
1703738881638973915,1214,1703738881638516902,044801.60,4,0,31.832487669,118.715573418,173.4149,0.0,0.0,0.0,0.0,0.0,0.0,0.0,0.0,0.0,0
1703738881735572919,1215,1703738881734816074,044801.70,4,0,31.8324857703,118.715576914,173.4141,0.0,0.0,0.0,0.0,0.0,0.0,0.0,0.0,0.0,0
1703738881840017607,1216,1703738881838692903,044801.80,4,0,31.8324836555,118.715580326,173.4181,0.0,0.0,0.0,0.0,0.0,0.0,0.0,0.0,0.0,0
1703738881936094743,1217,1703738881934767007,044801.90,4,0,31.8324813015,118.71558369,173.422,0.0,0.0,0.0,0.0,0.0,0.0,0.0,0.0,0.0,0
1703738882039714199,1218,1703738882037894964,044802.00,4,0,31.8324787035,118.715586932,173.4162,0.0,0.0,0.0,0.0,0.0,0.0,0.0,0.0,0.0,0
1703738882135228388,1219,1703738882134505033,044802.10,4,0,31.8324759502,118.71559007,173.4136,0.0,0.0,0.0,0.0,0.0,0.0,0.0,0.0,0.0,0
1703738882240919593,1220,1703738882240083932,044802.20,4,0,31.8324730195,118.71559304,173.4073,0.0,0.0,0.0,0.0,0.0,0.0,0.0,0.0,0.0,0
1703738882337854359,1221,1703738882336623907,044802.30,4,0,31.8324698457,118.715595911,173.4066,0.0,0.0,0.0,0.0,0.0,0.0,0.0,0.0,0.0,0
1703738882434974360,1222,1703738882434432983,044802.40,4,0,31.8324665198,118.715598534,173.4013,0.0,0.0,0.0,0.0,0.0,0.0,0.0,0.0,0.0,0
1703738882573104761,1223,1703738882572380065,044802.50,4,0,31.8324629985,118.715600997,173.4001,0.0,0.0,0.0,0.0,0.0,0.0,0.0,0.0,0.0,0
1703738882634602422,1224,1703738882634298086,044802.60,4,0,31.832459313,118.715603242,173.3962,0.0,0.0,0.0,0.0,0.0,0.0,0.0,0.0,0.0,0
1703738882739304942,1225,1703738882738585948,044802.70,4,0,31.8324554808,118.715605258,173.3941,0.0,0.0,0.0,0.0,0.0,0.0,0.0,0.0,0.0,0
1703738882836864074,1226,1703738882834901094,044802.80,4,0,31.8324515152,118.71560709,173.3917,0.0,0.0,0.0,0.0,0.0,0.0,0.0,0.0,0.0,0
1703738882938521423,1227,1703738882937684059,044802.90,4,0,31.8324474337,118.715608648,173.3891,0.0,0.0,0.0,0.0,0.0,0.0,0.0,0.0,0.0,0
1703738883034710647,1228,1703738883034159898,044803.00,4,0,31.8324432593,118.715610004,173.3786,0.0,0.0,0.0,0.0,0.0,0.0,0.0,0.0,0.0,0
1703738883139458980,1229,1703738883138833045,044803.10,4,0,31.8324389262,118.715611124,173.3705,0.0,0.0,0.0,0.0,0.0,0.0,0.0,0.0,0.0,0
1703738883236558496,1230,1703738883235219955,044803.20,4,0,31.8324345218,118.715611938,173.372,0.0,0.0,0.0,0.0,0.0,0.0,0.0,0.0,0.0,0
1703738883339735029,1231,1703738883339231014,044803.30,4,0,31.8324299343,118.715612532,173.3749,0.0,0.0,0.0,0.0,0.0,0.0,0.0,0.0,0.0,0
1703738883436437465,1232,1703738883435677051,044803.40,4,0,31.8324253407,118.715612916,173.3929,0.0,0.0,0.0,0.0,0.0,0.0,0.0,0.0,0.0,0
1703738883534714351,1233,1703738883533632993,044803.50,4,0,31.8324207388,118.715613096,173.4003,0.0,0.0,0.0,0.0,0.0,0.0,0.0,0.0,0.0,0
1703738883673432385,1234,1703738883672363996,044803.60,4,0,31.8324161087,118.71561315,173.4117,0.0,0.0,0.0,0.0,0.0,0.0,0.0,0.0,0.0,0
1703738883734395102,1235,1703738883733925104,044803.70,4,0,31.8324115545,118.715613056,173.4174,0.0,0.0,0.0,0.0,0.0,0.0,0.0,0.0,0.0,0
1703738883840280960,1236,1703738883838295936,044803.80,4,0,31.832406997,118.715612888,173.4356,0.0,0.0,0.0,0.0,0.0,0.0,0.0,0.0,0.0,0
1703738883934175037,1237,1703738883933845996,044803.90,4,0,31.8324025583,118.715612639,173.4409,0.0,0.0,0.0,0.0,0.0,0.0,0.0,0.0,0.0,0
1703738884037796162,1238,1703738884037293910,044804.00,4,0,31.8323981938,118.715612345,173.4396,0.0,0.0,0.0,0.0,0.0,0.0,0.0,0.0,0.0,0
1703738884133987289,1239,1703738884133639097,044804.10,4,0,31.832393882,118.715611989,173.435,0.0,0.0,0.0,0.0,0.0,0.0,0.0,0.0,0.0,0
1703738884243604362,1240,1703738884239209890,044804.20,4,0,31.8323896967,118.715611614,173.4307,0.0,0.0,0.0,0.0,0.0,0.0,0.0,0.0,0.0,0
1703738884336417626,1241,1703738884335659027,044804.30,4,0,31.8323855347,118.715611189,173.4288,0.0,0.0,0.0,0.0,0.0,0.0,0.0,0.0,0.0,0
1703738884433089862,1242,1703738884432591915,044804.40,4,0,31.8323814515,118.715610746,173.4148,0.0,0.0,0.0,0.0,0.0,0.0,0.0,0.0,0.0,0
1703738884538115192,1243,1703738884537513971,044804.50,4,0,31.8323773615,118.715610305,173.4022,0.0,0.0,0.0,0.0,0.0,0.0,0.0,0.0,0.0,0
1703738884634999525,1244,1703738884634428024,044804.60,4,0,31.83237323,118.715609846,173.4088,0.0,0.0,0.0,0.0,0.0,0.0,0.0,0.0,0.0,0
1703738884764983488,1245,1703738884764326095,044804.70,4,0,31.8323690208,118.715609351,173.402,0.0,0.0,0.0,0.0,0.0,0.0,0.0,0.0,0.0,0
1703738884834567031,1246,1703738884834279060,044804.80,4,0,31.832364758,118.715608879,173.3965,0.0,0.0,0.0,0.0,0.0,0.0,0.0,0.0,0.0,0
1703738884938826006,1247,1703738884938308954,044804.90,4,0,31.8323603777,118.715608403,173.3896,0.0,0.0,0.0,0.0,0.0,0.0,0.0,0.0,0.0,0
1703738885037144764,1248,1703738885034286975,044805.00,4,0,31.8323559065,118.715607959,173.3878,0.0,0.0,0.0,0.0,0.0,0.0,0.0,0.0,0.0,0
1703738885139726437,1249,1703738885138952970,044805.10,4,0,31.8323512957,118.715607478,173.3938,0.0,0.0,0.0,0.0,0.0,0.0,0.0,0.0,0.0,0
1703738885235839626,1250,1703738885235156059,044805.20,4,0,31.8323465475,118.71560704,173.3865,0.0,0.0,0.0,0.0,0.0,0.0,0.0,0.0,0.0,0
1703738885340344863,1251,1703738885339613914,044805.30,4,0,31.832341633,118.715606605,173.3914,0.0,0.0,0.0,0.0,0.0,0.0,0.0,0.0,0.0,0
1703738885437220966,1252,1703738885436278104,044805.40,4,0,31.8323365755,118.715606191,173.3836,0.0,0.0,0.0,0.0,0.0,0.0,0.0,0.0,0.0,0
1703738885533155537,1253,1703738885532676935,044805.50,4,0,31.8323313093,118.715605767,173.3909,0.0,0.0,0.0,0.0,0.0,0.0,0.0,0.0,0.0,0
1703738885638219415,1254,1703738885637634038,044805.60,4,0,31.8323258655,118.715605376,173.3875,0.0,0.0,0.0,0.0,0.0,0.0,0.0,0.0,0.0,0
1703738885733920114,1255,1703738885733447074,044805.70,4,0,31.8323202485,118.715605017,173.3859,0.0,0.0,0.0,0.0,0.0,0.0,0.0,0.0,0.0,0
1703738885857155933,1256,1703738885856359958,044805.80,4,0,31.8323144085,118.71560465,173.3841,0.0,0.0,0.0,0.0,0.0,0.0,0.0,0.0,0.0,0
1703738885935692392,1257,1703738885934468030,044805.90,4,0,31.8323083743,118.715604329,173.3832,0.0,0.0,0.0,0.0,0.0,0.0,0.0,0.0,0.0,0
1703738886032616570,1258,1703738886031730890,044806.00,4,0,31.8323021398,118.715603987,173.3926,0.0,0.0,0.0,0.0,0.0,0.0,0.0,0.0,0.0,0
1703738886143146698,1259,1703738886139869928,044806.10,4,0,31.8322957053,118.715603651,173.4109,0.0,0.0,0.0,0.0,0.0,0.0,0.0,0.0,0.0,0
1703738886236223681,1260,1703738886235018968,044806.20,4,0,31.8322891822,118.715603329,173.4272,0.0,0.0,0.0,0.0,0.0,0.0,0.0,0.0,0.0,0
1703738886340899161,1261,1703738886339648008,044806.30,4,0,31.8322826283,118.715603056,173.4255,0.0,0.0,0.0,0.0,0.0,0.0,0.0,0.0,0.0,0
1703738886436019115,1262,1703738886435266017,044806.40,4,0,31.8322759835,118.715602775,173.4265,0.0,0.0,0.0,0.0,0.0,0.0,0.0,0.0,0.0,0
1703738886533958102,1263,1703738886533375978,044806.50,4,0,31.832269265,118.715602506,173.423,0.0,0.0,0.0,0.0,0.0,0.0,0.0,0.0,0.0,0
1703738886638085034,1264,1703738886637455940,044806.60,4,0,31.8322624908,118.715602249,173.4271,0.0,0.0,0.0,0.0,0.0,0.0,0.0,0.0,0.0,0
1703738886734552871,1265,1703738886733999013,044806.70,4,0,31.8322556343,118.715602004,173.425,0.0,0.0,0.0,0.0,0.0,0.0,0.0,0.0,0.0,0
1703738886840907329,1266,1703738886838813066,044806.80,4,0,31.83224866,118.715601755,173.4303,0.0,0.0,0.0,0.0,0.0,0.0,0.0,0.0,0.0,0
1703738886953062213,1267,1703738886952564954,044806.90,4,0,31.832241646,118.715601518,173.4232,0.0,0.0,0.0,0.0,0.0,0.0,0.0,0.0,0.0,0
1703738887039125131,1268,1703738887038440942,044807.00,4,0,31.8322345735,118.715601317,173.4252,0.0,0.0,0.0,0.0,0.0,0.0,0.0,0.0,0.0,0
1703738887135042970,1269,1703738887134521961,044807.10,4,0,31.832227375,118.715601085,173.4268,0.0,0.0,0.0,0.0,0.0,0.0,0.0,0.0,0.0,0
1703738887239305947,1270,1703738887238835096,044807.20,4,0,31.8322201232,118.715600881,173.4306,0.0,0.0,0.0,0.0,0.0,0.0,0.0,0.0,0.0,0
1703738887337384323,1271,1703738887335489988,044807.30,4,0,31.8322128028,118.715600664,173.4333,0.0,0.0,0.0,0.0,0.0,0.0,0.0,0.0,0.0,0
1703738887433795207,1272,1703738887433126926,044807.40,4,0,31.8322054217,118.715600494,173.4286,0.0,0.0,0.0,0.0,0.0,0.0,0.0,0.0,0.0,0
1703738887540051416,1273,1703738887539014101,044807.50,4,0,31.8321979517,118.715600299,173.4282,0.0,0.0,0.0,0.0,0.0,0.0,0.0,0.0,0.0,0
1703738887634243998,1274,1703738887633816003,044807.60,4,0,31.8321904322,118.715600143,173.4304,0.0,0.0,0.0,0.0,0.0,0.0,0.0,0.0,0.0,0
1703738887738054295,1275,1703738887737466096,044807.70,4,0,31.8321828075,118.715599963,173.4329,0.0,0.0,0.0,0.0,0.0,0.0,0.0,0.0,0.0,0
1703738887833719020,1276,1703738887833329916,044807.80,4,0,31.8321751332,118.715599802,173.4292,0.0,0.0,0.0,0.0,0.0,0.0,0.0,0.0,0.0,0
1703738887938681704,1277,1703738887938179016,044807.90,4,0,31.8321673783,118.715599662,173.4297,0.0,0.0,0.0,0.0,0.0,0.0,0.0,0.0,0.0,0
1703738888049228241,1278,1703738888048331975,044808.00,4,0,31.8321595567,118.715599523,173.4393,0.0,0.0,0.0,0.0,0.0,0.0,0.0,0.0,0.0,0
1703738888139968379,1279,1703738888138062000,044808.10,4,0,31.832151662,118.715599367,173.4363,0.0,0.0,0.0,0.0,0.0,0.0,0.0,0.0,0.0,0
1703738888236508886,1280,1703738888234663963,044808.20,4,0,31.8321437053,118.715599208,173.4349,0.0,0.0,0.0,0.0,0.0,0.0,0.0,0.0,0.0,0
1703738888340800431,1281,1703738888339706897,044808.30,4,0,31.8321357107,118.715599076,173.4286,0.0,0.0,0.0,0.0,0.0,0.0,0.0,0.0,0.0,0
1703738888437240903,1282,1703738888436602115,044808.40,4,0,31.8321275947,118.715598904,173.4259,0.0,0.0,0.0,0.0,0.0,0.0,0.0,0.0,0.0,0
1703738888534188673,1283,1703738888533258914,044808.50,4,0,31.83211944,118.715598752,173.4259,0.0,0.0,0.0,0.0,0.0,0.0,0.0,0.0,0.0,0
1703738888637566535,1284,1703738888636678934,044808.60,4,0,31.8321112027,118.715598606,173.4266,0.0,0.0,0.0,0.0,0.0,0.0,0.0,0.0,0.0,0
1703738888733866489,1285,1703738888733228921,044808.70,4,0,31.8321029113,118.715598442,173.4173,0.0,0.0,0.0,0.0,0.0,0.0,0.0,0.0,0.0,0
1703738888837604060,1286,1703738888836811065,044808.80,4,0,31.8320945455,118.715598277,173.4228,0.0,0.0,0.0,0.0,0.0,0.0,0.0,0.0,0.0,0
1703738888933100590,1287,1703738888932702064,044808.90,4,0,31.832086116,118.715598099,173.4211,0.0,0.0,0.0,0.0,0.0,0.0,0.0,0.0,0.0,0
1703738889129249255,1288,1703738889128318071,044809.00,4,0,31.8320776333,118.715597916,173.4237,0.0,0.0,0.0,0.0,0.0,0.0,0.0,0.0,0.0,0
1703738889134400769,1289,1703738889134089946,044809.10,4,0,31.8320690557,118.71559774,173.4264,0.0,0.0,0.0,0.0,0.0,0.0,0.0,0.0,0.0,0
1703738889240133083,1290,1703738889238416910,044809.20,4,0,31.8320604618,118.715597572,173.4301,0.0,0.0,0.0,0.0,0.0,0.0,0.0,0.0,0.0,0
1703738889334574684,1291,1703738889334238052,044809.30,4,0,31.8320517833,118.71559738,173.4287,0.0,0.0,0.0,0.0,0.0,0.0,0.0,0.0,0.0,0
1703738889438955994,1292,1703738889438389062,044809.40,4,0,31.8320430127,118.715597177,173.4349,0.0,0.0,0.0,0.0,0.0,0.0,0.0,0.0,0.0,0
1703738889535024543,1293,1703738889534132957,044809.50,4,0,31.8320342125,118.715596968,173.4395,0.0,0.0,0.0,0.0,0.0,0.0,0.0,0.0,0.0,0
1703738889632659165,1294,1703738889632281064,044809.60,4,0,31.8320253573,118.715596781,173.4428,0.0,0.0,0.0,0.0,0.0,0.0,0.0,0.0,0.0,0
1703738889738671799,1295,1703738889737998962,044809.70,4,0,31.8320164535,118.715596599,173.4418,0.0,0.0,0.0,0.0,0.0,0.0,0.0,0.0,0.0,0
1703738889834676595,1296,1703738889834134101,044809.80,4,0,31.8320074605,118.715596404,173.4369,0.0,0.0,0.0,0.0,0.0,0.0,0.0,0.0,0.0,0
1703738889938010022,1297,1703738889937370061,044809.90,4,0,31.8319984465,118.715596181,173.4393,0.0,0.0,0.0,0.0,0.0,0.0,0.0,0.0,0.0,0
1703738890033793268,1298,1703738890033339023,044810.00,4,0,31.8319893657,118.715595984,173.4409,0.0,0.0,0.0,0.0,0.0,0.0,0.0,0.0,0.0,0
1703738890224846569,1299,1703738890224383115,044810.10,4,0,31.831980241,118.715595783,173.4445,0.0,0.0,0.0,0.0,0.0,0.0,0.0,0.0,0.0,0
1703738890240058996,1300,1703738890239468097,044810.20,4,0,31.8319710478,118.715595566,173.4472,0.0,0.0,0.0,0.0,0.0,0.0,0.0,0.0,0.0,0
1703738890343589562,1301,1703738890342546939,044810.30,4,0,31.8319618312,118.715595348,173.4429,0.0,0.0,0.0,0.0,0.0,0.0,0.0,0.0,0.0,0
1703738890439552361,1302,1703738890438872098,044810.40,4,0,31.831952579,118.715595129,173.4613,0.0,0.0,0.0,0.0,0.0,0.0,0.0,0.0,0.0,0
1703738890542806199,1303,1703738890542352914,044810.50,4,0,31.831943269,118.715594904,173.469,0.0,0.0,0.0,0.0,0.0,0.0,0.0,0.0,0.0,0
1703738890640750476,1304,1703738890638859033,044810.60,4,0,31.8319339795,118.715594686,173.4731,0.0,0.0,0.0,0.0,0.0,0.0,0.0,0.0,0.0,0
1703738890744204802,1305,1703738890743491888,044810.70,4,0,31.8319246725,118.715594463,173.4768,0.0,0.0,0.0,0.0,0.0,0.0,0.0,0.0,0.0,0
1703738890852884461,1306,1703738890851649045,044810.80,4,0,31.8319153707,118.715594246,173.4783,0.0,0.0,0.0,0.0,0.0,0.0,0.0,0.0,0.0,0
1703738890934066023,1307,1703738890933476924,044810.90,4,0,31.831906089,118.715594052,173.4789,0.0,0.0,0.0,0.0,0.0,0.0,0.0,0.0,0.0,0
1703738891037261279,1308,1703738891036828994,044811.00,4,0,31.831896799,118.715593824,173.4859,0.0,0.0,0.0,0.0,0.0,0.0,0.0,0.0,0.0,0
1703738891142993206,1309,1703738891142522096,044811.10,4,0,31.8318875307,118.715593618,173.4876,0.0,0.0,0.0,0.0,0.0,0.0,0.0,0.0,0.0,0
1703738891316671129,1310,1703738891316224098,044811.20,4,0,31.831878288,118.715593417,173.4844,0.0,0.0,0.0,0.0,0.0,0.0,0.0,0.0,0.0,0
1703738891337905151,1311,1703738891334096908,044811.30,4,0,31.8318690722,118.715593204,173.4845,0.0,0.0,0.0,0.0,0.0,0.0,0.0,0.0,0.0,0
1703738891438278884,1312,1703738891437578916,044811.40,4,0,31.831859852,118.715592984,173.4879,0.0,0.0,0.0,0.0,0.0,0.0,0.0,0.0,0.0,0
1703738891534635778,1313,1703738891534142017,044811.50,4,0,31.8318506528,118.715592793,173.4904,0.0,0.0,0.0,0.0,0.0,0.0,0.0,0.0,0.0,0
1703738891637678860,1314,1703738891636082887,044811.60,4,0,31.8318414475,118.715592595,173.4925,0.0,0.0,0.0,0.0,0.0,0.0,0.0,0.0,0.0,0
1703738891734580170,1315,1703738891733916997,044811.70,4,0,31.8318322972,118.715592421,173.4879,0.0,0.0,0.0,0.0,0.0,0.0,0.0,0.0,0.0,0
1703738891838848298,1316,1703738891837713956,044811.80,4,0,31.8318231267,118.715592203,173.4883,0.0,0.0,0.0,0.0,0.0,0.0,0.0,0.0,0.0,0
1703738891933862776,1317,1703738891933347940,044811.90,4,0,31.8318139898,118.715592037,173.4944,0.0,0.0,0.0,0.0,0.0,0.0,0.0,0.0,0.0,0
1703738892037591469,1318,1703738892036725997,044812.00,4,0,31.8318048598,118.715591853,173.4997,0.0,0.0,0.0,0.0,0.0,0.0,0.0,0.0,0.0,0
1703738892134328942,1319,1703738892133817911,044812.10,4,0,31.8317957308,118.715591689,173.4969,0.0,0.0,0.0,0.0,0.0,0.0,0.0,0.0,0.0,0
1703738892239722659,1320,1703738892238518953,044812.20,4,0,31.831786627,118.715591517,173.5,0.0,0.0,0.0,0.0,0.0,0.0,0.0,0.0,0.0,0
1703738892413759492,1321,1703738892412297964,044812.30,4,0,31.8317775433,118.715591372,173.5039,0.0,0.0,0.0,0.0,0.0,0.0,0.0,0.0,0.0,0
1703738892440334926,1322,1703738892438963890,044812.40,4,0,31.8317684832,118.715591208,173.5108,0.0,0.0,0.0,0.0,0.0,0.0,0.0,0.0,0.0,0
1703738892536541206,1323,1703738892535250902,044812.50,4,0,31.8317594378,118.715591052,173.5099,0.0,0.0,0.0,0.0,0.0,0.0,0.0,0.0,0.0,0
1703738892633112845,1324,1703738892632297992,044812.60,4,0,31.831750403,118.71559088,173.5037,0.0,0.0,0.0,0.0,0.0,0.0,0.0,0.0,0.0,0
1703738892739889697,1325,1703738892737641096,044812.70,4,0,31.8317413682,118.715590711,173.5073,0.0,0.0,0.0,0.0,0.0,0.0,0.0,0.0,0.0,0
1703738892834304949,1326,1703738892833726882,044812.80,4,0,31.8317323503,118.715590553,173.5143,0.0,0.0,0.0,0.0,0.0,0.0,0.0,0.0,0.0,0
1703738892940972651,1327,1703738892938246965,044812.90,4,0,31.8317233528,118.715590377,173.5149,0.0,0.0,0.0,0.0,0.0,0.0,0.0,0.0,0.0,0
1703738893034706655,1328,1703738893033940076,044813.00,4,0,31.8317143773,118.715590229,173.5118,0.0,0.0,0.0,0.0,0.0,0.0,0.0,0.0,0.0,0
1703738893140524790,1329,1703738893138148069,044813.10,4,0,31.831705388,118.715590059,173.5128,0.0,0.0,0.0,0.0,0.0,0.0,0.0,0.0,0.0,0
1703738893235093115,1330,1703738893234361886,044813.20,4,0,31.8316963897,118.71558987,173.5108,0.0,0.0,0.0,0.0,0.0,0.0,0.0,0.0,0.0,0
1703738893339170012,1331,1703738893337857961,044813.30,4,0,31.8316874107,118.715589712,173.5051,0.0,0.0,0.0,0.0,0.0,0.0,0.0,0.0,0.0,0
1703738893506290098,1332,1703738893504595994,044813.40,4,0,31.8316784148,118.715589498,173.5104,0.0,0.0,0.0,0.0,0.0,0.0,0.0,0.0,0.0,0
1703738893532187092,1333,1703738893531445980,044813.50,4,0,31.8316694407,118.71558935,173.5088,0.0,0.0,0.0,0.0,0.0,0.0,0.0,0.0,0.0,0
1703738893638008039,1334,1703738893637070894,044813.60,4,0,31.8316604662,118.715589158,173.504,0.0,0.0,0.0,0.0,0.0,0.0,0.0,0.0,0.0,0
1703738893732519802,1335,1703738893732259035,044813.70,4,0,31.8316514917,118.715588982,173.5119,0.0,0.0,0.0,0.0,0.0,0.0,0.0,0.0,0.0,0
1703738893839051158,1336,1703738893837182998,044813.80,4,0,31.8316425407,118.715588792,173.5089,0.0,0.0,0.0,0.0,0.0,0.0,0.0,0.0,0.0,0
1703738893933642885,1337,1703738893933211088,044813.90,4,0,31.8316335625,118.715588602,173.5081,0.0,0.0,0.0,0.0,0.0,0.0,0.0,0.0,0.0,0
1703738894037509956,1338,1703738894036931991,044814.00,4,0,31.8316246243,118.715588412,173.506,0.0,0.0,0.0,0.0,0.0,0.0,0.0,0.0,0.0,0
1703738894134710608,1339,1703738894134103059,044814.10,4,0,31.8316156528,118.715588219,173.5055,0.0,0.0,0.0,0.0,0.0,0.0,0.0,0.0,0.0,0
1703738894243041494,1340,1703738894240897893,044814.20,4,0,31.8316067145,118.715588037,173.4992,0.0,0.0,0.0,0.0,0.0,0.0,0.0,0.0,0.0,0
1703738894336561812,1341,1703738894335213899,044814.30,4,0,31.831597739,118.715587817,173.5037,0.0,0.0,0.0,0.0,0.0,0.0,0.0,0.0,0.0,0
1703738894434093381,1342,1703738894433573007,044814.40,4,0,31.8315887983,118.715587628,173.5023,0.0,0.0,0.0,0.0,0.0,0.0,0.0,0.0,0.0,0
1703738894602813271,1343,1703738894601512908,044814.50,4,0,31.8315798253,118.715587405,173.5059,0.0,0.0,0.0,0.0,0.0,0.0,0.0,0.0,0.0,0
1703738894634686170,1344,1703738894633955001,044814.60,4,0,31.8315708715,118.715587202,173.5018,0.0,0.0,0.0,0.0,0.0,0.0,0.0,0.0,0.0,0
1703738894738749061,1345,1703738894737925052,044814.70,4,0,31.8315619002,118.715586984,173.4953,0.0,0.0,0.0,0.0,0.0,0.0,0.0,0.0,0.0,0
1703738894833508702,1346,1703738894833146095,044814.80,4,0,31.8315529423,118.715586767,173.496,0.0,0.0,0.0,0.0,0.0,0.0,0.0,0.0,0.0,0
1703738894938424576,1347,1703738894937916040,044814.90,4,0,31.8315439628,118.715586535,173.4949,0.0,0.0,0.0,0.0,0.0,0.0,0.0,0.0,0.0,0
1703738895034667514,1348,1703738895033759117,044815.00,4,0,31.8315350117,118.715586344,173.4943,0.0,0.0,0.0,0.0,0.0,0.0,0.0,0.0,0.0,0
1703738895140016439,1349,1703738895138744115,044815.10,4,0,31.8315260388,118.715586127,173.4908,0.0,0.0,0.0,0.0,0.0,0.0,0.0,0.0,0.0,0
1703738895233982094,1350,1703738895233504056,044815.20,4,0,31.8315170693,118.715585919,173.4912,0.0,0.0,0.0,0.0,0.0,0.0,0.0,0.0,0.0,0
1703738895338165608,1351,1703738895337620019,044815.30,4,0,31.831508096,118.715585704,173.4903,0.0,0.0,0.0,0.0,0.0,0.0,0.0,0.0,0.0,0
1703738895435918317,1352,1703738895433625936,044815.40,4,0,31.8314991458,118.715585489,173.4831,0.0,0.0,0.0,0.0,0.0,0.0,0.0,0.0,0.0,0
1703738895538073445,1353,1703738895537513017,044815.50,4,0,31.831490208,118.715585287,173.4845,0.0,0.0,0.0,0.0,0.0,0.0,0.0,0.0,0.0,0
1703738895693050622,1354,1703738895692348003,044815.60,4,0,31.8314812733,118.71558508,173.4782,0.0,0.0,0.0,0.0,0.0,0.0,0.0,0.0,0.0,0
1703738895741122744,1355,1703738895738265037,044815.70,4,0,31.8314723227,118.715584909,173.474,0.0,0.0,0.0,0.0,0.0,0.0,0.0,0.0,0.0,0
1703738895834205039,1356,1703738895833803892,044815.80,4,0,31.831463411,118.715584715,173.4779,0.0,0.0,0.0,0.0,0.0,0.0,0.0,0.0,0.0,0
1703738895937962755,1357,1703738895937228918,044815.90,4,0,31.8314545092,118.715584545,173.4689,0.0,0.0,0.0,0.0,0.0,0.0,0.0,0.0,0.0,0
1703738896033530601,1358,1703738896033148050,044816.00,4,0,31.8314455963,118.715584357,173.4721,0.0,0.0,0.0,0.0,0.0,0.0,0.0,0.0,0.0,0
1703738896141653895,1359,1703738896139405965,044816.10,4,0,31.8314367037,118.715584173,173.4621,0.0,0.0,0.0,0.0,0.0,0.0,0.0,0.0,0.0,0
1703738896234948045,1360,1703738896234350919,044816.20,4,0,31.8314277962,118.715584002,173.4609,0.0,0.0,0.0,0.0,0.0,0.0,0.0,0.0,0.0,0
1703738896339876689,1361,1703738896339323043,044816.30,4,0,31.8314188745,118.715583821,173.4528,0.0,0.0,0.0,0.0,0.0,0.0,0.0,0.0,0.0,0
1703738896435488963,1362,1703738896434793949,044816.40,4,0,31.8314099727,118.715583631,173.4559,0.0,0.0,0.0,0.0,0.0,0.0,0.0,0.0,0.0,0
1703738896534564399,1363,1703738896533201932,044816.50,4,0,31.8314010745,118.71558345,173.4652,0.0,0.0,0.0,0.0,0.0,0.0,0.0,0.0,0.0,0
1703738896637559915,1364,1703738896636717081,044816.60,4,0,31.831392215,118.715583277,173.4704,0.0,0.0,0.0,0.0,0.0,0.0,0.0,0.0,0.0,0
1703738896784702960,1365,1703738896784276962,044816.70,4,0,31.8313833752,118.71558308,173.4845,0.0,0.0,0.0,0.0,0.0,0.0,0.0,0.0,0.0,0
1703738896837969797,1366,1703738896836689949,044816.80,4,0,31.831374654,118.715582931,173.4911,0.0,0.0,0.0,0.0,0.0,0.0,0.0,0.0,0.0,0
1703738896933833975,1367,1703738896933299064,044816.90,4,0,31.8313660435,118.715582791,173.4981,0.0,0.0,0.0,0.0,0.0,0.0,0.0,0.0,0.0,0
1703738897036840398,1368,1703738897036353111,044817.00,4,0,31.8313575613,118.715582633,173.5072,0.0,0.0,0.0,0.0,0.0,0.0,0.0,0.0,0.0,0
1703738897141014271,1369,1703738897140422105,044817.10,4,0,31.8313492282,118.715582519,173.5192,0.0,0.0,0.0,0.0,0.0,0.0,0.0,0.0,0.0,0
1703738897246297779,1370,1703738897244180917,044817.20,4,0,31.8313410497,118.715582412,173.5312,0.0,0.0,0.0,0.0,0.0,0.0,0.0,0.0,0.0,0
1703738897340166963,1371,1703738897339559078,044817.30,4,0,31.8313330643,118.715582319,173.5457,0.0,0.0,0.0,0.0,0.0,0.0,0.0,0.0,0.0,0
1703738897438458188,1372,1703738897436331987,044817.40,4,0,31.8313252962,118.715582203,173.5466,0.0,0.0,0.0,0.0,0.0,0.0,0.0,0.0,0.0,0
1703738897543721900,1373,1703738897541450977,044817.50,4,0,31.8313177057,118.715582109,173.5434,0.0,0.0,0.0,0.0,0.0,0.0,0.0,0.0,0.0,0
1703738897637234893,1374,1703738897636535882,044817.60,4,0,31.83131033,118.715582036,173.5495,0.0,0.0,0.0,0.0,0.0,0.0,0.0,0.0,0.0,0
1703738897742847678,1375,1703738897740500926,044817.70,4,0,31.8313031767,118.715581942,173.5454,0.0,0.0,0.0,0.0,0.0,0.0,0.0,0.0,0.0,0
1703738897878540258,1376,1703738897876599073,044817.80,4,0,31.8312962057,118.715581845,173.5379,0.0,0.0,0.0,0.0,0.0,0.0,0.0,0.0,0.0,0
1703738897942071233,1377,1703738897940711021,044817.90,4,0,31.8312894492,118.71558176,173.5346,0.0,0.0,0.0,0.0,0.0,0.0,0.0,0.0,0.0,0
1703738898038418026,1378,1703738898037518024,044818.00,4,0,31.831282912,118.715581674,173.5329,0.0,0.0,0.0,0.0,0.0,0.0,0.0,0.0,0.0,0
1703738898143553644,1379,1703738898141850948,044818.10,4,0,31.8312765737,118.715581596,173.5356,0.0,0.0,0.0,0.0,0.0,0.0,0.0,0.0,0.0,0
1703738898241518415,1380,1703738898239456892,044818.20,4,0,31.8312704872,118.715581507,173.5298,0.0,0.0,0.0,0.0,0.0,0.0,0.0,0.0,0.0,0
1703738898343711389,1381,1703738898341913938,044818.30,4,0,31.8312645842,118.715581423,173.5235,0.0,0.0,0.0,0.0,0.0,0.0,0.0,0.0,0.0,0
1703738898439499269,1382,1703738898438544034,044818.40,4,0,31.8312589205,118.715581356,173.5273,0.0,0.0,0.0,0.0,0.0,0.0,0.0,0.0,0.0,0
1703738898536505103,1383,1703738898535875082,044818.50,4,0,31.8312534887,118.715581311,173.5181,0.0,0.0,0.0,0.0,0.0,0.0,0.0,0.0,0.0,0
1703738898641682241,1384,1703738898639933109,044818.60,4,0,31.8312483055,118.715581249,173.5102,0.0,0.0,0.0,0.0,0.0,0.0,0.0,0.0,0.0,0
1703738898738144670,1385,1703738898736994981,044818.70,4,0,31.8312433458,118.715581187,173.5006,0.0,0.0,0.0,0.0,0.0,0.0,0.0,0.0,0.0,0
1703738898840901634,1386,1703738898840440988,044818.80,4,0,31.8312386022,118.715581107,173.503,0.0,0.0,0.0,0.0,0.0,0.0,0.0,0.0,0.0,0
1703738898969021539,1387,1703738898968332052,044818.90,4,0,31.8312340723,118.715581054,173.4947,0.0,0.0,0.0,0.0,0.0,0.0,0.0,0.0,0.0,0
1703738899041072935,1388,1703738899040518045,044819.00,4,0,31.8312297663,118.715580994,173.4873,0.0,0.0,0.0,0.0,0.0,0.0,0.0,0.0,0.0,0
1703738899137027424,1389,1703738899136424064,044819.10,4,0,31.8312256372,118.71558096,173.4769,0.0,0.0,0.0,0.0,0.0,0.0,0.0,0.0,0.0,0
1703738899244296037,1390,1703738899243727922,044819.20,4,0,31.8312217187,118.715580906,173.4662,0.0,0.0,0.0,0.0,0.0,0.0,0.0,0.0,0.0,0
1703738899341703902,1391,1703738899340064048,044819.30,4,0,31.8312179663,118.715580858,173.4513,0.0,0.0,0.0,0.0,0.0,0.0,0.0,0.0,0.0,0
1703738899439725480,1392,1703738899437170028,044819.40,4,0,31.8312143918,118.715580761,173.4402,0.0,0.0,0.0,0.0,0.0,0.0,0.0,0.0,0.0,0
1703738899542404008,1393,1703738899540393114,044819.50,4,0,31.8312109972,118.71558061,173.4332,0.0,0.0,0.0,0.0,0.0,0.0,0.0,0.0,0.0,0
1703738899640467045,1394,1703738899637619972,044819.60,4,0,31.8312077267,118.715580358,173.419,0.0,0.0,0.0,0.0,0.0,0.0,0.0,0.0,0.0,0
1703738899742895531,1395,1703738899740475893,044819.70,4,0,31.8312045387,118.715580002,173.399,0.0,0.0,0.0,0.0,0.0,0.0,0.0,0.0,0.0,0
1703738899837052291,1396,1703738899836482048,044819.80,4,0,31.8312014312,118.715579496,173.3774,0.0,0.0,0.0,0.0,0.0,0.0,0.0,0.0,0.0,0
1703738899942035199,1397,1703738899941529989,044819.90,4,0,31.8311983528,118.715578775,173.3706,0.0,0.0,0.0,0.0,0.0,0.0,0.0,0.0,0.0,0
1703738900060966517,1398,1703738900060323953,044820.00,4,0,31.8311952865,118.715577869,173.3576,0.0,0.0,0.0,0.0,0.0,0.0,0.0,0.0,0.0,0
1703738900143348549,1399,1703738900141901016,044820.10,4,0,31.8311921923,118.715576704,173.3473,0.0,0.0,0.0,0.0,0.0,0.0,0.0,0.0,0.0,0
1703738900240014883,1400,1703738900238403081,044820.20,4,0,31.8311890902,118.715575261,173.3491,0.0,0.0,0.0,0.0,0.0,0.0,0.0,0.0,0.0,0
1703738900342849744,1401,1703738900341859102,044820.30,4,0,31.8311859382,118.715573529,173.3484,0.0,0.0,0.0,0.0,0.0,0.0,0.0,0.0,0.0,0
1703738900440250313,1402,1703738900437896013,044820.40,4,0,31.8311828647,118.715571475,173.3555,0.0,0.0,0.0,0.0,0.0,0.0,0.0,0.0,0.0,0
1703738900536474220,1403,1703738900535420894,044820.50,4,0,31.8311798542,118.71556917,173.3565,0.0,0.0,0.0,0.0,0.0,0.0,0.0,0.0,0.0,0
1703738900639899819,1404,1703738900639198064,044820.60,4,0,31.831176925,118.715566622,173.3637,0.0,0.0,0.0,0.0,0.0,0.0,0.0,0.0,0.0,0
1703738900736297469,1405,1703738900735446929,044820.70,4,0,31.8311741193,118.715563825,173.3643,0.0,0.0,0.0,0.0,0.0,0.0,0.0,0.0,0.0,0
1703738900842698938,1406,1703738900841453075,044820.80,4,0,31.8311714402,118.715560789,173.358,0.0,0.0,0.0,0.0,0.0,0.0,0.0,0.0,0.0,0
1703738900937350515,1407,1703738900936702966,044820.90,4,0,31.8311688803,118.715557529,173.3554,0.0,0.0,0.0,0.0,0.0,0.0,0.0,0.0,0.0,0
1703738901034415781,1408,1703738901033873081,044821.00,4,0,31.8311664667,118.715554011,173.354,0.0,0.0,0.0,0.0,0.0,0.0,0.0,0.0,0.0,0
1703738901157065914,1409,1703738901156343936,044821.10,4,0,31.831164226,118.715550268,173.356,0.0,0.0,0.0,0.0,0.0,0.0,0.0,0.0,0.0,0
1703738901239106163,1410,1703738901238454103,044821.20,4,0,31.8311621517,118.715546308,173.3549,0.0,0.0,0.0,0.0,0.0,0.0,0.0,0.0,0.0,0
1703738901343399945,1411,1703738901342909097,044821.30,4,0,31.8311602988,118.715542143,173.3499,0.0,0.0,0.0,0.0,0.0,0.0,0.0,0.0,0.0,0
1703738901438858375,1412,1703738901438240051,044821.40,4,0,31.8311586695,118.715537802,173.3496,0.0,0.0,0.0,0.0,0.0,0.0,0.0,0.0,0.0,0
1703738901535736785,1413,1703738901535219907,044821.50,4,0,31.8311572262,118.715533255,173.3504,0.0,0.0,0.0,0.0,0.0,0.0,0.0,0.0,0.0,0
1703738901642244296,1414,1703738901640315055,044821.60,4,0,31.8311559992,118.715528561,173.3517,0.0,0.0,0.0,0.0,0.0,0.0,0.0,0.0,0.0,0
1703738901738985427,1415,1703738901736871004,044821.70,4,0,31.8311549963,118.715523722,173.355,0.0,0.0,0.0,0.0,0.0,0.0,0.0,0.0,0.0,0
1703738901845310504,1416,1703738901841203927,044821.80,4,0,31.8311541998,118.715518737,173.3556,0.0,0.0,0.0,0.0,0.0,0.0,0.0,0.0,0.0,0
1703738901940267742,1417,1703738901937926054,044821.90,4,0,31.8311536263,118.715513593,173.3584,0.0,0.0,0.0,0.0,0.0,0.0,0.0,0.0,0.0,0
1703738902034763628,1418,1703738902034143924,044822.00,4,0,31.8311532838,118.715508313,173.3689,0.0,0.0,0.0,0.0,0.0,0.0,0.0,0.0,0.0,0
1703738902142403657,1419,1703738902140191078,044822.10,4,0,31.831153161,118.715502929,173.3839,0.0,0.0,0.0,0.0,0.0,0.0,0.0,0.0,0.0,0
1703738902256725523,1420,1703738902256262063,044822.20,4,0,31.8311532095,118.71549745,173.4009,0.0,0.0,0.0,0.0,0.0,0.0,0.0,0.0,0.0,0
1703738902340109505,1421,1703738902339047908,044822.30,4,0,31.831153435,118.715491989,173.4092,0.0,0.0,0.0,0.0,0.0,0.0,0.0,0.0,0.0,0
1703738902438278365,1422,1703738902437410116,044822.40,4,0,31.8311537152,118.715486523,173.4341,0.0,0.0,0.0,0.0,0.0,0.0,0.0,0.0,0.0,0
1703738902544038124,1423,1703738902542459011,044822.50,4,0,31.8311540523,118.715481089,173.453,0.0,0.0,0.0,0.0,0.0,0.0,0.0,0.0,0.0,0
1703738902640722263,1424,1703738902637535095,044822.60,4,0,31.8311544738,118.715475696,173.4674,0.0,0.0,0.0,0.0,0.0,0.0,0.0,0.0,0.0,0
1703738902740863191,1425,1703738902740284919,044822.70,4,0,31.8311549163,118.715470424,173.4729,0.0,0.0,0.0,0.0,0.0,0.0,0.0,0.0,0.0,0
1703738902837672434,1426,1703738902837146997,044822.80,4,0,31.8311553908,118.715465213,173.4702,0.0,0.0,0.0,0.0,0.0,0.0,0.0,0.0,0.0,0
1703738902941125596,1427,1703738902940315008,044822.90,4,0,31.8311558922,118.715460137,173.4628,0.0,0.0,0.0,0.0,0.0,0.0,0.0,0.0,0.0,0
1703738903037757652,1428,1703738903035963058,044823.00,4,0,31.8311563882,118.715455132,173.4472,0.0,0.0,0.0,0.0,0.0,0.0,0.0,0.0,0.0,0
1703738903140863923,1429,1703738903140218019,044823.10,4,0,31.8311568923,118.715450184,173.426,0.0,0.0,0.0,0.0,0.0,0.0,0.0,0.0,0.0,0
1703738903333336938,1430,1703738903332382917,044823.20,4,0,31.8311574253,118.715445265,173.4176,0.0,0.0,0.0,0.0,0.0,0.0,0.0,0.0,0.0,0
1703738903341006230,1431,1703738903339953899,044823.30,4,0,31.8311579808,118.715440258,173.409,0.0,0.0,0.0,0.0,0.0,0.0,0.0,0.0,0.0,0
1703738903436114108,1432,1703738903435461044,044823.40,4,0,31.8311585223,118.71543523,173.4066,0.0,0.0,0.0,0.0,0.0,0.0,0.0,0.0,0.0,0
1703738903540808800,1433,1703738903540004968,044823.50,4,0,31.831159082,118.715430106,173.3991,0.0,0.0,0.0,0.0,0.0,0.0,0.0,0.0,0.0,0
1703738903635417783,1434,1703738903635073900,044823.60,4,0,31.831159604,118.715424855,173.3908,0.0,0.0,0.0,0.0,0.0,0.0,0.0,0.0,0.0,0
1703738903743513403,1435,1703738903740911960,044823.70,4,0,31.8311601215,118.715419476,173.3842,0.0,0.0,0.0,0.0,0.0,0.0,0.0,0.0,0.0,0
1703738903837637597,1436,1703738903836760044,044823.80,4,0,31.8311606473,118.715413938,173.3818,0.0,0.0,0.0,0.0,0.0,0.0,0.0,0.0,0.0,0
1703738903941419501,1437,1703738903939635038,044823.90,4,0,31.8311611402,118.715408273,173.3801,0.0,0.0,0.0,0.0,0.0,0.0,0.0,0.0,0.0,0
1703738904037743455,1438,1703738904035655975,044824.00,4,0,31.8311616555,118.715402426,173.3746,0.0,0.0,0.0,0.0,0.0,0.0,0.0,0.0,0.0,0
1703738904143807229,1439,1703738904141915082,044824.10,4,0,31.8311621353,118.715396369,173.373,0.0,0.0,0.0,0.0,0.0,0.0,0.0,0.0,0.0,0
1703738904238356972,1440,1703738904237425088,044824.20,4,0,31.8311626067,118.715390118,173.3753,0.0,0.0,0.0,0.0,0.0,0.0,0.0,0.0,0.0,0
1703738904424904133,1441,1703738904424360990,044824.30,4,0,31.831163064,118.715383667,173.3777,0.0,0.0,0.0,0.0,0.0,0.0,0.0,0.0,0.0,0
1703738904437467390,1442,1703738904436978101,044824.40,4,0,31.8311635155,118.715377009,173.3779,0.0,0.0,0.0,0.0,0.0,0.0,0.0,0.0,0.0,0
1703738904535369292,1443,1703738904534759998,044824.50,4,0,31.831163981,118.715370125,173.385,0.0,0.0,0.0,0.0,0.0,0.0,0.0,0.0,0.0,0
1703738904638314848,1444,1703738904637895107,044824.60,4,0,31.8311643962,118.715363055,173.3829,0.0,0.0,0.0,0.0,0.0,0.0,0.0,0.0,0.0,0
1703738904734485167,1445,1703738904734076023,044824.70,4,0,31.8311648333,118.71535574,173.3875,0.0,0.0,0.0,0.0,0.0,0.0,0.0,0.0,0.0,0
1703738904842330818,1446,1703738904839463949,044824.80,4,0,31.8311652652,118.715348274,173.4053,0.0,0.0,0.0,0.0,0.0,0.0,0.0,0.0,0.0,0
1703738904936687504,1447,1703738904935271024,044824.90,4,0,31.831165655,118.715340622,173.4247,0.0,0.0,0.0,0.0,0.0,0.0,0.0,0.0,0.0,0
1703738905040388953,1448,1703738905039829015,044825.00,4,0,31.831166042,118.715332891,173.4328,0.0,0.0,0.0,0.0,0.0,0.0,0.0,0.0,0.0,0
1703738905137464920,1449,1703738905135807037,044825.10,4,0,31.8311664285,118.715325098,173.4369,0.0,0.0,0.0,0.0,0.0,0.0,0.0,0.0,0.0,0
1703738905244585418,1450,1703738905241775989,044825.20,4,0,31.8311668007,118.71531725,173.4391,0.0,0.0,0.0,0.0,0.0,0.0,0.0,0.0,0.0,0
1703738905340274476,1451,1703738905338169097,044825.30,4,0,31.8311671208,118.7153093,173.4382,0.0,0.0,0.0,0.0,0.0,0.0,0.0,0.0,0.0,0
1703738905516962265,1452,1703738905516315937,044825.40,4,0,31.831167438,118.715301253,173.4456,0.0,0.0,0.0,0.0,0.0,0.0,0.0,0.0,0.0,0
1703738905540245384,1453,1703738905539604902,044825.50,4,0,31.8311677528,118.715293116,173.4448,0.0,0.0,0.0,0.0,0.0,0.0,0.0,0.0,0.0,0
1703738905636675655,1454,1703738905635826110,044825.60,4,0,31.8311680765,118.715284894,173.4455,0.0,0.0,0.0,0.0,0.0,0.0,0.0,0.0,0.0,0
1703738905741645755,1455,1703738905741240024,044825.70,4,0,31.831168366,118.715276539,173.4484,0.0,0.0,0.0,0.0,0.0,0.0,0.0,0.0,0.0,0
1703738905837279035,1456,1703738905836275100,044825.80,4,0,31.8311686473,118.715268151,173.4474,0.0,0.0,0.0,0.0,0.0,0.0,0.0,0.0,0.0,0
1703738905941336625,1457,1703738905939834117,044825.90,4,0,31.8311689277,118.715259635,173.447,0.0,0.0,0.0,0.0,0.0,0.0,0.0,0.0,0.0,0
1703738906037219469,1458,1703738906036218881,044826.00,4,0,31.8311692332,118.715251049,173.4548,0.0,0.0,0.0,0.0,0.0,0.0,0.0,0.0,0.0,0
1703738906143404202,1459,1703738906141616106,044826.10,4,0,31.8311695077,118.715242388,173.4474,0.0,0.0,0.0,0.0,0.0,0.0,0.0,0.0,0.0,0
1703738906238455720,1460,1703738906236424922,044826.20,4,0,31.8311697852,118.715233636,173.4603,0.0,0.0,0.0,0.0,0.0,0.0,0.0,0.0,0.0,0
1703738906342976331,1461,1703738906341300964,044826.30,4,0,31.831170057,118.71522482,173.4599,0.0,0.0,0.0,0.0,0.0,0.0,0.0,0.0,0.0,0
1703738906441292774,1462,1703738906436901092,044826.40,4,0,31.831170333,118.715215904,173.4594,0.0,0.0,0.0,0.0,0.0,0.0,0.0,0.0,0.0,0
1703738906610050060,1463,1703738906608565092,044826.50,4,0,31.8311706178,118.715206923,173.459,0.0,0.0,0.0,0.0,0.0,0.0,0.0,0.0,0.0,0
1703738906641154516,1464,1703738906638798952,044826.60,4,0,31.8311708913,118.715197844,173.4647,0.0,0.0,0.0,0.0,0.0,0.0,0.0,0.0,0.0,0
1703738906737028829,1465,1703738906735431909,044826.70,4,0,31.8311711755,118.715188691,173.4655,0.0,0.0,0.0,0.0,0.0,0.0,0.0,0.0,0.0,0
1703738906841902937,1466,1703738906839679002,044826.80,4,0,31.8311714687,118.715179468,173.4656,0.0,0.0,0.0,0.0,0.0,0.0,0.0,0.0,0.0,0
1703738906936963376,1467,1703738906936316013,044826.90,4,0,31.831171753,118.71517015,173.4635,0.0,0.0,0.0,0.0,0.0,0.0,0.0,0.0,0.0,0
1703738907033783064,1468,1703738907033010005,044827.00,4,0,31.8311720595,118.715160772,173.4687,0.0,0.0,0.0,0.0,0.0,0.0,0.0,0.0,0.0,0
1703738907141025522,1469,1703738907139238119,044827.10,4,0,31.8311723567,118.715151293,173.4644,0.0,0.0,0.0,0.0,0.0,0.0,0.0,0.0,0.0,0
1703738907236425487,1470,1703738907235902070,044827.20,4,0,31.8311726583,118.715141721,173.4661,0.0,0.0,0.0,0.0,0.0,0.0,0.0,0.0,0.0,0
1703738907342797363,1471,1703738907340456008,044827.30,4,0,31.8311729458,118.715132086,173.459,0.0,0.0,0.0,0.0,0.0,0.0,0.0,0.0,0.0,0
1703738907440554210,1472,1703738907436870098,044827.40,4,0,31.831173249,118.715122384,173.4597,0.0,0.0,0.0,0.0,0.0,0.0,0.0,0.0,0.0,0
1703738907533757213,1473,1703738907533325910,044827.50,4,0,31.8311735648,118.715112608,173.4568,0.0,0.0,0.0,0.0,0.0,0.0,0.0,0.0,0.0,0
1703738907702461846,1474,1703738907700474977,044827.60,4,0,31.8311738728,118.715102734,173.4597,0.0,0.0,0.0,0.0,0.0,0.0,0.0,0.0,0.0,0
1703738907736127682,1475,1703738907734652042,044827.70,4,0,31.8311741923,118.715092801,173.4572,0.0,0.0,0.0,0.0,0.0,0.0,0.0,0.0,0.0,0
1703738907841627236,1476,1703738907838877916,044827.80,4,0,31.8311745005,118.715082776,173.456,0.0,0.0,0.0,0.0,0.0,0.0,0.0,0.0,0.0,0
1703738907936998647,1477,1703738907935525894,044827.90,4,0,31.8311748063,118.715072691,173.4556,0.0,0.0,0.0,0.0,0.0,0.0,0.0,0.0,0.0,0
1703738908039418627,1478,1703738908038263082,044828.00,4,0,31.8311751258,118.715062538,173.4543,0.0,0.0,0.0,0.0,0.0,0.0,0.0,0.0,0.0,0
1703738908135802015,1479,1703738908134763002,044828.10,4,0,31.831175434,118.715052289,173.4556,0.0,0.0,0.0,0.0,0.0,0.0,0.0,0.0,0.0,0
1703738908243171975,1480,1703738908240822076,044828.20,4,0,31.8311757437,118.715041985,173.4539,0.0,0.0,0.0,0.0,0.0,0.0,0.0,0.0,0.0,0
1703738908339482622,1481,1703738908337357044,044828.30,4,0,31.8311760708,118.715031581,173.4597,0.0,0.0,0.0,0.0,0.0,0.0,0.0,0.0,0.0,0
1703738908434076865,1482,1703738908433548927,044828.40,4,0,31.8311763933,118.715021106,173.4619,0.0,0.0,0.0,0.0,0.0,0.0,0.0,0.0,0.0,0
1703738908539236556,1483,1703738908538270950,044828.50,4,0,31.8311767213,118.71501059,173.462,0.0,0.0,0.0,0.0,0.0,0.0,0.0,0.0,0.0,0
1703738908640230368,1484,1703738908635390996,044828.60,4,0,31.8311770297,118.714999999,173.4614,0.0,0.0,0.0,0.0,0.0,0.0,0.0,0.0,0.0,0
1703738908793525074,1485,1703738908792339086,044828.70,4,0,31.8311773913,118.714989354,173.461,0.0,0.0,0.0,0.0,0.0,0.0,0.0,0.0,0.0,0
1703738908835390220,1486,1703738908835037946,044828.80,4,0,31.8311777067,118.71497861,173.4595,0.0,0.0,0.0,0.0,0.0,0.0,0.0,0.0,0.0,0
1703738908940917884,1487,1703738908939939022,044828.90,4,0,31.8311780535,118.714967851,173.4623,0.0,0.0,0.0,0.0,0.0,0.0,0.0,0.0,0.0,0
1703738909035525917,1488,1703738909034718990,044829.00,4,0,31.8311784277,118.714957007,173.4602,0.0,0.0,0.0,0.0,0.0,0.0,0.0,0.0,0.0,0
1703738909146221855,1489,1703738909144371032,044829.10,4,0,31.8311787853,118.714946112,173.4688,0.0,0.0,0.0,0.0,0.0,0.0,0.0,0.0,0.0,0
1703738909251253345,1490,1703738909250819921,044829.20,4,0,31.8311791542,118.714935188,173.4795,0.0,0.0,0.0,0.0,0.0,0.0,0.0,0.0,0.0,0
1703738909347899633,1491,1703738909347336053,044829.30,4,0,31.8311795095,118.714924255,173.4823,0.0,0.0,0.0,0.0,0.0,0.0,0.0,0.0,0.0,0
1703738909440240233,1492,1703738909439644098,044829.40,4,0,31.831179861,118.714913296,173.4961,0.0,0.0,0.0,0.0,0.0,0.0,0.0,0.0,0.0,0
1703738909536794928,1493,1703738909535537004,044829.50,4,0,31.831180221,118.714902384,173.4971,0.0,0.0,0.0,0.0,0.0,0.0,0.0,0.0,0.0,0
1703738909633959711,1494,1703738909633337974,044829.60,4,0,31.831180572,118.714891437,173.5061,0.0,0.0,0.0,0.0,0.0,0.0,0.0,0.0,0.0,0
1703738909740684130,1495,1703738909739964008,044829.70,4,0,31.8311809495,118.714880516,173.5051,0.0,0.0,0.0,0.0,0.0,0.0,0.0,0.0,0.0,0
1703738909884692432,1496,1703738909884279012,044829.80,4,0,31.8311813048,118.714869626,173.5116,0.0,0.0,0.0,0.0,0.0,0.0,0.0,0.0,0.0,0
1703738909934857575,1497,1703738909933135032,044829.90,4,0,31.8311816608,118.714858715,173.5104,0.0,0.0,0.0,0.0,0.0,0.0,0.0,0.0,0.0,0
1703738910037856911,1498,1703738910037432909,044830.00,4,0,31.8311820342,118.714847847,173.5103,0.0,0.0,0.0,0.0,0.0,0.0,0.0,0.0,0.0,0
1703738910145691829,1499,1703738910145252943,044830.10,4,0,31.831182403,118.71483701,173.51,0.0,0.0,0.0,0.0,0.0,0.0,0.0,0.0,0.0,0
1703738910252305223,1500,1703738910251936912,044830.20,4,0,31.831182768,118.714826169,173.5068,0.0,0.0,0.0,0.0,0.0,0.0,0.0,0.0,0.0,0
1703738910345983047,1501,1703738910344139099,044830.30,4,0,31.8311831418,118.714815343,173.5104,0.0,0.0,0.0,0.0,0.0,0.0,0.0,0.0,0.0,0
1703738910449985480,1502,1703738910448610067,044830.40,4,0,31.8311835237,118.714804543,173.509,0.0,0.0,0.0,0.0,0.0,0.0,0.0,0.0,0.0,0
1703738910544703332,1503,1703738910543739080,044830.50,4,0,31.8311839107,118.714793738,173.5095,0.0,0.0,0.0,0.0,0.0,0.0,0.0,0.0,0.0,0
1703738910647413498,1504,1703738910646948099,044830.60,4,0,31.8311842782,118.71478296,173.5075,0.0,0.0,0.0,0.0,0.0,0.0,0.0,0.0,0.0,0
1703738910746479386,1505,1703738910743403911,044830.70,4,0,31.8311846548,118.714772217,173.508,0.0,0.0,0.0,0.0,0.0,0.0,0.0,0.0,0.0,0
1703738910856589887,1506,1703738910856118917,044830.80,4,0,31.8311850498,118.71476147,173.5052,0.0,0.0,0.0,0.0,0.0,0.0,0.0,0.0,0.0,0
1703738910980736843,1507,1703738910980271100,044830.90,4,0,31.8311854337,118.714750728,173.5078,0.0,0.0,0.0,0.0,0.0,0.0,0.0,0.0,0.0,0
1703738911033544717,1508,1703738911033240079,044831.00,4,0,31.831185804,118.714740016,173.5074,0.0,0.0,0.0,0.0,0.0,0.0,0.0,0.0,0.0,0
1703738911140224301,1509,1703738911138125896,044831.10,4,0,31.8311862022,118.714729346,173.5002,0.0,0.0,0.0,0.0,0.0,0.0,0.0,0.0,0.0,0
1703738911237381136,1510,1703738911234751939,044831.20,4,0,31.8311865752,118.714718653,173.5045,0.0,0.0,0.0,0.0,0.0,0.0,0.0,0.0,0.0,0
1703738911342755392,1511,1703738911339598894,044831.30,4,0,31.8311869783,118.714707963,173.5,0.0,0.0,0.0,0.0,0.0,0.0,0.0,0.0,0.0,0
1703738911437764720,1512,1703738911435664892,044831.40,4,0,31.8311873625,118.714697311,173.5083,0.0,0.0,0.0,0.0,0.0,0.0,0.0,0.0,0.0,0
1703738911541993783,1513,1703738911539547920,044831.50,4,0,31.8311877248,118.714686645,173.504,0.0,0.0,0.0,0.0,0.0,0.0,0.0,0.0,0.0,0
1703738911635966154,1514,1703738911634757995,044831.60,4,0,31.8311881182,118.714676,173.5045,0.0,0.0,0.0,0.0,0.0,0.0,0.0,0.0,0.0,0
1703738911741090060,1515,1703738911739403963,044831.70,4,0,31.8311884808,118.714665392,173.5067,0.0,0.0,0.0,0.0,0.0,0.0,0.0,0.0,0.0,0
1703738911836739729,1516,1703738911836133956,044831.80,4,0,31.8311888718,118.71465478,173.504,0.0,0.0,0.0,0.0,0.0,0.0,0.0,0.0,0.0,0
1703738911940988251,1517,1703738911939300060,044831.90,4,0,31.8311892212,118.714644184,173.5,0.0,0.0,0.0,0.0,0.0,0.0,0.0,0.0,0.0,0
1703738912074508262,1518,1703738912072432041,044832.00,4,0,31.831189603,118.714633597,173.5009,0.0,0.0,0.0,0.0,0.0,0.0,0.0,0.0,0.0,0
1703738912144183765,1519,1703738912140343904,044832.10,4,0,31.831189981,118.714622989,173.5061,0.0,0.0,0.0,0.0,0.0,0.0,0.0,0.0,0.0,0
1703738912238401086,1520,1703738912236593008,044832.20,4,0,31.8311903338,118.714612405,173.5052,0.0,0.0,0.0,0.0,0.0,0.0,0.0,0.0,0.0,0
1703738912335477296,1521,1703738912333848953,044832.30,4,0,31.8311907045,118.714601837,173.5043,0.0,0.0,0.0,0.0,0.0,0.0,0.0,0.0,0.0,0
1703738912440633568,1522,1703738912440046072,044832.40,4,0,31.8311910752,118.714591223,173.508,0.0,0.0,0.0,0.0,0.0,0.0,0.0,0.0,0.0,0
1703738912538304703,1523,1703738912536258935,044832.50,4,0,31.8311914193,118.71458067,173.5094,0.0,0.0,0.0,0.0,0.0,0.0,0.0,0.0,0.0,0
1703738912632958122,1524,1703738912632536888,044832.60,4,0,31.8311917872,118.714570104,173.5051,0.0,0.0,0.0,0.0,0.0,0.0,0.0,0.0,0.0,0
1703738912739480888,1525,1703738912738990068,044832.70,4,0,31.8311921535,118.714559528,173.5066,0.0,0.0,0.0,0.0,0.0,0.0,0.0,0.0,0.0,0
1703738912835660117,1526,1703738912835048913,044832.80,4,0,31.8311925033,118.714548952,173.5147,0.0,0.0,0.0,0.0,0.0,0.0,0.0,0.0,0.0,0
1703738912941174298,1527,1703738912938667058,044832.90,4,0,31.8311928563,118.714538413,173.5116,0.0,0.0,0.0,0.0,0.0,0.0,0.0,0.0,0.0,0
1703738913035965158,1528,1703738913034792900,044833.00,4,0,31.8311932173,118.714527868,173.5133,0.0,0.0,0.0,0.0,0.0,0.0,0.0,0.0,0.0,0
1703738913169503184,1529,1703738913168400049,044833.10,4,0,31.8311935727,118.714517327,173.5118,0.0,0.0,0.0,0.0,0.0,0.0,0.0,0.0,0.0,0
1703738913236149092,1530,1703738913235146999,044833.20,4,0,31.8311939467,118.714506801,173.5155,0.0,0.0,0.0,0.0,0.0,0.0,0.0,0.0,0.0,0
1703738913339544346,1531,1703738913337771892,044833.30,4,0,31.831194316,118.714496283,173.5137,0.0,0.0,0.0,0.0,0.0,0.0,0.0,0.0,0.0,0
1703738913435711667,1532,1703738913434808969,044833.40,4,0,31.8311946465,118.714485734,173.505,0.0,0.0,0.0,0.0,0.0,0.0,0.0,0.0,0.0,0
1703738913539121960,1533,1703738913538111925,044833.50,4,0,31.8311950153,118.714475196,173.5027,0.0,0.0,0.0,0.0,0.0,0.0,0.0,0.0,0.0,0
1703738913635279312,1534,1703738913634351015,044833.60,4,0,31.8311953693,118.714464671,173.496,0.0,0.0,0.0,0.0,0.0,0.0,0.0,0.0,0.0,0
1703738913742023328,1535,1703738913739448070,044833.70,4,0,31.8311956973,118.714454135,173.4926,0.0,0.0,0.0,0.0,0.0,0.0,0.0,0.0,0.0,0
1703738913837016887,1536,1703738913835366010,044833.80,4,0,31.8311960177,118.714443596,173.4917,0.0,0.0,0.0,0.0,0.0,0.0,0.0,0.0,0.0,0
1703738913940497607,1537,1703738913938775062,044833.90,4,0,31.8311963632,118.714433034,173.4893,0.0,0.0,0.0,0.0,0.0,0.0,0.0,0.0,0.0,0
1703738914036173626,1538,1703738914034799098,044834.00,4,0,31.8311966847,118.714422498,173.4879,0.0,0.0,0.0,0.0,0.0,0.0,0.0,0.0,0.0,0
1703738914138901907,1539,1703738914138478040,044834.10,4,0,31.8311970168,118.714411967,173.4857,0.0,0.0,0.0,0.0,0.0,0.0,0.0,0.0,0.0,0
1703738914265398830,1540,1703738914264523983,044834.20,4,0,31.8311973512,118.714401434,173.4808,0.0,0.0,0.0,0.0,0.0,0.0,0.0,0.0,0.0,0
1703738914338291928,1541,1703738914337729930,044834.30,4,0,31.8311976715,118.714390913,173.4761,0.0,0.0,0.0,0.0,0.0,0.0,0.0,0.0,0.0,0
1703738914435730413,1542,1703738914434870004,044834.40,4,0,31.8311979932,118.714380351,173.4796,0.0,0.0,0.0,0.0,0.0,0.0,0.0,0.0,0.0,0
1703738914539139523,1543,1703738914538552999,044834.50,4,0,31.8311983343,118.714369813,173.4728,0.0,0.0,0.0,0.0,0.0,0.0,0.0,0.0,0.0,0
1703738914634333464,1544,1703738914633724927,044834.60,4,0,31.8311986658,118.714359292,173.4726,0.0,0.0,0.0,0.0,0.0,0.0,0.0,0.0,0.0,0
1703738914739228144,1545,1703738914738233089,044834.70,4,0,31.8311989918,118.714348751,173.4723,0.0,0.0,0.0,0.0,0.0,0.0,0.0,0.0,0.0,0
1703738914836459305,1546,1703738914835375070,044834.80,4,0,31.8311993048,118.714338223,173.4684,0.0,0.0,0.0,0.0,0.0,0.0,0.0,0.0,0.0,0
1703738914939687802,1547,1703738914939109086,044834.90,4,0,31.8311996275,118.714327687,173.4617,0.0,0.0,0.0,0.0,0.0,0.0,0.0,0.0,0.0,0
1703738915037514860,1548,1703738915035391092,044835.00,4,0,31.8311999442,118.714317151,173.4579,0.0,0.0,0.0,0.0,0.0,0.0,0.0,0.0,0.0,0
1703738915139085916,1549,1703738915138638019,044835.10,4,0,31.8312002468,118.714306616,173.455,0.0,0.0,0.0,0.0,0.0,0.0,0.0,0.0,0.0,0
1703738915238622047,1550,1703738915236205101,044835.20,4,0,31.831200539,118.714296076,173.4515,0.0,0.0,0.0,0.0,0.0,0.0,0.0,0.0,0.0,0
1703738915361055040,1551,1703738915360321044,044835.30,4,0,31.8312008112,118.714285531,173.4579,0.0,0.0,0.0,0.0,0.0,0.0,0.0,0.0,0.0,0
1703738915438386783,1552,1703738915436678886,044835.40,4,0,31.831201123,118.714275016,173.4499,0.0,0.0,0.0,0.0,0.0,0.0,0.0,0.0,0.0,0
1703738915533280008,1553,1703738915532860994,044835.50,4,0,31.831201431,118.714264506,173.4497,0.0,0.0,0.0,0.0,0.0,0.0,0.0,0.0,0.0,0
1703738915638177655,1554,1703738915637656927,044835.60,4,0,31.8312017148,118.714253983,173.453,0.0,0.0,0.0,0.0,0.0,0.0,0.0,0.0,0.0,0
1703738915734574439,1555,1703738915733855962,044835.70,4,0,31.8312020132,118.714243484,173.451,0.0,0.0,0.0,0.0,0.0,0.0,0.0,0.0,0.0,0
1703738915839463094,1556,1703738915837658882,044835.80,4,0,31.831202306,118.714232964,173.4534,0.0,0.0,0.0,0.0,0.0,0.0,0.0,0.0,0.0,0
1703738915934296938,1557,1703738915933865070,044835.90,4,0,31.8312026078,118.714222463,173.4559,0.0,0.0,0.0,0.0,0.0,0.0,0.0,0.0,0.0,0
1703738916032465444,1558,1703738916031896114,044836.00,4,0,31.8312028973,118.714211943,173.4557,0.0,0.0,0.0,0.0,0.0,0.0,0.0,0.0,0.0,0
1703738916139739351,1559,1703738916138747930,044836.10,4,0,31.831203234,118.714201458,173.4514,0.0,0.0,0.0,0.0,0.0,0.0,0.0,0.0,0.0,0
1703738916235919262,1560,1703738916235234975,044836.20,4,0,31.8312035303,118.714190978,173.4504,0.0,0.0,0.0,0.0,0.0,0.0,0.0,0.0,0.0,0
1703738916340147880,1561,1703738916339634895,044836.30,4,0,31.8312038387,118.714180475,173.449,0.0,0.0,0.0,0.0,0.0,0.0,0.0,0.0,0.0,0
1703738916452622816,1562,1703738916452272891,044836.40,4,0,31.831204138,118.714170007,173.4485,0.0,0.0,0.0,0.0,0.0,0.0,0.0,0.0,0.0,0
1703738916532733123,1563,1703738916532349109,044836.50,4,0,31.8312044792,118.714159552,173.447,0.0,0.0,0.0,0.0,0.0,0.0,0.0,0.0,0.0,0
1703738916640039312,1564,1703738916637654066,044836.60,4,0,31.8312048093,118.714149096,173.451,0.0,0.0,0.0,0.0,0.0,0.0,0.0,0.0,0.0,0
1703738916733322184,1565,1703738916732878923,044836.70,4,0,31.8312051493,118.714138631,173.4507,0.0,0.0,0.0,0.0,0.0,0.0,0.0,0.0,0.0,0
1703738916839060565,1566,1703738916838339090,044836.80,4,0,31.8312054932,118.714128217,173.4494,0.0,0.0,0.0,0.0,0.0,0.0,0.0,0.0,0.0,0
1703738916935264725,1567,1703738916934501886,044836.90,4,0,31.8312058442,118.714117781,173.4456,0.0,0.0,0.0,0.0,0.0,0.0,0.0,0.0,0.0,0
1703738917038395401,1568,1703738917037278890,044837.00,4,0,31.831206195,118.71410735,173.4456,0.0,0.0,0.0,0.0,0.0,0.0,0.0,0.0,0.0,0
1703738917133915053,1569,1703738917133503913,044837.10,4,0,31.8312065362,118.714096886,173.4475,0.0,0.0,0.0,0.0,0.0,0.0,0.0,0.0,0.0,0
1703738917241290731,1570,1703738917240885019,044837.20,4,0,31.8312068737,118.714086429,173.4484,0.0,0.0,0.0,0.0,0.0,0.0,0.0,0.0,0.0,0
1703738917338348885,1571,1703738917337559938,044837.30,4,0,31.831207167,118.71407594,173.4528,0.0,0.0,0.0,0.0,0.0,0.0,0.0,0.0,0.0,0
1703738917433348999,1572,1703738917433121919,044837.40,4,0,31.831207496,118.714065487,173.4573,0.0,0.0,0.0,0.0,0.0,0.0,0.0,0.0,0.0,0
1703738917544888363,1573,1703738917544368982,044837.50,4,0,31.8312078122,118.714054979,173.4637,0.0,0.0,0.0,0.0,0.0,0.0,0.0,0.0,0.0,0
1703738917635716862,1574,1703738917634952068,044837.60,4,0,31.8312081607,118.714044473,173.4742,0.0,0.0,0.0,0.0,0.0,0.0,0.0,0.0,0.0,0
1703738917743618542,1575,1703738917741261005,044837.70,4,0,31.83120849,118.714033957,173.4767,0.0,0.0,0.0,0.0,0.0,0.0,0.0,0.0,0.0,0
1703738917834649880,1576,1703738917834158897,044837.80,4,0,31.8312088407,118.71402347,173.4809,0.0,0.0,0.0,0.0,0.0,0.0,0.0,0.0,0.0,0
1703738917939189180,1577,1703738917937843084,044837.90,4,0,31.8312091943,118.714012959,173.4841,0.0,0.0,0.0,0.0,0.0,0.0,0.0,0.0,0.0,0
1703738918034961022,1578,1703738918034244060,044838.00,4,0,31.8312095532,118.714002461,173.4879,0.0,0.0,0.0,0.0,0.0,0.0,0.0,0.0,0.0,0
1703738918139721996,1579,1703738918139126062,044838.10,4,0,31.8312099003,118.713991948,173.4862,0.0,0.0,0.0,0.0,0.0,0.0,0.0,0.0,0.0,0
1703738918238481172,1580,1703738918236077070,044838.20,4,0,31.8312102505,118.713981427,173.4916,0.0,0.0,0.0,0.0,0.0,0.0,0.0,0.0,0.0,0
1703738918339058176,1581,1703738918338291883,044838.30,4,0,31.8312105952,118.713970915,173.4936,0.0,0.0,0.0,0.0,0.0,0.0,0.0,0.0,0.0,0
1703738918436282438,1582,1703738918434564113,044838.40,4,0,31.8312109632,118.713960396,173.4975,0.0,0.0,0.0,0.0,0.0,0.0,0.0,0.0,0.0,0
1703738918629340011,1583,1703738918628343105,044838.50,4,0,31.8312113185,118.713949885,173.4965,0.0,0.0,0.0,0.0,0.0,0.0,0.0,0.0,0.0,0
1703738918636934714,1584,1703738918635946989,044838.60,4,0,31.8312116515,118.71393937,173.4965,0.0,0.0,0.0,0.0,0.0,0.0,0.0,0.0,0.0,0
1703738918733370814,1585,1703738918732930898,044838.70,4,0,31.8312119945,118.71392885,173.4978,0.0,0.0,0.0,0.0,0.0,0.0,0.0,0.0,0.0,0
1703738918838564145,1586,1703738918836569070,044838.80,4,0,31.8312123668,118.713918311,173.5022,0.0,0.0,0.0,0.0,0.0,0.0,0.0,0.0,0.0,0
1703738918934339998,1587,1703738918933372974,044838.90,4,0,31.831212743,118.713907782,173.5043,0.0,0.0,0.0,0.0,0.0,0.0,0.0,0.0,0.0,0
1703738919037212014,1588,1703738919036726951,044839.00,4,0,31.8312130838,118.71389726,173.5077,0.0,0.0,0.0,0.0,0.0,0.0,0.0,0.0,0.0,0
1703738919141580020,1589,1703738919139276027,044839.10,4,0,31.8312134377,118.713886738,173.5068,0.0,0.0,0.0,0.0,0.0,0.0,0.0,0.0,0.0,0
1703738919236874500,1590,1703738919236228942,044839.20,4,0,31.8312138062,118.713876189,173.5103,0.0,0.0,0.0,0.0,0.0,0.0,0.0,0.0,0.0,0
1703738919339128050,1591,1703738919338659048,044839.30,4,0,31.8312141782,118.713865658,173.5056,0.0,0.0,0.0,0.0,0.0,0.0,0.0,0.0,0.0,0
1703738919440731885,1592,1703738919435661077,044839.40,4,0,31.831214542,118.713855114,173.5119,0.0,0.0,0.0,0.0,0.0,0.0,0.0,0.0,0.0,0
1703738919533111524,1593,1703738919532762050,044839.50,4,0,31.8312149062,118.713844546,173.5116,0.0,0.0,0.0,0.0,0.0,0.0,0.0,0.0,0.0,0
1703738919725046348,1594,1703738919724323034,044839.60,4,0,31.8312152632,118.713833985,173.5132,0.0,0.0,0.0,0.0,0.0,0.0,0.0,0.0,0.0,0
1703738919734558320,1595,1703738919733295917,044839.70,4,0,31.8312156242,118.713823425,173.5117,0.0,0.0,0.0,0.0,0.0,0.0,0.0,0.0,0.0,0
1703738919838401505,1596,1703738919837879896,044839.80,4,0,31.8312159963,118.71381285,173.5144,0.0,0.0,0.0,0.0,0.0,0.0,0.0,0.0,0.0,0
1703738919934448988,1597,1703738919933793067,044839.90,4,0,31.8312163498,118.713802289,173.5149,0.0,0.0,0.0,0.0,0.0,0.0,0.0,0.0,0.0,0
1703738920039540516,1598,1703738920037488937,044840.00,4,0,31.8312166925,118.713791718,173.5145,0.0,0.0,0.0,0.0,0.0,0.0,0.0,0.0,0.0,0
1703738920136798112,1599,1703738920134567022,044840.10,4,0,31.8312170425,118.713781149,173.5123,0.0,0.0,0.0,0.0,0.0,0.0,0.0,0.0,0.0,0
1703738920241384939,1600,1703738920239167928,044840.20,4,0,31.8312174022,118.713770574,173.5133,0.0,0.0,0.0,0.0,0.0,0.0,0.0,0.0,0.0,0
1703738920337893134,1601,1703738920335654973,044840.30,4,0,31.8312177593,118.713759986,173.5171,0.0,0.0,0.0,0.0,0.0,0.0,0.0,0.0,0.0,0
1703738920433000140,1602,1703738920432497024,044840.40,4,0,31.831218125,118.713749426,173.5164,0.0,0.0,0.0,0.0,0.0,0.0,0.0,0.0,0.0,0
1703738920538058405,1603,1703738920537508964,044840.50,4,0,31.8312184543,118.713738824,173.5151,0.0,0.0,0.0,0.0,0.0,0.0,0.0,0.0,0.0,0
1703738920633604127,1604,1703738920633286952,044840.60,4,0,31.8312188068,118.713728275,173.5167,0.0,0.0,0.0,0.0,0.0,0.0,0.0,0.0,0.0,0
1703738920817201707,1605,1703738920816554069,044840.70,4,0,31.8312191408,118.713717679,173.5183,0.0,0.0,0.0,0.0,0.0,0.0,0.0,0.0,0.0,0
1703738920836042725,1606,1703738920835335969,044840.80,4,0,31.831219507,118.713707103,173.5203,0.0,0.0,0.0,0.0,0.0,0.0,0.0,0.0,0.0,0
1703738920940585702,1607,1703738920938877105,044840.90,4,0,31.8312198497,118.713696528,173.5205,0.0,0.0,0.0,0.0,0.0,0.0,0.0,0.0,0.0,0
1703738921037422896,1608,1703738921033792018,044841.00,4,0,31.8312202155,118.713685941,173.5173,0.0,0.0,0.0,0.0,0.0,0.0,0.0,0.0,0.0,0
1703738921138279993,1609,1703738921137797117,044841.10,4,0,31.831220528,118.713675342,173.5263,0.0,0.0,0.0,0.0,0.0,0.0,0.0,0.0,0.0,0
1703738921235532299,1610,1703738921234486103,044841.20,4,0,31.8312208463,118.713664764,173.5289,0.0,0.0,0.0,0.0,0.0,0.0,0.0,0.0,0.0,0
1703738921341148878,1611,1703738921339284896,044841.30,4,0,31.8312211433,118.71365417,173.5347,0.0,0.0,0.0,0.0,0.0,0.0,0.0,0.0,0.0,0
1703738921436984568,1612,1703738921435621976,044841.40,4,0,31.8312214918,118.713643574,173.5424,0.0,0.0,0.0,0.0,0.0,0.0,0.0,0.0,0.0,0
1703738921533798411,1613,1703738921533226966,044841.50,4,0,31.8312218078,118.713632988,173.5401,0.0,0.0,0.0,0.0,0.0,0.0,0.0,0.0,0.0,0
1703738921637786974,1614,1703738921637258052,044841.60,4,0,31.831222154,118.713622388,173.5461,0.0,0.0,0.0,0.0,0.0,0.0,0.0,0.0,0.0,0
1703738921733937276,1615,1703738921733381986,044841.70,4,0,31.8312224957,118.7136118,173.546,0.0,0.0,0.0,0.0,0.0,0.0,0.0,0.0,0.0,0
1703738921912791837,1616,1703738921912319898,044841.80,4,0,31.8312228288,118.713601202,173.5513,0.0,0.0,0.0,0.0,0.0,0.0,0.0,0.0,0.0,0
1703738921934802800,1617,1703738921934323072,044841.90,4,0,31.8312231638,118.713590609,173.5455,0.0,0.0,0.0,0.0,0.0,0.0,0.0,0.0,0.0,0
1703738922032892249,1618,1703738922032373905,044842.00,4,0,31.8312234758,118.71358003,173.5454,0.0,0.0,0.0,0.0,0.0,0.0,0.0,0.0,0.0,0
1703738922139808178,1619,1703738922138329029,044842.10,4,0,31.8312238067,118.713569441,173.545,0.0,0.0,0.0,0.0,0.0,0.0,0.0,0.0,0.0,0
1703738922235402534,1620,1703738922234745979,044842.20,4,0,31.8312241505,118.713558881,173.5508,0.0,0.0,0.0,0.0,0.0,0.0,0.0,0.0,0.0,0
1703738922339647865,1621,1703738922338036060,044842.30,4,0,31.8312244995,118.713548297,173.5396,0.0,0.0,0.0,0.0,0.0,0.0,0.0,0.0,0.0,0
1703738922436303523,1622,1703738922435405969,044842.40,4,0,31.8312248428,118.713537727,173.5385,0.0,0.0,0.0,0.0,0.0,0.0,0.0,0.0,0.0,0
1703738922533874044,1623,1703738922533195018,044842.50,4,0,31.8312251858,118.713527142,173.5411,0.0,0.0,0.0,0.0,0.0,0.0,0.0,0.0,0.0,0
1703738922637036691,1624,1703738922636462926,044842.60,4,0,31.8312255383,118.713516592,173.5411,0.0,0.0,0.0,0.0,0.0,0.0,0.0,0.0,0.0,0
1703738922734871887,1625,1703738922733385086,044842.70,4,0,31.8312258845,118.713506001,173.5417,0.0,0.0,0.0,0.0,0.0,0.0,0.0,0.0,0.0,0
1703738922839046721,1626,1703738922837176084,044842.80,4,0,31.831226233,118.713495403,173.5391,0.0,0.0,0.0,0.0,0.0,0.0,0.0,0.0,0.0,0
1703738923010259138,1627,1703738923008335113,044842.90,4,0,31.8312265678,118.713484832,173.5443,0.0,0.0,0.0,0.0,0.0,0.0,0.0,0.0,0.0,0
1703738923042055565,1628,1703738923037472009,044843.00,4,0,31.8312269258,118.713474235,173.5482,0.0,0.0,0.0,0.0,0.0,0.0,0.0,0.0,0.0,0
1703738923139639700,1629,1703738923134012937,044843.10,4,0,31.8312272932,118.713463635,173.5471,0.0,0.0,0.0,0.0,0.0,0.0,0.0,0.0,0.0,0
1703738923241880756,1630,1703738923240545988,044843.20,4,0,31.8312276643,118.713453046,173.5501,0.0,0.0,0.0,0.0,0.0,0.0,0.0,0.0,0.0,0
1703738923338294575,1631,1703738923336508035,044843.30,4,0,31.8312280515,118.713442452,173.5512,0.0,0.0,0.0,0.0,0.0,0.0,0.0,0.0,0.0,0
1703738923433326515,1632,1703738923432998895,044843.40,4,0,31.8312284047,118.713431833,173.5521,0.0,0.0,0.0,0.0,0.0,0.0,0.0,0.0,0.0,0
1703738923538276821,1633,1703738923537637948,044843.50,4,0,31.83122877,118.713421229,173.5562,0.0,0.0,0.0,0.0,0.0,0.0,0.0,0.0,0.0,0
1703738923634936490,1634,1703738923633932113,044843.60,4,0,31.8312291638,118.713410588,173.5618,0.0,0.0,0.0,0.0,0.0,0.0,0.0,0.0,0.0,0
1703738923739329549,1635,1703738923738759040,044843.70,4,0,31.8312295453,118.713399991,173.5611,0.0,0.0,0.0,0.0,0.0,0.0,0.0,0.0,0.0,0
1703738923836055175,1636,1703738923835036993,044843.80,4,0,31.8312299007,118.713389346,173.5624,0.0,0.0,0.0,0.0,0.0,0.0,0.0,0.0,0.0,0
1703738923940882396,1637,1703738923938518047,044843.90,4,0,31.8312302793,118.713378728,173.5633,0.0,0.0,0.0,0.0,0.0,0.0,0.0,0.0,0.0,0
1703738924105098696,1638,1703738924104629993,044844.00,4,0,31.8312306637,118.713368102,173.568,0.0,0.0,0.0,0.0,0.0,0.0,0.0,0.0,0.0,0
1703738924139564005,1639,1703738924139131069,044844.10,4,0,31.8312310437,118.713357468,173.5666,0.0,0.0,0.0,0.0,0.0,0.0,0.0,0.0,0.0,0
1703738924237313444,1640,1703738924235807895,044844.20,4,0,31.8312314005,118.713346817,173.5701,0.0,0.0,0.0,0.0,0.0,0.0,0.0,0.0,0.0,0
1703738924332645211,1641,1703738924332195997,044844.30,4,0,31.8312317875,118.713336188,173.5666,0.0,0.0,0.0,0.0,0.0,0.0,0.0,0.0,0.0,0
1703738924439476391,1642,1703738924438728094,044844.40,4,0,31.8312321538,118.713325531,173.569,0.0,0.0,0.0,0.0,0.0,0.0,0.0,0.0,0.0,0
1703738924535480269,1643,1703738924534813880,044844.50,4,0,31.8312325215,118.713314915,173.5715,0.0,0.0,0.0,0.0,0.0,0.0,0.0,0.0,0.0,0
1703738924632402336,1644,1703738924632057905,044844.60,4,0,31.831232908,118.713304258,173.5716,0.0,0.0,0.0,0.0,0.0,0.0,0.0,0.0,0.0,0
1703738924738422914,1645,1703738924737888097,044844.70,4,0,31.8312332742,118.713293642,173.5688,0.0,0.0,0.0,0.0,0.0,0.0,0.0,0.0,0.0,0
1703738924835242931,1646,1703738924834333896,044844.80,4,0,31.8312336215,118.713283002,173.5706,0.0,0.0,0.0,0.0,0.0,0.0,0.0,0.0,0.0,0
1703738924940794315,1647,1703738924937706947,044844.90,4,0,31.8312339962,118.713272378,173.5701,0.0,0.0,0.0,0.0,0.0,0.0,0.0,0.0,0.0,0
1703738925034675826,1648,1703738925033353090,044845.00,4,0,31.8312343587,118.713261761,173.5721,0.0,0.0,0.0,0.0,0.0,0.0,0.0,0.0,0.0,0
1703738925197394093,1649,1703738925196296930,044845.10,4,0,31.831234723,118.713251118,173.5694,0.0,0.0,0.0,0.0,0.0,0.0,0.0,0.0,0.0,0
1703738925235063647,1650,1703738925234649896,044845.20,4,0,31.8312350718,118.713240491,173.5706,0.0,0.0,0.0,0.0,0.0,0.0,0.0,0.0,0.0,0
1703738925340168545,1651,1703738925339554071,044845.30,4,0,31.8312354387,118.713229866,173.5665,0.0,0.0,0.0,0.0,0.0,0.0,0.0,0.0,0.0,0
1703738925435905189,1652,1703738925435317039,044845.40,4,0,31.8312357785,118.71321924,173.5676,0.0,0.0,0.0,0.0,0.0,0.0,0.0,0.0,0.0,0
1703738925541082060,1653,1703738925539227008,044845.50,4,0,31.8312361415,118.713208612,173.5645,0.0,0.0,0.0,0.0,0.0,0.0,0.0,0.0,0.0,0
1703738925636041623,1654,1703738925635473012,044845.60,4,0,31.831236479,118.713197985,173.5678,0.0,0.0,0.0,0.0,0.0,0.0,0.0,0.0,0.0,0
1703738925739845631,1655,1703738925738204002,044845.70,4,0,31.8312368257,118.713187378,173.5603,0.0,0.0,0.0,0.0,0.0,0.0,0.0,0.0,0.0,0
1703738925835598686,1656,1703738925834901094,044845.80,4,0,31.8312371867,118.71317676,173.5625,0.0,0.0,0.0,0.0,0.0,0.0,0.0,0.0,0.0,0
1703738925939884870,1657,1703738925938112020,044845.90,4,0,31.8312375167,118.713166172,173.5637,0.0,0.0,0.0,0.0,0.0,0.0,0.0,0.0,0.0,0
1703738926035786168,1658,1703738926034980058,044846.00,4,0,31.8312378492,118.713155554,173.5668,0.0,0.0,0.0,0.0,0.0,0.0,0.0,0.0,0.0,0
1703738926138743553,1659,1703738926138184070,044846.10,4,0,31.8312381875,118.713144951,173.5621,0.0,0.0,0.0,0.0,0.0,0.0,0.0,0.0,0.0,0
1703738926297619965,1660,1703738926296344995,044846.20,4,0,31.8312385172,118.713134372,173.5593,0.0,0.0,0.0,0.0,0.0,0.0,0.0,0.0,0.0,0
1703738926338065531,1661,1703738926337460994,044846.30,4,0,31.831238842,118.713123773,173.5546,0.0,0.0,0.0,0.0,0.0,0.0,0.0,0.0,0.0,0
1703738926434726526,1662,1703738926434264898,044846.40,4,0,31.8312391743,118.713113191,173.5553,0.0,0.0,0.0,0.0,0.0,0.0,0.0,0.0,0.0,0
1703738926538886846,1663,1703738926537255048,044846.50,4,0,31.8312394982,118.713102618,173.555,0.0,0.0,0.0,0.0,0.0,0.0,0.0,0.0,0.0,0
1703738926634549943,1664,1703738926633683919,044846.60,4,0,31.8312398113,118.713092031,173.5537,0.0,0.0,0.0,0.0,0.0,0.0,0.0,0.0,0.0,0
1703738926738968265,1665,1703738926738409996,044846.70,4,0,31.83124013,118.713081484,173.5504,0.0,0.0,0.0,0.0,0.0,0.0,0.0,0.0,0.0,0
1703738926835617604,1666,1703738926834449052,044846.80,4,0,31.8312404678,118.713070918,173.5475,0.0,0.0,0.0,0.0,0.0,0.0,0.0,0.0,0.0,0
1703738926938263901,1667,1703738926937886953,044846.90,4,0,31.8312407757,118.713060351,173.5432,0.0,0.0,0.0,0.0,0.0,0.0,0.0,0.0,0.0,0
1703738927037662801,1668,1703738927034797906,044847.00,4,0,31.831241117,118.713049815,173.5358,0.0,0.0,0.0,0.0,0.0,0.0,0.0,0.0,0.0,0
1703738927139713081,1669,1703738927139219999,044847.10,4,0,31.831241442,118.713039257,173.5344,0.0,0.0,0.0,0.0,0.0,0.0,0.0,0.0,0.0,0
1703738927236815392,1670,1703738927236166954,044847.20,4,0,31.8312417555,118.713028693,173.5359,0.0,0.0,0.0,0.0,0.0,0.0,0.0,0.0,0.0,0
1703738927388651469,1671,1703738927388299942,044847.30,4,0,31.8312420762,118.71301813,173.536,0.0,0.0,0.0,0.0,0.0,0.0,0.0,0.0,0.0,0
1703738927434428703,1672,1703738927433834075,044847.40,4,0,31.8312423995,118.713007589,173.5346,0.0,0.0,0.0,0.0,0.0,0.0,0.0,0.0,0.0,0
1703738927533103339,1673,1703738927532495975,044847.50,4,0,31.831242719,118.712997042,173.5315,0.0,0.0,0.0,0.0,0.0,0.0,0.0,0.0,0.0,0
1703738927637725142,1674,1703738927637165069,044847.60,4,0,31.8312430558,118.712986507,173.5299,0.0,0.0,0.0,0.0,0.0,0.0,0.0,0.0,0.0,0
1703738927734282877,1675,1703738927733671903,044847.70,4,0,31.8312433873,118.712975927,173.5255,0.0,0.0,0.0,0.0,0.0,0.0,0.0,0.0,0.0,0
1703738927839557105,1676,1703738927837610006,044847.80,4,0,31.8312437345,118.712965382,173.5287,0.0,0.0,0.0,0.0,0.0,0.0,0.0,0.0,0.0,0
1703738927934077090,1677,1703738927933151960,044847.90,4,0,31.8312440562,118.712954819,173.527,0.0,0.0,0.0,0.0,0.0,0.0,0.0,0.0,0.0,0
1703738928031092411,1678,1703738928030538082,044848.00,4,0,31.8312444052,118.712944285,173.5252,0.0,0.0,0.0,0.0,0.0,0.0,0.0,0.0,0.0,0
1703738928139508498,1679,1703738928139082908,044848.10,4,0,31.8312447257,118.712933728,173.5267,0.0,0.0,0.0,0.0,0.0,0.0,0.0,0.0,0.0,0
1703738928234933535,1680,1703738928234441995,044848.20,4,0,31.8312450715,118.712923194,173.5276,0.0,0.0,0.0,0.0,0.0,0.0,0.0,0.0,0.0,0
1703738928340346694,1681,1703738928339715003,044848.30,4,0,31.83124543,118.712912619,173.5284,0.0,0.0,0.0,0.0,0.0,0.0,0.0,0.0,0.0,0
1703738928488844343,1682,1703738928488365888,044848.40,4,0,31.8312458002,118.712902045,173.5255,0.0,0.0,0.0,0.0,0.0,0.0,0.0,0.0,0.0,0
1703738928532330720,1683,1703738928531855106,044848.50,4,0,31.8312461625,118.712891485,173.524,0.0,0.0,0.0,0.0,0.0,0.0,0.0,0.0,0.0,0
1703738928638457856,1684,1703738928636739015,044848.60,4,0,31.8312465067,118.712880927,173.5231,0.0,0.0,0.0,0.0,0.0,0.0,0.0,0.0,0.0,0
1703738928734888147,1685,1703738928734033107,044848.70,4,0,31.8312468732,118.71287036,173.5276,0.0,0.0,0.0,0.0,0.0,0.0,0.0,0.0,0.0,0
1703738928838672418,1686,1703738928838015079,044848.80,4,0,31.8312472585,118.712859817,173.5286,0.0,0.0,0.0,0.0,0.0,0.0,0.0,0.0,0.0,0
1703738928934427114,1687,1703738928933747053,044848.90,4,0,31.8312476377,118.712849263,173.523,0.0,0.0,0.0,0.0,0.0,0.0,0.0,0.0,0.0,0
1703738929038872427,1688,1703738929038028001,044849.00,4,0,31.8312480067,118.712838698,173.5299,0.0,0.0,0.0,0.0,0.0,0.0,0.0,0.0,0.0,0
1703738929138695640,1689,1703738929134440898,044849.10,4,0,31.831248392,118.712828136,173.5315,0.0,0.0,0.0,0.0,0.0,0.0,0.0,0.0,0.0,0
1703738929241221567,1690,1703738929239368915,044849.20,4,0,31.8312487835,118.71281757,173.5337,0.0,0.0,0.0,0.0,0.0,0.0,0.0,0.0,0.0,0
1703738929338350471,1691,1703738929335855007,044849.30,4,0,31.8312491735,118.712806953,173.5259,0.0,0.0,0.0,0.0,0.0,0.0,0.0,0.0,0.0,0
1703738929433006230,1692,1703738929432495117,044849.40,4,0,31.8312495633,118.712796402,173.5232,0.0,0.0,0.0,0.0,0.0,0.0,0.0,0.0,0.0,0
1703738929585091610,1693,1703738929584436893,044849.50,4,0,31.8312499293,118.712785837,173.5233,0.0,0.0,0.0,0.0,0.0,0.0,0.0,0.0,0.0,0
1703738929637561389,1694,1703738929636420965,044849.60,4,0,31.8312502918,118.712775255,173.5219,0.0,0.0,0.0,0.0,0.0,0.0,0.0,0.0,0.0,0
1703738929739432548,1695,1703738929738795042,044849.70,4,0,31.831250656,118.712764709,173.5236,0.0,0.0,0.0,0.0,0.0,0.0,0.0,0.0,0.0,0
1703738929835029799,1696,1703738929834280014,044849.80,4,0,31.831251027,118.71275417,173.5201,0.0,0.0,0.0,0.0,0.0,0.0,0.0,0.0,0.0,0
1703738929940960721,1697,1703738929939822912,044849.90,4,0,31.8312513965,118.712743614,173.5214,0.0,0.0,0.0,0.0,0.0,0.0,0.0,0.0,0.0,0
1703738930034698134,1698,1703738930033961057,044850.00,4,0,31.8312517712,118.712733045,173.5199,0.0,0.0,0.0,0.0,0.0,0.0,0.0,0.0,0.0,0
1703738930137973757,1699,1703738930137567996,044850.10,4,0,31.831252121,118.712722495,173.518,0.0,0.0,0.0,0.0,0.0,0.0,0.0,0.0,0.0,0
1703738930243574547,1700,1703738930242274999,044850.20,4,0,31.8312524883,118.71271193,173.5176,0.0,0.0,0.0,0.0,0.0,0.0,0.0,0.0,0.0,0
1703738930341121126,1701,1703738930338279962,044850.30,4,0,31.8312528515,118.712701368,173.5169,0.0,0.0,0.0,0.0,0.0,0.0,0.0,0.0,0.0,0
1703738930434729969,1702,1703738930433757066,044850.40,4,0,31.8312531912,118.712690829,173.5155,0.0,0.0,0.0,0.0,0.0,0.0,0.0,0.0,0.0,0
1703738930537480227,1703,1703738930537013053,044850.50,4,0,31.831253549,118.712680255,173.513,0.0,0.0,0.0,0.0,0.0,0.0,0.0,0.0,0.0,0
1703738930677764711,1704,1703738930676381111,044850.60,4,0,31.8312539095,118.712669692,173.51,0.0,0.0,0.0,0.0,0.0,0.0,0.0,0.0,0.0,0
1703738930740539905,1705,1703738930738019943,044850.70,4,0,31.831254261,118.712659124,173.5048,0.0,0.0,0.0,0.0,0.0,0.0,0.0,0.0,0.0,0
1703738930836544313,1706,1703738930834475040,044850.80,4,0,31.8312546165,118.712648546,173.5082,0.0,0.0,0.0,0.0,0.0,0.0,0.0,0.0,0.0,0
1703738930938144686,1707,1703738930937330961,044850.90,4,0,31.8312549718,118.712637984,173.5027,0.0,0.0,0.0,0.0,0.0,0.0,0.0,0.0,0.0,0
1703738931035823682,1708,1703738931034113883,044851.00,4,0,31.8312553308,118.712627414,173.5037,0.0,0.0,0.0,0.0,0.0,0.0,0.0,0.0,0.0,0
1703738931138587302,1709,1703738931137191057,044851.10,4,0,31.8312556748,118.71261684,173.507,0.0,0.0,0.0,0.0,0.0,0.0,0.0,0.0,0.0,0
1703738931235927839,1710,1703738931234628915,044851.20,4,0,31.8312560355,118.712606293,173.5047,0.0,0.0,0.0,0.0,0.0,0.0,0.0,0.0,0.0,0
1703738931339805309,1711,1703738931339160919,044851.30,4,0,31.831256392,118.712595746,173.5018,0.0,0.0,0.0,0.0,0.0,0.0,0.0,0.0,0.0,0
1703738931436439958,1712,1703738931435751914,044851.40,4,0,31.8312567475,118.712585183,173.5058,0.0,0.0,0.0,0.0,0.0,0.0,0.0,0.0,0.0,0
1703738931533134277,1713,1703738931532253026,044851.50,4,0,31.8312571168,118.712574621,173.5121,0.0,0.0,0.0,0.0,0.0,0.0,0.0,0.0,0.0,0
1703738931637186574,1714,1703738931636720895,044851.60,4,0,31.831257484,118.712564069,173.5149,0.0,0.0,0.0,0.0,0.0,0.0,0.0,0.0,0.0,0
1703738931771497616,1715,1703738931768459081,044851.70,4,0,31.831257838,118.712553514,173.5079,0.0,0.0,0.0,0.0,0.0,0.0,0.0,0.0,0.0,0
1703738931837097238,1716,1703738931836157083,044851.80,4,0,31.8312582007,118.712542958,173.5117,0.0,0.0,0.0,0.0,0.0,0.0,0.0,0.0,0.0,0
1703738931934270963,1717,1703738931933286905,044851.90,4,0,31.8312585563,118.71253241,173.5114,0.0,0.0,0.0,0.0,0.0,0.0,0.0,0.0,0.0,0
1703738932038236084,1718,1703738932037421941,044852.00,4,0,31.8312589227,118.712521867,173.5131,0.0,0.0,0.0,0.0,0.0,0.0,0.0,0.0,0.0,0
1703738932133936701,1719,1703738932132977008,044852.10,4,0,31.8312592573,118.712511311,173.5092,0.0,0.0,0.0,0.0,0.0,0.0,0.0,0.0,0.0,0
1703738932240527080,1720,1703738932239604949,044852.20,4,0,31.8312596215,118.712500768,173.5158,0.0,0.0,0.0,0.0,0.0,0.0,0.0,0.0,0.0,0
1703738932336360776,1721,1703738932335793972,044852.30,4,0,31.8312599542,118.712490181,173.5189,0.0,0.0,0.0,0.0,0.0,0.0,0.0,0.0,0.0,0
1703738932435961203,1722,1703738932433604955,044852.40,4,0,31.8312602858,118.712479641,173.521,0.0,0.0,0.0,0.0,0.0,0.0,0.0,0.0,0.0,0
1703738932538079858,1723,1703738932537173032,044852.50,4,0,31.8312606558,118.712469085,173.5207,0.0,0.0,0.0,0.0,0.0,0.0,0.0,0.0,0.0,0
1703738932633638758,1724,1703738932633275032,044852.60,4,0,31.8312609943,118.712458547,173.5243,0.0,0.0,0.0,0.0,0.0,0.0,0.0,0.0,0.0,0
1703738932741574573,1725,1703738932738656044,044852.70,4,0,31.8312613505,118.712448006,173.5202,0.0,0.0,0.0,0.0,0.0,0.0,0.0,0.0,0.0,0
1703738932865210553,1726,1703738932864392995,044852.80,4,0,31.8312617022,118.712437474,173.5259,0.0,0.0,0.0,0.0,0.0,0.0,0.0,0.0,0.0,0
1703738932938835716,1727,1703738932938241004,044852.90,4,0,31.8312620628,118.712426944,173.527,0.0,0.0,0.0,0.0,0.0,0.0,0.0,0.0,0.0,0
1703738933034643891,1728,1703738933033905029,044853.00,4,0,31.8312624095,118.712416423,173.5259,0.0,0.0,0.0,0.0,0.0,0.0,0.0,0.0,0.0,0
1703738933139449062,1729,1703738933137597084,044853.10,4,0,31.83126277,118.712405915,173.5278,0.0,0.0,0.0,0.0,0.0,0.0,0.0,0.0,0.0,0
1703738933236869669,1730,1703738933234632968,044853.20,4,0,31.8312631087,118.712395384,173.5297,0.0,0.0,0.0,0.0,0.0,0.0,0.0,0.0,0.0,0
1703738933342428162,1731,1703738933339976072,044853.30,4,0,31.8312634352,118.712384854,173.5346,0.0,0.0,0.0,0.0,0.0,0.0,0.0,0.0,0.0,0
1703738933435732542,1732,1703738933435208082,044853.40,4,0,31.8312637852,118.71237434,173.5338,0.0,0.0,0.0,0.0,0.0,0.0,0.0,0.0,0.0,0
1703738933534883653,1733,1703738933532768964,044853.50,4,0,31.8312640952,118.712363813,173.5297,0.0,0.0,0.0,0.0,0.0,0.0,0.0,0.0,0.0,0
1703738933639366625,1734,1703738933636934041,044853.60,4,0,31.8312644472,118.712353295,173.5341,0.0,0.0,0.0,0.0,0.0,0.0,0.0,0.0,0.0,0
1703738933732212257,1735,1703738933731899023,044853.70,4,0,31.8312647727,118.712342783,173.535,0.0,0.0,0.0,0.0,0.0,0.0,0.0,0.0,0.0,0
1703738933837084512,1736,1703738933836494922,044853.80,4,0,31.8312651085,118.712332261,173.5376,0.0,0.0,0.0,0.0,0.0,0.0,0.0,0.0,0.0,0
1703738933956968937,1737,1703738933956372976,044853.90,4,0,31.8312654465,118.712321725,173.5391,0.0,0.0,0.0,0.0,0.0,0.0,0.0,0.0,0.0,0
1703738934036863173,1738,1703738934036348104,044854.00,4,0,31.8312657717,118.712311176,173.5426,0.0,0.0,0.0,0.0,0.0,0.0,0.0,0.0,0.0,0
1703738934133159338,1739,1703738934132638931,044854.10,4,0,31.8312661293,118.712300648,173.5424,0.0,0.0,0.0,0.0,0.0,0.0,0.0,0.0,0.0,0
1703738934241373709,1740,1703738934239247083,044854.20,4,0,31.8312664588,118.712290106,173.5484,0.0,0.0,0.0,0.0,0.0,0.0,0.0,0.0,0.0,0
1703738934337277967,1741,1703738934336271047,044854.30,4,0,31.8312668112,118.712279532,173.5454,0.0,0.0,0.0,0.0,0.0,0.0,0.0,0.0,0.0,0
1703738934432964378,1742,1703738934432487010,044854.40,4,0,31.8312671447,118.712268976,173.5456,0.0,0.0,0.0,0.0,0.0,0.0,0.0,0.0,0.0,0
1703738934540439542,1743,1703738934538383007,044854.50,4,0,31.8312675005,118.71225841,173.5521,0.0,0.0,0.0,0.0,0.0,0.0,0.0,0.0,0.0,0
1703738934633715650,1744,1703738934633234977,044854.60,4,0,31.8312678228,118.712247841,173.547,0.0,0.0,0.0,0.0,0.0,0.0,0.0,0.0,0.0,0
1703738934739838226,1745,1703738934738065958,044854.70,4,0,31.8312681443,118.712237278,173.5403,0.0,0.0,0.0,0.0,0.0,0.0,0.0,0.0,0.0,0
1703738934835008732,1746,1703738934833686113,044854.80,4,0,31.8312684603,118.712226668,173.5464,0.0,0.0,0.0,0.0,0.0,0.0,0.0,0.0,0.0,0
1703738934939321319,1747,1703738934937478065,044854.90,4,0,31.8312687857,118.712216102,173.5461,0.0,0.0,0.0,0.0,0.0,0.0,0.0,0.0,0.0,0
1703738935052864265,1748,1703738935052377939,044855.00,4,0,31.8312691348,118.712205523,173.5506,0.0,0.0,0.0,0.0,0.0,0.0,0.0,0.0,0.0,0
1703738935138569628,1749,1703738935137953996,044855.10,4,0,31.8312694588,118.712194933,173.5423,0.0,0.0,0.0,0.0,0.0,0.0,0.0,0.0,0.0,0
1703738935237550467,1750,1703738935235265016,044855.20,4,0,31.8312697903,118.712184367,173.5442,0.0,0.0,0.0,0.0,0.0,0.0,0.0,0.0,0.0,0
1703738935340798311,1751,1703738935339493036,044855.30,4,0,31.8312701172,118.712173797,173.5356,0.0,0.0,0.0,0.0,0.0,0.0,0.0,0.0,0.0,0
1703738935436158643,1752,1703738935435602903,044855.40,4,0,31.831270457,118.712163227,173.5337,0.0,0.0,0.0,0.0,0.0,0.0,0.0,0.0,0.0,0
1703738935533107894,1753,1703738935532629966,044855.50,4,0,31.8312707908,118.712152664,173.5332,0.0,0.0,0.0,0.0,0.0,0.0,0.0,0.0,0.0,0
1703738935636948247,1754,1703738935636593103,044855.60,4,0,31.8312711358,118.712142079,173.5318,0.0,0.0,0.0,0.0,0.0,0.0,0.0,0.0,0.0,0
1703738935733441099,1755,1703738935732803106,044855.70,4,0,31.8312714735,118.71213151,173.5287,0.0,0.0,0.0,0.0,0.0,0.0,0.0,0.0,0.0,0
1703738935836999623,1756,1703738935836481094,044855.80,4,0,31.831271819,118.712120917,173.5333,0.0,0.0,0.0,0.0,0.0,0.0,0.0,0.0,0.0,0
1703738935932779884,1757,1703738935932298898,044855.90,4,0,31.8312721638,118.712110358,173.5324,0.0,0.0,0.0,0.0,0.0,0.0,0.0,0.0,0.0,0
1703738936038079135,1758,1703738936037478923,044856.00,4,0,31.8312725088,118.712099778,173.5363,0.0,0.0,0.0,0.0,0.0,0.0,0.0,0.0,0.0,0
1703738936148564753,1759,1703738936148190021,044856.10,4,0,31.8312728587,118.71208918,173.5386,0.0,0.0,0.0,0.0,0.0,0.0,0.0,0.0,0.0,0
1703738936241274038,1760,1703738936240418910,044856.20,4,0,31.8312731868,118.712078581,173.543,0.0,0.0,0.0,0.0,0.0,0.0,0.0,0.0,0.0,0
1703738936338937974,1761,1703738936336988925,044856.30,4,0,31.8312735335,118.712067995,173.5524,0.0,0.0,0.0,0.0,0.0,0.0,0.0,0.0,0.0,0
1703738936434931511,1762,1703738936433377027,044856.40,4,0,31.8312738448,118.712057402,173.5559,0.0,0.0,0.0,0.0,0.0,0.0,0.0,0.0,0.0,0
1703738936538687991,1763,1703738936536767959,044856.50,4,0,31.8312742077,118.712046799,173.5584,0.0,0.0,0.0,0.0,0.0,0.0,0.0,0.0,0.0,0
1703738936634620445,1764,1703738936633708953,044856.60,4,0,31.8312745513,118.712036213,173.5592,0.0,0.0,0.0,0.0,0.0,0.0,0.0,0.0,0.0,0
1703738936739341050,1765,1703738936738722085,044856.70,4,0,31.8312748855,118.712025626,173.5608,0.0,0.0,0.0,0.0,0.0,0.0,0.0,0.0,0.0,0
1703738936834989173,1766,1703738936834182977,044856.80,4,0,31.8312752288,118.712015074,173.5692,0.0,0.0,0.0,0.0,0.0,0.0,0.0,0.0,0.0,0
1703738936938750362,1767,1703738936937220096,044856.90,4,0,31.8312755552,118.712004491,173.5667,0.0,0.0,0.0,0.0,0.0,0.0,0.0,0.0,0.0,0
1703738937034254027,1768,1703738937033565998,044857.00,4,0,31.8312759028,118.711993919,173.5711,0.0,0.0,0.0,0.0,0.0,0.0,0.0,0.0,0.0,0
1703738937229370698,1769,1703738937228435039,044857.10,4,0,31.8312762327,118.711983381,173.567,0.0,0.0,0.0,0.0,0.0,0.0,0.0,0.0,0.0,0
1703738937237439563,1770,1703738937236696958,044857.20,4,0,31.8312765917,118.711972823,173.5676,0.0,0.0,0.0,0.0,0.0,0.0,0.0,0.0,0.0,0
1703738937340172139,1771,1703738937339580059,044857.30,4,0,31.8312769447,118.711962242,173.5654,0.0,0.0,0.0,0.0,0.0,0.0,0.0,0.0,0.0,0
1703738937435611465,1772,1703738937435003042,044857.40,4,0,31.8312772913,118.711951705,173.5621,0.0,0.0,0.0,0.0,0.0,0.0,0.0,0.0,0.0,0
1703738937534415104,1773,1703738937532869100,044857.50,4,0,31.8312776153,118.711941147,173.5626,0.0,0.0,0.0,0.0,0.0,0.0,0.0,0.0,0.0,0
1703738937636833844,1774,1703738937636367082,044857.60,4,0,31.8312779708,118.711930604,173.5605,0.0,0.0,0.0,0.0,0.0,0.0,0.0,0.0,0.0,0
1703738937733197166,1775,1703738937732731103,044857.70,4,0,31.8312782992,118.711920054,173.5622,0.0,0.0,0.0,0.0,0.0,0.0,0.0,0.0,0.0,0
1703738937837744822,1776,1703738937837227106,044857.80,4,0,31.8312786375,118.711909481,173.5585,0.0,0.0,0.0,0.0,0.0,0.0,0.0,0.0,0.0,0
1703738937933726594,1777,1703738937933007955,044857.90,4,0,31.8312789573,118.711898953,173.5594,0.0,0.0,0.0,0.0,0.0,0.0,0.0,0.0,0.0,0
1703738938037761649,1778,1703738938037050962,044858.00,4,0,31.8312792897,118.711888382,173.557,0.0,0.0,0.0,0.0,0.0,0.0,0.0,0.0,0.0,0
1703738938137309213,1779,1703738938133148908,044858.10,4,0,31.8312796385,118.711877825,173.5567,0.0,0.0,0.0,0.0,0.0,0.0,0.0,0.0,0.0,0
1703738938320996054,1780,1703738938320306062,044858.20,4,0,31.8312799747,118.711867274,173.5537,0.0,0.0,0.0,0.0,0.0,0.0,0.0,0.0,0.0,0
1703738938336013311,1781,1703738938335541009,044858.30,4,0,31.831280312,118.711856732,173.5577,0.0,0.0,0.0,0.0,0.0,0.0,0.0,0.0,0.0,0
1703738938434215494,1782,1703738938433398008,044858.40,4,0,31.8312806407,118.711846177,173.5602,0.0,0.0,0.0,0.0,0.0,0.0,0.0,0.0,0.0,0
1703738938538535641,1783,1703738938537374973,044858.50,4,0,31.83128098,118.711835614,173.5595,0.0,0.0,0.0,0.0,0.0,0.0,0.0,0.0,0.0,0
1703738938634589913,1784,1703738938633575916,044858.60,4,0,31.8312813053,118.711825069,173.5583,0.0,0.0,0.0,0.0,0.0,0.0,0.0,0.0,0.0,0
1703738938738541268,1785,1703738938736809968,044858.70,4,0,31.8312816447,118.711814522,173.5555,0.0,0.0,0.0,0.0,0.0,0.0,0.0,0.0,0.0,0
1703738938834559274,1786,1703738938833847045,044858.80,4,0,31.83128197,118.711803963,173.5548,0.0,0.0,0.0,0.0,0.0,0.0,0.0,0.0,0.0,0
1703738938941386616,1787,1703738938938527107,044858.90,4,0,31.8312822865,118.711793386,173.5538,0.0,0.0,0.0,0.0,0.0,0.0,0.0,0.0,0.0,0
1703738939035144494,1788,1703738939034478902,044859.00,4,0,31.8312826323,118.71178286,173.5547,0.0,0.0,0.0,0.0,0.0,0.0,0.0,0.0,0.0,0
1703738939140625299,1789,1703738939138411998,044859.10,4,0,31.8312829713,118.71177228,173.5498,0.0,0.0,0.0,0.0,0.0,0.0,0.0,0.0,0.0,0
1703738939234275650,1790,1703738939233835935,044859.20,4,0,31.8312833097,118.711761733,173.5507,0.0,0.0,0.0,0.0,0.0,0.0,0.0,0.0,0.0,0
1703738939416818800,1791,1703738939416276931,044859.30,4,0,31.8312836315,118.711751161,173.5436,0.0,0.0,0.0,0.0,0.0,0.0,0.0,0.0,0.0,0
1703738939434399778,1792,1703738939433792114,044859.40,4,0,31.8312839757,118.711740617,173.5435,0.0,0.0,0.0,0.0,0.0,0.0,0.0,0.0,0.0,0
1703738939535044913,1793,1703738939532533884,044859.50,4,0,31.831284303,118.711730038,173.5386,0.0,0.0,0.0,0.0,0.0,0.0,0.0,0.0,0.0,0
1703738939638520655,1794,1703738939636833906,044859.60,4,0,31.8312846452,118.711719461,173.5402,0.0,0.0,0.0,0.0,0.0,0.0,0.0,0.0,0.0,0
1703738939733158940,1795,1703738939732734918,044859.70,4,0,31.8312849712,118.711708874,173.5408,0.0,0.0,0.0,0.0,0.0,0.0,0.0,0.0,0.0,0
1703738939838860035,1796,1703738939837227106,044859.80,4,0,31.831285298,118.711698313,173.5418,0.0,0.0,0.0,0.0,0.0,0.0,0.0,0.0,0.0,0
1703738939934634686,1797,1703738939933944940,044859.90,4,0,31.8312856478,118.711687708,173.5396,0.0,0.0,0.0,0.0,0.0,0.0,0.0,0.0,0.0,0
1703738940037874232,1798,1703738940037194013,044900.00,4,0,31.8312859885,118.711677138,173.5374,0.0,0.0,0.0,0.0,0.0,0.0,0.0,0.0,0.0,0
1703738940133020811,1799,1703738940132528066,044900.10,4,0,31.8312863218,118.711666552,173.5359,0.0,0.0,0.0,0.0,0.0,0.0,0.0,0.0,0.0,0
1703738940242123715,1800,1703738940239713907,044900.20,4,0,31.831286657,118.711655953,173.5356,0.0,0.0,0.0,0.0,0.0,0.0,0.0,0.0,0.0,0
1703738940336871253,1801,1703738940335587024,044900.30,4,0,31.831286985,118.711645371,173.5331,0.0,0.0,0.0,0.0,0.0,0.0,0.0,0.0,0.0,0
1703738940512750410,1802,1703738940512310981,044900.40,4,0,31.831287313,118.711634791,173.5347,0.0,0.0,0.0,0.0,0.0,0.0,0.0,0.0,0.0,0
1703738940538869449,1803,1703738940538345098,044900.50,4,0,31.8312876425,118.711624215,173.5355,0.0,0.0,0.0,0.0,0.0,0.0,0.0,0.0,0.0,0
1703738940635853737,1804,1703738940635013103,044900.60,4,0,31.8312879725,118.711613628,173.5354,0.0,0.0,0.0,0.0,0.0,0.0,0.0,0.0,0.0,0
1703738940733147568,1805,1703738940732438087,044900.70,4,0,31.8312882832,118.711603032,173.5371,0.0,0.0,0.0,0.0,0.0,0.0,0.0,0.0,0.0,0
1703738940837962968,1806,1703738940836369991,044900.80,4,0,31.8312886095,118.711592472,173.5336,0.0,0.0,0.0,0.0,0.0,0.0,0.0,0.0,0.0,0
1703738940935392417,1807,1703738940933243989,044900.90,4,0,31.8312889412,118.711581876,173.5347,0.0,0.0,0.0,0.0,0.0,0.0,0.0,0.0,0.0,0
1703738941039098485,1808,1703738941037606954,044901.00,4,0,31.8312892845,118.711571298,173.5361,0.0,0.0,0.0,0.0,0.0,0.0,0.0,0.0,0.0,0
1703738941134367203,1809,1703738941133408069,044901.10,4,0,31.8312896135,118.711560724,173.5342,0.0,0.0,0.0,0.0,0.0,0.0,0.0,0.0,0.0,0
1703738941239423536,1810,1703738941238882064,044901.20,4,0,31.831289959,118.711550141,173.5399,0.0,0.0,0.0,0.0,0.0,0.0,0.0,0.0,0.0,0
1703738941334719849,1811,1703738941334361076,044901.30,4,0,31.8312903012,118.711539562,173.5384,0.0,0.0,0.0,0.0,0.0,0.0,0.0,0.0,0.0,0
1703738941433296703,1812,1703738941432512998,044901.40,4,0,31.831290654,118.711529018,173.5437,0.0,0.0,0.0,0.0,0.0,0.0,0.0,0.0,0.0,0
1703738941608921884,1813,1703738941608340978,044901.50,4,0,31.831291002,118.711518433,173.5418,0.0,0.0,0.0,0.0,0.0,0.0,0.0,0.0,0.0,0
1703738941634927220,1814,1703738941634449005,044901.60,4,0,31.8312913693,118.71150785,173.543,0.0,0.0,0.0,0.0,0.0,0.0,0.0,0.0,0.0,0
1703738941738857557,1815,1703738941737905025,044901.70,4,0,31.8312917177,118.711497279,173.5431,0.0,0.0,0.0,0.0,0.0,0.0,0.0,0.0,0.0,0
1703738941834917461,1816,1703738941833946943,044901.80,4,0,31.8312921187,118.711486727,173.5453,0.0,0.0,0.0,0.0,0.0,0.0,0.0,0.0,0.0,0
1703738941937804292,1817,1703738941937351942,044901.90,4,0,31.8312924478,118.711476166,173.5427,0.0,0.0,0.0,0.0,0.0,0.0,0.0,0.0,0.0,0
1703738942033953715,1818,1703738942033432006,044902.00,4,0,31.8312928057,118.711465601,173.5412,0.0,0.0,0.0,0.0,0.0,0.0,0.0,0.0,0.0,0
1703738942138660906,1819,1703738942137604951,044902.10,4,0,31.8312931438,118.71145502,173.5467,0.0,0.0,0.0,0.0,0.0,0.0,0.0,0.0,0.0,0
1703738942240989063,1820,1703738942239869117,044902.20,4,0,31.8312935132,118.711444469,173.5427,0.0,0.0,0.0,0.0,0.0,0.0,0.0,0.0,0.0,0
1703738942337308368,1821,1703738942336447954,044902.30,4,0,31.8312938377,118.711433874,173.5518,0.0,0.0,0.0,0.0,0.0,0.0,0.0,0.0,0.0,0
1703738942434719114,1822,1703738942433867931,044902.40,4,0,31.8312942092,118.711423297,173.5539,0.0,0.0,0.0,0.0,0.0,0.0,0.0,0.0,0.0,0
1703738942538045396,1823,1703738942537362098,044902.50,4,0,31.8312945587,118.711412736,173.5546,0.0,0.0,0.0,0.0,0.0,0.0,0.0,0.0,0.0,0
1703738942701424829,1824,1703738942700644016,044902.60,4,0,31.8312948975,118.711402116,173.5544,0.0,0.0,0.0,0.0,0.0,0.0,0.0,0.0,0.0,0
1703738942740327213,1825,1703738942737724065,044902.70,4,0,31.8312952367,118.711391555,173.556,0.0,0.0,0.0,0.0,0.0,0.0,0.0,0.0,0.0,0
1703738942836726193,1826,1703738942834259033,044902.80,4,0,31.831295586,118.711380979,173.5563,0.0,0.0,0.0,0.0,0.0,0.0,0.0,0.0,0.0,0
1703738942938863983,1827,1703738942937257051,044902.90,4,0,31.8312959448,118.711370395,173.5604,0.0,0.0,0.0,0.0,0.0,0.0,0.0,0.0,0.0,0
1703738943033818984,1828,1703738943033308029,044903.00,4,0,31.8312962865,118.71135981,173.5641,0.0,0.0,0.0,0.0,0.0,0.0,0.0,0.0,0.0,0
1703738943140531337,1829,1703738943138629913,044903.10,4,0,31.8312966465,118.711349239,173.5612,0.0,0.0,0.0,0.0,0.0,0.0,0.0,0.0,0.0,0
1703738943235417936,1830,1703738943234471082,044903.20,4,0,31.83129701,118.711338694,173.5606,0.0,0.0,0.0,0.0,0.0,0.0,0.0,0.0,0.0,0
1703738943341549328,1831,1703738943339559078,044903.30,4,0,31.8312973463,118.711328151,173.5544,0.0,0.0,0.0,0.0,0.0,0.0,0.0,0.0,0.0,0
1703738943435675162,1832,1703738943434792041,044903.40,4,0,31.8312977175,118.711317575,173.5543,0.0,0.0,0.0,0.0,0.0,0.0,0.0,0.0,0.0,0
1703738943533066012,1833,1703738943532063961,044903.50,4,0,31.8312980832,118.711307008,173.551,0.0,0.0,0.0,0.0,0.0,0.0,0.0,0.0,0.0,0
1703738943638655578,1834,1703738943636199951,044903.60,4,0,31.8312984505,118.711296414,173.5474,0.0,0.0,0.0,0.0,0.0,0.0,0.0,0.0,0.0,0
1703738943793695468,1835,1703738943792412042,044903.70,4,0,31.8312987843,118.711285818,173.5479,0.0,0.0,0.0,0.0,0.0,0.0,0.0,0.0,0.0,0
1703738943836091605,1836,1703738943835644960,044903.80,4,0,31.8312991637,118.711275201,173.5531,0.0,0.0,0.0,0.0,0.0,0.0,0.0,0.0,0.0,0
1703738943933564936,1837,1703738943932914972,044903.90,4,0,31.8312995407,118.711264581,173.5537,0.0,0.0,0.0,0.0,0.0,0.0,0.0,0.0,0.0,0
1703738944036133430,1838,1703738944035655021,044904.00,4,0,31.8312999023,118.711253976,173.5578,0.0,0.0,0.0,0.0,0.0,0.0,0.0,0.0,0.0,0
1703738944132890025,1839,1703738944132361888,044904.10,4,0,31.8313002798,118.711243373,173.5634,0.0,0.0,0.0,0.0,0.0,0.0,0.0,0.0,0.0,0
1703738944240665387,1840,1703738944238689899,044904.20,4,0,31.8313006457,118.711232763,173.5606,0.0,0.0,0.0,0.0,0.0,0.0,0.0,0.0,0.0,0
1703738944336588977,1841,1703738944335578918,044904.30,4,0,31.831301014,118.711222152,173.5695,0.0,0.0,0.0,0.0,0.0,0.0,0.0,0.0,0.0,0
1703738944433732571,1842,1703738944432200908,044904.40,4,0,31.8313013698,118.711211592,173.5712,0.0,0.0,0.0,0.0,0.0,0.0,0.0,0.0,0.0,0
1703738944538367070,1843,1703738944537208080,044904.50,4,0,31.8313017348,118.711201035,173.5665,0.0,0.0,0.0,0.0,0.0,0.0,0.0,0.0,0.0,0
1703738944633316328,1844,1703738944632595062,044904.60,4,0,31.8313020738,118.711190477,173.5713,0.0,0.0,0.0,0.0,0.0,0.0,0.0,0.0,0.0,0
1703738944737718631,1845,1703738944736805915,044904.70,4,0,31.83130243,118.711179906,173.5775,0.0,0.0,0.0,0.0,0.0,0.0,0.0,0.0,0.0,0
1703738944885099668,1846,1703738944884319067,044904.80,4,0,31.8313028075,118.711169359,173.5731,0.0,0.0,0.0,0.0,0.0,0.0,0.0,0.0,0.0,0
1703738944936604118,1847,1703738944936139106,044904.90,4,0,31.8313031728,118.711158814,173.5723,0.0,0.0,0.0,0.0,0.0,0.0,0.0,0.0,0.0,0
1703738945034759118,1848,1703738945033615112,044905.00,4,0,31.8313035377,118.71114828,173.5752,0.0,0.0,0.0,0.0,0.0,0.0,0.0,0.0,0.0,0
1703738945138234236,1849,1703738945137685060,044905.10,4,0,31.8313038938,118.711137732,173.5747,0.0,0.0,0.0,0.0,0.0,0.0,0.0,0.0,0.0,0
1703738945234554917,1850,1703738945234179019,044905.20,4,0,31.8313042425,118.711127196,173.5749,0.0,0.0,0.0,0.0,0.0,0.0,0.0,0.0,0.0,0
1703738945334200209,1851,1703738945332717895,044905.30,4,0,31.8313045993,118.711116646,173.5697,0.0,0.0,0.0,0.0,0.0,0.0,0.0,0.0,0.0,0
1703738945438319351,1852,1703738945436671018,044905.40,4,0,31.8313049323,118.711106116,173.5671,0.0,0.0,0.0,0.0,0.0,0.0,0.0,0.0,0.0,0
1703738945536204609,1853,1703738945534219026,044905.50,4,0,31.8313052993,118.711095539,173.5674,0.0,0.0,0.0,0.0,0.0,0.0,0.0,0.0,0.0,0
1703738945630952065,1854,1703738945630532979,044905.60,4,0,31.8313056352,118.71108501,173.5651,0.0,0.0,0.0,0.0,0.0,0.0,0.0,0.0,0.0,0
1703738945739913725,1855,1703738945737791061,044905.70,4,0,31.8313059675,118.711074464,173.5656,0.0,0.0,0.0,0.0,0.0,0.0,0.0,0.0,0.0,0
1703738945834253422,1856,1703738945833722114,044905.80,4,0,31.8313063072,118.711063924,173.5642,0.0,0.0,0.0,0.0,0.0,0.0,0.0,0.0,0.0,0
1703738945976652961,1857,1703738945976274013,044905.90,4,0,31.8313066645,118.711053375,173.5624,0.0,0.0,0.0,0.0,0.0,0.0,0.0,0.0,0.0,0
1703738946036559674,1858,1703738946033232927,044906.00,4,0,31.8313070208,118.711042798,173.5655,0.0,0.0,0.0,0.0,0.0,0.0,0.0,0.0,0.0,0
1703738946137436898,1859,1703738946136976957,044906.10,4,0,31.8313073352,118.711032255,173.5669,0.0,0.0,0.0,0.0,0.0,0.0,0.0,0.0,0.0,0
1703738946234259815,1860,1703738946233618021,044906.20,4,0,31.8313076778,118.711021706,173.5693,0.0,0.0,0.0,0.0,0.0,0.0,0.0,0.0,0.0,0
1703738946338336009,1861,1703738946336997985,044906.30,4,0,31.8313080173,118.711011148,173.568,0.0,0.0,0.0,0.0,0.0,0.0,0.0,0.0,0.0,0
1703738946434741627,1862,1703738946433191061,044906.40,4,0,31.8313083757,118.711000622,173.5682,0.0,0.0,0.0,0.0,0.0,0.0,0.0,0.0,0.0,0
1703738946540586928,1863,1703738946538569927,044906.50,4,0,31.8313087037,118.710990063,173.5804,0.0,0.0,0.0,0.0,0.0,0.0,0.0,0.0,0.0,0
1703738946634923158,1864,1703738946634314060,044906.60,4,0,31.831309061,118.710979517,173.5724,0.0,0.0,0.0,0.0,0.0,0.0,0.0,0.0,0.0,0
1703738946733319818,1865,1703738946732417106,044906.70,4,0,31.8313093958,118.71096896,173.5729,0.0,0.0,0.0,0.0,0.0,0.0,0.0,0.0,0.0,0
1703738946839649870,1866,1703738946836282968,044906.80,4,0,31.8313097347,118.71095842,173.5748,0.0,0.0,0.0,0.0,0.0,0.0,0.0,0.0,0.0,0
1703738946933124254,1867,1703738946932609081,044906.90,4,0,31.8313100775,118.710947879,173.5768,0.0,0.0,0.0,0.0,0.0,0.0,0.0,0.0,0.0,0
1703738947068926744,1868,1703738947068301916,044907.00,4,0,31.8313104337,118.710937347,173.576,0.0,0.0,0.0,0.0,0.0,0.0,0.0,0.0,0.0,0
1703738947132503613,1869,1703738947132138967,044907.10,4,0,31.8313107697,118.710926776,173.5806,0.0,0.0,0.0,0.0,0.0,0.0,0.0,0.0,0.0,0
1703738947240320058,1870,1703738947238632917,044907.20,4,0,31.8313111348,118.710916244,173.5748,0.0,0.0,0.0,0.0,0.0,0.0,0.0,0.0,0.0,0
1703738947336669604,1871,1703738947334994077,044907.30,4,0,31.8313114785,118.710905665,173.5733,0.0,0.0,0.0,0.0,0.0,0.0,0.0,0.0,0.0,0
1703738947432828586,1872,1703738947432320117,044907.40,4,0,31.8313118305,118.710895122,173.5764,0.0,0.0,0.0,0.0,0.0,0.0,0.0,0.0,0.0,0
1703738947541102891,1873,1703738947537556886,044907.50,4,0,31.8313121645,118.710884577,173.5731,0.0,0.0,0.0,0.0,0.0,0.0,0.0,0.0,0.0,0
1703738947635422494,1874,1703738947633608102,044907.60,4,0,31.8313125163,118.710874048,173.571,0.0,0.0,0.0,0.0,0.0,0.0,0.0,0.0,0.0,0
1703738947740037787,1875,1703738947736964941,044907.70,4,0,31.8313128487,118.71086349,173.5712,0.0,0.0,0.0,0.0,0.0,0.0,0.0,0.0,0.0,0
1703738947835454952,1876,1703738947833219051,044907.80,4,0,31.8313132065,118.710852962,173.5613,0.0,0.0,0.0,0.0,0.0,0.0,0.0,0.0,0.0,0
1703738947938127143,1877,1703738947937665939,044907.90,4,0,31.8313135323,118.71084243,173.5586,0.0,0.0,0.0,0.0,0.0,0.0,0.0,0.0,0.0,0
1703738948034352404,1878,1703738948033576965,044908.00,4,0,31.8313138778,118.710831891,173.5698,0.0,0.0,0.0,0.0,0.0,0.0,0.0,0.0,0.0,0
1703738948170925399,1879,1703738948168431043,044908.10,4,0,31.8313142353,118.710821338,173.5621,0.0,0.0,0.0,0.0,0.0,0.0,0.0,0.0,0.0,0
1703738948243749314,1880,1703738948239929914,044908.20,4,0,31.8313145632,118.710810792,173.5572,0.0,0.0,0.0,0.0,0.0,0.0,0.0,0.0,0.0,0
1703738948336601133,1881,1703738948336134910,044908.30,4,0,31.8313148835,118.710800253,173.5495,0.0,0.0,0.0,0.0,0.0,0.0,0.0,0.0,0.0,0
1703738948434541689,1882,1703738948433593034,044908.40,4,0,31.8313152165,118.710789703,173.5512,0.0,0.0,0.0,0.0,0.0,0.0,0.0,0.0,0.0,0
1703738948538770845,1883,1703738948536977052,044908.50,4,0,31.831315553,118.710779139,173.5484,0.0,0.0,0.0,0.0,0.0,0.0,0.0,0.0,0.0,0
1703738948634670693,1884,1703738948633322954,044908.60,4,0,31.831315869,118.71076859,173.5434,0.0,0.0,0.0,0.0,0.0,0.0,0.0,0.0,0.0,0
1703738948739567566,1885,1703738948737967967,044908.70,4,0,31.8313161913,118.710758035,173.5487,0.0,0.0,0.0,0.0,0.0,0.0,0.0,0.0,0.0,0
1703738948834506604,1886,1703738948833760023,044908.80,4,0,31.8313165415,118.710747473,173.546,0.0,0.0,0.0,0.0,0.0,0.0,0.0,0.0,0.0,0
1703738948939102229,1887,1703738948938379049,044908.90,4,0,31.8313168545,118.710736887,173.5461,0.0,0.0,0.0,0.0,0.0,0.0,0.0,0.0,0.0,0
1703738949034126795,1888,1703738949033577919,044909.00,4,0,31.8313172048,118.71072632,173.5523,0.0,0.0,0.0,0.0,0.0,0.0,0.0,0.0,0.0,0
1703738949131869716,1889,1703738949131309032,044909.10,4,0,31.8313175493,118.710715753,173.5483,0.0,0.0,0.0,0.0,0.0,0.0,0.0,0.0,0.0,0
1703738949261062643,1890,1703738949260385990,044909.20,4,0,31.8313178757,118.710705188,173.5502,0.0,0.0,0.0,0.0,0.0,0.0,0.0,0.0,0.0,0
1703738949336850655,1891,1703738949335922002,044909.30,4,0,31.8313182393,118.710694609,173.5544,0.0,0.0,0.0,0.0,0.0,0.0,0.0,0.0,0.0,0
1703738949433278750,1892,1703738949432584047,044909.40,4,0,31.8313185558,118.710684049,173.5531,0.0,0.0,0.0,0.0,0.0,0.0,0.0,0.0,0.0,0
1703738949536049596,1893,1703738949535574913,044909.50,4,0,31.8313189007,118.710673469,173.5602,0.0,0.0,0.0,0.0,0.0,0.0,0.0,0.0,0.0,0
1703738949633745480,1894,1703738949632527112,044909.60,4,0,31.8313192395,118.710662882,173.5573,0.0,0.0,0.0,0.0,0.0,0.0,0.0,0.0,0.0,0
1703738949737854077,1895,1703738949736810922,044909.70,4,0,31.8313195892,118.710652309,173.5546,0.0,0.0,0.0,0.0,0.0,0.0,0.0,0.0,0.0,0
1703738949834474495,1896,1703738949832295894,044909.80,4,0,31.8313199212,118.710641739,173.5598,0.0,0.0,0.0,0.0,0.0,0.0,0.0,0.0,0.0,0
1703738949940396547,1897,1703738949938275098,044909.90,4,0,31.8313202668,118.710631173,173.5638,0.0,0.0,0.0,0.0,0.0,0.0,0.0,0.0,0.0,0
1703738950035110403,1898,1703738950033238887,044910.00,4,0,31.8313206237,118.710620618,173.5593,0.0,0.0,0.0,0.0,0.0,0.0,0.0,0.0,0.0,0
1703738950140323539,1899,1703738950137228965,044910.10,4,0,31.8313209738,118.710610051,173.5626,0.0,0.0,0.0,0.0,0.0,0.0,0.0,0.0,0.0,0
1703738950235587642,1900,1703738950233697891,044910.20,4,0,31.8313213145,118.710599492,173.569,0.0,0.0,0.0,0.0,0.0,0.0,0.0,0.0,0.0,0
1703738950356886899,1901,1703738950356427907,044910.30,4,0,31.8313216413,118.710588944,173.5701,0.0,0.0,0.0,0.0,0.0,0.0,0.0,0.0,0.0,0
1703738950436331765,1902,1703738950435739994,044910.40,4,0,31.83132199,118.710578378,173.5652,0.0,0.0,0.0,0.0,0.0,0.0,0.0,0.0,0.0,0
1703738950532781511,1903,1703738950532145977,044910.50,4,0,31.8313223382,118.710567832,173.568,0.0,0.0,0.0,0.0,0.0,0.0,0.0,0.0,0.0,0
1703738950636693390,1904,1703738950635976076,044910.60,4,0,31.8313227017,118.710557265,173.5698,0.0,0.0,0.0,0.0,0.0,0.0,0.0,0.0,0.0,0
1703738950735705799,1905,1703738950733144998,044910.70,4,0,31.831323045,118.710546714,173.5714,0.0,0.0,0.0,0.0,0.0,0.0,0.0,0.0,0.0,0
1703738950837642480,1906,1703738950836319923,044910.80,4,0,31.8313233985,118.710536153,173.5694,0.0,0.0,0.0,0.0,0.0,0.0,0.0,0.0,0.0,0
1703738950933005882,1907,1703738950932286977,044910.90,4,0,31.8313237383,118.710525603,173.5676,0.0,0.0,0.0,0.0,0.0,0.0,0.0,0.0,0.0,0
1703738951036082150,1908,1703738951035542964,044911.00,4,0,31.8313240948,118.710515042,173.5715,0.0,0.0,0.0,0.0,0.0,0.0,0.0,0.0,0.0,0
1703738951133241358,1909,1703738951132667064,044911.10,4,0,31.8313244412,118.710504476,173.5715,0.0,0.0,0.0,0.0,0.0,0.0,0.0,0.0,0.0,0
1703738951241602665,1910,1703738951238290071,044911.20,4,0,31.8313247778,118.710493918,173.5684,0.0,0.0,0.0,0.0,0.0,0.0,0.0,0.0,0.0,0
1703738951335281276,1911,1703738951334774017,044911.30,4,0,31.8313251207,118.710483363,173.5704,0.0,0.0,0.0,0.0,0.0,0.0,0.0,0.0,0.0,0
1703738951448690649,1912,1703738951448262929,044911.40,4,0,31.8313254457,118.710472813,173.5697,0.0,0.0,0.0,0.0,0.0,0.0,0.0,0.0,0.0,0
1703738951537336767,1913,1703738951536737918,044911.50,4,0,31.8313257843,118.710462235,173.5703,0.0,0.0,0.0,0.0,0.0,0.0,0.0,0.0,0.0,0
1703738951632836875,1914,1703738951632117033,044911.60,4,0,31.8313261272,118.710451667,173.5714,0.0,0.0,0.0,0.0,0.0,0.0,0.0,0.0,0.0,0
1703738951738818376,1915,1703738951737093925,044911.70,4,0,31.8313264647,118.71044111,173.5745,0.0,0.0,0.0,0.0,0.0,0.0,0.0,0.0,0.0,0
1703738951834665502,1916,1703738951833888053,044911.80,4,0,31.8313268133,118.71043054,173.5789,0.0,0.0,0.0,0.0,0.0,0.0,0.0,0.0,0.0,0
1703738951938450544,1917,1703738951936620950,044911.90,4,0,31.8313271562,118.710419982,173.5787,0.0,0.0,0.0,0.0,0.0,0.0,0.0,0.0,0.0,0
1703738952033072152,1918,1703738952032412052,044912.00,4,0,31.8313275102,118.710409408,173.5779,0.0,0.0,0.0,0.0,0.0,0.0,0.0,0.0,0.0,0
1703738952137194887,1919,1703738952136724948,044912.10,4,0,31.8313278602,118.710398845,173.5793,0.0,0.0,0.0,0.0,0.0,0.0,0.0,0.0,0.0,0
1703738952234344205,1920,1703738952233385086,044912.20,4,0,31.8313282138,118.710388263,173.5834,0.0,0.0,0.0,0.0,0.0,0.0,0.0,0.0,0.0,0
1703738952338224057,1921,1703738952337549924,044912.30,4,0,31.831328551,118.710377681,173.5822,0.0,0.0,0.0,0.0,0.0,0.0,0.0,0.0,0.0,0
1703738952434689739,1922,1703738952434009075,044912.40,4,0,31.8313288842,118.710367063,173.5927,0.0,0.0,0.0,0.0,0.0,0.0,0.0,0.0,0.0,0
1703738952546236145,1923,1703738952544356107,044912.50,4,0,31.8313292368,118.710356471,173.5944,0.0,0.0,0.0,0.0,0.0,0.0,0.0,0.0,0.0,0
1703738952635639175,1924,1703738952633280992,044912.60,4,0,31.8313295912,118.710345871,173.5908,0.0,0.0,0.0,0.0,0.0,0.0,0.0,0.0,0.0,0
1703738952738780072,1925,1703738952738210916,044912.70,4,0,31.8313299438,118.710335281,173.5896,0.0,0.0,0.0,0.0,0.0,0.0,0.0,0.0,0.0,0
1703738952837092017,1926,1703738952834539890,044912.80,4,0,31.8313302872,118.710324655,173.5957,0.0,0.0,0.0,0.0,0.0,0.0,0.0,0.0,0.0,0
1703738952931477365,1927,1703738952931137084,044912.90,4,0,31.8313306313,118.710314066,173.5938,0.0,0.0,0.0,0.0,0.0,0.0,0.0,0.0,0.0,0
1703738953037518090,1928,1703738953036891937,044913.00,4,0,31.8313309977,118.710303464,173.5963,0.0,0.0,0.0,0.0,0.0,0.0,0.0,0.0,0.0,0
1703738953136230632,1929,1703738953134188890,044913.10,4,0,31.8313313347,118.710292855,173.5952,0.0,0.0,0.0,0.0,0.0,0.0,0.0,0.0,0.0,0
1703738953239363544,1930,1703738953237668991,044913.20,4,0,31.8313316992,118.710282275,173.5955,0.0,0.0,0.0,0.0,0.0,0.0,0.0,0.0,0.0,0
1703738953335683803,1931,1703738953333784103,044913.30,4,0,31.8313320545,118.710271655,173.5945,0.0,0.0,0.0,0.0,0.0,0.0,0.0,0.0,0.0,0
1703738953438515455,1932,1703738953437169075,044913.40,4,0,31.8313324013,118.710261023,173.592,0.0,0.0,0.0,0.0,0.0,0.0,0.0,0.0,0.0,0
1703738953625785850,1933,1703738953624366998,044913.50,4,0,31.8313327443,118.710250457,173.5895,0.0,0.0,0.0,0.0,0.0,0.0,0.0,0.0,0.0,0
1703738953637607407,1934,1703738953637065887,044913.60,4,0,31.8313330803,118.71023987,173.5925,0.0,0.0,0.0,0.0,0.0,0.0,0.0,0.0,0.0,0
1703738953734761887,1935,1703738953734077930,044913.70,4,0,31.831333432,118.710229284,173.589,0.0,0.0,0.0,0.0,0.0,0.0,0.0,0.0,0.0,0
1703738953837608777,1936,1703738953837039947,044913.80,4,0,31.8313337885,118.710218706,173.5925,0.0,0.0,0.0,0.0,0.0,0.0,0.0,0.0,0.0,0
1703738953934849608,1937,1703738953933924913,044913.90,4,0,31.8313341468,118.710208122,173.5903,0.0,0.0,0.0,0.0,0.0,0.0,0.0,0.0,0.0,0
1703738954031473231,1938,1703738954030946969,044914.00,4,0,31.8313344992,118.710197536,173.5963,0.0,0.0,0.0,0.0,0.0,0.0,0.0,0.0,0.0,0
1703738954137589783,1939,1703738954137065887,044914.10,4,0,31.8313348578,118.710186962,173.5944,0.0,0.0,0.0,0.0,0.0,0.0,0.0,0.0,0.0,0
1703738954243180493,1940,1703738954241270065,044914.20,4,0,31.8313352013,118.710176404,173.5986,0.0,0.0,0.0,0.0,0.0,0.0,0.0,0.0,0.0,0
1703738954341683127,1941,1703738954339885950,044914.30,4,0,31.8313355673,118.710165847,173.5986,0.0,0.0,0.0,0.0,0.0,0.0,0.0,0.0,0.0,0
1703738954435418578,1942,1703738954433424949,044914.40,4,0,31.8313359273,118.710155289,173.5982,0.0,0.0,0.0,0.0,0.0,0.0,0.0,0.0,0.0,0
1703738954538273514,1943,1703738954537009954,044914.50,4,0,31.8313362958,118.710144731,173.595,0.0,0.0,0.0,0.0,0.0,0.0,0.0,0.0,0.0,0
1703738954716636414,1944,1703738954716285943,044914.60,4,0,31.831336656,118.71013417,173.6034,0.0,0.0,0.0,0.0,0.0,0.0,0.0,0.0,0.0,0
1703738954739508427,1945,1703738954737704038,044914.70,4,0,31.8313370418,118.710123612,173.6065,0.0,0.0,0.0,0.0,0.0,0.0,0.0,0.0,0.0,0
1703738954835177774,1946,1703738954834539890,044914.80,4,0,31.8313374157,118.710113078,173.6076,0.0,0.0,0.0,0.0,0.0,0.0,0.0,0.0,0.0,0
1703738954940508251,1947,1703738954937259912,044914.90,4,0,31.8313377873,118.710102513,173.6047,0.0,0.0,0.0,0.0,0.0,0.0,0.0,0.0,0.0,0
1703738955034444182,1948,1703738955033623933,044915.00,4,0,31.8313381733,118.710091963,173.6003,0.0,0.0,0.0,0.0,0.0,0.0,0.0,0.0,0.0,0
1703738955138650290,1949,1703738955136873006,044915.10,4,0,31.8313385192,118.710081426,173.6017,0.0,0.0,0.0,0.0,0.0,0.0,0.0,0.0,0.0,0
1703738955240556567,1950,1703738955239948034,044915.20,4,0,31.8313389075,118.710070891,173.6019,0.0,0.0,0.0,0.0,0.0,0.0,0.0,0.0,0.0,0
1703738955338112914,1951,1703738955336143016,044915.30,4,0,31.831339294,118.710060359,173.6045,0.0,0.0,0.0,0.0,0.0,0.0,0.0,0.0,0.0,0
1703738955433961493,1952,1703738955433465957,044915.40,4,0,31.8313396243,118.710049824,173.6062,0.0,0.0,0.0,0.0,0.0,0.0,0.0,0.0,0.0,0
1703738955537833972,1953,1703738955537018060,044915.50,4,0,31.8313400087,118.710039281,173.6019,0.0,0.0,0.0,0.0,0.0,0.0,0.0,0.0,0.0,0
1703738955633048088,1954,1703738955632477045,044915.60,4,0,31.8313404067,118.71002876,173.6011,0.0,0.0,0.0,0.0,0.0,0.0,0.0,0.0,0.0,0
1703738955808986700,1955,1703738955808329105,044915.70,4,0,31.8313407742,118.710018224,173.6021,0.0,0.0,0.0,0.0,0.0,0.0,0.0,0.0,0.0,0
1703738955833646069,1956,1703738955833007097,044915.80,4,0,31.831341151,118.710007693,173.6038,0.0,0.0,0.0,0.0,0.0,0.0,0.0,0.0,0.0,0
1703738955938577779,1957,1703738955937537908,044915.90,4,0,31.8313415298,118.709997145,173.6058,0.0,0.0,0.0,0.0,0.0,0.0,0.0,0.0,0.0,0
1703738956034594186,1958,1703738956033735990,044916.00,4,0,31.8313419202,118.709986624,173.603,0.0,0.0,0.0,0.0,0.0,0.0,0.0,0.0,0.0,0
1703738956138211577,1959,1703738956136518001,044916.10,4,0,31.8313423015,118.709976069,173.6064,0.0,0.0,0.0,0.0,0.0,0.0,0.0,0.0,0.0,0
1703738956240578346,1960,1703738956239430904,044916.20,4,0,31.8313426808,118.709965538,173.6047,0.0,0.0,0.0,0.0,0.0,0.0,0.0,0.0,0.0,0
1703738956338191496,1961,1703738956337374925,044916.30,4,0,31.831343056,118.70995499,173.6036,0.0,0.0,0.0,0.0,0.0,0.0,0.0,0.0,0.0,0
1703738956434493340,1962,1703738956433845996,044916.40,4,0,31.8313434327,118.709944425,173.6096,0.0,0.0,0.0,0.0,0.0,0.0,0.0,0.0,0.0,0
1703738956538467958,1963,1703738956536592006,044916.50,4,0,31.8313438167,118.709933866,173.6087,0.0,0.0,0.0,0.0,0.0,0.0,0.0,0.0,0.0,0
1703738956634032078,1964,1703738956633126974,044916.60,4,0,31.831344192,118.70992332,173.6039,0.0,0.0,0.0,0.0,0.0,0.0,0.0,0.0,0.0,0
1703738956739321884,1965,1703738956737307071,044916.70,4,0,31.831344587,118.709912788,173.6041,0.0,0.0,0.0,0.0,0.0,0.0,0.0,0.0,0.0,0
1703738956900928704,1966,1703738956900382995,044916.80,4,0,31.831344957,118.709902231,173.6041,0.0,0.0,0.0,0.0,0.0,0.0,0.0,0.0,0.0,0
1703738956937142302,1967,1703738956936651945,044916.90,4,0,31.8313453213,118.709891702,173.6044,0.0,0.0,0.0,0.0,0.0,0.0,0.0,0.0,0.0,0
1703738957034141557,1968,1703738957033425092,044917.00,4,0,31.8313456897,118.709881143,173.6035,0.0,0.0,0.0,0.0,0.0,0.0,0.0,0.0,0.0,0
1703738957139029552,1969,1703738957138266086,044917.10,4,0,31.8313460647,118.709870601,173.6046,0.0,0.0,0.0,0.0,0.0,0.0,0.0,0.0,0.0,0
1703738957235388266,1970,1703738957234777927,044917.20,4,0,31.8313464547,118.709860052,173.604,0.0,0.0,0.0,0.0,0.0,0.0,0.0,0.0,0.0,0
1703738957339199855,1971,1703738957338701009,044917.30,4,0,31.8313467988,118.709849516,173.6024,0.0,0.0,0.0,0.0,0.0,0.0,0.0,0.0,0.0,0
1703738957436473307,1972,1703738957435910940,044917.40,4,0,31.8313471855,118.709838946,173.5991,0.0,0.0,0.0,0.0,0.0,0.0,0.0,0.0,0.0,0
1703738957532132172,1973,1703738957531486988,044917.50,4,0,31.8313475667,118.70982839,173.6016,0.0,0.0,0.0,0.0,0.0,0.0,0.0,0.0,0.0,0
1703738957636522382,1974,1703738957635957002,044917.60,4,0,31.8313479452,118.709817839,173.6117,0.0,0.0,0.0,0.0,0.0,0.0,0.0,0.0,0.0,0
1703738957731502783,1975,1703738957731101036,044917.70,4,0,31.8313483057,118.709807318,173.615,0.0,0.0,0.0,0.0,0.0,0.0,0.0,0.0,0.0,0
1703738957838498231,1976,1703738957836777925,044917.80,4,0,31.8313486707,118.709796874,173.625,0.0,0.0,0.0,0.0,0.0,0.0,0.0,0.0,0.0,0
1703738957993808674,1977,1703738957993160963,044917.90,4,0,31.8313490317,118.70978648,173.6406,0.0,0.0,0.0,0.0,0.0,0.0,0.0,0.0,0.0,0
1703738958030032814,1978,1703738958029704093,044918.00,4,0,31.8313494015,118.709776224,173.6486,0.0,0.0,0.0,0.0,0.0,0.0,0.0,0.0,0.0,0
1703738958137704024,1979,1703738958137228012,044918.10,4,0,31.8313497588,118.709766099,173.6595,0.0,0.0,0.0,0.0,0.0,0.0,0.0,0.0,0.0,0
1703738958234069715,1980,1703738958233664035,044918.20,4,0,31.8313501122,118.709756151,173.6779,0.0,0.0,0.0,0.0,0.0,0.0,0.0,0.0,0.0,0
1703738958339481965,1981,1703738958338378906,044918.30,4,0,31.8313504423,118.709746401,173.6891,0.0,0.0,0.0,0.0,0.0,0.0,0.0,0.0,0.0,0
1703738958436482354,1982,1703738958433644056,044918.40,4,0,31.8313507718,118.70973684,173.7018,0.0,0.0,0.0,0.0,0.0,0.0,0.0,0.0,0.0,0
1703738958532210600,1983,1703738958531652927,044918.50,4,0,31.831351098,118.709727516,173.71,0.0,0.0,0.0,0.0,0.0,0.0,0.0,0.0,0.0,0
1703738958635614254,1984,1703738958634471893,044918.60,4,0,31.8313514107,118.70971841,173.717,0.0,0.0,0.0,0.0,0.0,0.0,0.0,0.0,0.0,0
1703738958732045630,1985,1703738958731559038,044918.70,4,0,31.8313517225,118.709709582,173.7181,0.0,0.0,0.0,0.0,0.0,0.0,0.0,0.0,0.0,0
1703738958837230405,1986,1703738958836716890,044918.80,4,0,31.8313520095,118.709700962,173.7241,0.0,0.0,0.0,0.0,0.0,0.0,0.0,0.0,0.0,0
1703738958933896059,1987,1703738958932862997,044918.90,4,0,31.8313522862,118.709692624,173.7269,0.0,0.0,0.0,0.0,0.0,0.0,0.0,0.0,0.0,0
1703738959088857771,1988,1703738959088340044,044919.00,4,0,31.8313525543,118.709684546,173.7262,0.0,0.0,0.0,0.0,0.0,0.0,0.0,0.0,0.0,0
1703738959135246535,1989,1703738959131607055,044919.10,4,0,31.8313528057,118.709676727,173.7241,0.0,0.0,0.0,0.0,0.0,0.0,0.0,0.0,0.0,0
1703738959238641343,1990,1703738959237776994,044919.20,4,0,31.8313530423,118.709669153,173.716,0.0,0.0,0.0,0.0,0.0,0.0,0.0,0.0,0.0,0
1703738959335477005,1991,1703738959334846019,044919.30,4,0,31.8313532343,118.709661856,173.7178,0.0,0.0,0.0,0.0,0.0,0.0,0.0,0.0,0.0,0
1703738959433507936,1992,1703738959432497978,044919.40,4,0,31.8313534453,118.709654803,173.7099,0.0,0.0,0.0,0.0,0.0,0.0,0.0,0.0,0.0,0
1703738959538333997,1993,1703738959536422967,044919.50,4,0,31.8313536527,118.709648028,173.7089,0.0,0.0,0.0,0.0,0.0,0.0,0.0,0.0,0.0,0
1703738959633628739,1994,1703738959632673978,044919.60,4,0,31.8313538248,118.709641528,173.7037,0.0,0.0,0.0,0.0,0.0,0.0,0.0,0.0,0.0,0
1703738959737852511,1995,1703738959737224102,044919.70,4,0,31.8313539973,118.709635266,173.696,0.0,0.0,0.0,0.0,0.0,0.0,0.0,0.0,0.0,0
1703738959836017465,1996,1703738959833585977,044919.80,4,0,31.831354155,118.709629289,173.6922,0.0,0.0,0.0,0.0,0.0,0.0,0.0,0.0,0.0,0
1703738959938436302,1997,1703738959936675071,044919.90,4,0,31.8313542833,118.709623568,173.6821,0.0,0.0,0.0,0.0,0.0,0.0,0.0,0.0,0.0,0
1703738960037861142,1998,1703738960033963918,044920.00,4,0,31.831354409,118.709618078,173.6816,0.0,0.0,0.0,0.0,0.0,0.0,0.0,0.0,0.0,0
1703738960181382655,1999,1703738960180725097,044920.10,4,0,31.8313545067,118.709612838,173.6805,0.0,0.0,0.0,0.0,0.0,0.0,0.0,0.0,0.0,0
1703738960234848352,2000,1703738960234302997,044920.20,4,0,31.8313546185,118.709607883,173.6713,0.0,0.0,0.0,0.0,0.0,0.0,0.0,0.0,0.0,0
1703738960338720717,2001,1703738960338129997,044920.30,4,0,31.8313547167,118.709603193,173.6694,0.0,0.0,0.0,0.0,0.0,0.0,0.0,0.0,0.0,0
1703738960436261387,2002,1703738960435662031,044920.40,4,0,31.8313548185,118.709598698,173.6576,0.0,0.0,0.0,0.0,0.0,0.0,0.0,0.0,0.0,0
1703738960532401820,2003,1703738960531624078,044920.50,4,0,31.8313549682,118.709594472,173.6356,0.0,0.0,0.0,0.0,0.0,0.0,0.0,0.0,0.0,0
1703738960636880506,2004,1703738960636251926,044920.60,4,0,31.8313551375,118.709590412,173.6123,0.0,0.0,0.0,0.0,0.0,0.0,0.0,0.0,0.0,0
1703738960733479014,2005,1703738960732430934,044920.70,4,0,31.8313554425,118.709586569,173.5773,0.0,0.0,0.0,0.0,0.0,0.0,0.0,0.0,0.0,0
1703738960837916983,2006,1703738960837361097,044920.80,4,0,31.8313558467,118.709582837,173.5446,0.0,0.0,0.0,0.0,0.0,0.0,0.0,0.0,0.0,0
1703738960935647344,2007,1703738960934503078,044920.90,4,0,31.8313564435,118.709579178,173.5198,0.0,0.0,0.0,0.0,0.0,0.0,0.0,0.0,0.0,0
1703738961032232522,2008,1703738961031311035,044921.00,4,0,31.8313572503,118.7095755,173.5055,0.0,0.0,0.0,0.0,0.0,0.0,0.0,0.0,0.0,0
1703738961137764468,2009,1703738961137157917,044921.10,4,0,31.8313583112,118.709571835,173.4987,0.0,0.0,0.0,0.0,0.0,0.0,0.0,0.0,0.0,0
1703738961273333789,2010,1703738961272438049,044921.20,4,0,31.8313596512,118.709568256,173.5066,0.0,0.0,0.0,0.0,0.0,0.0,0.0,0.0,0.0,0
1703738961339724360,2011,1703738961336895942,044921.30,4,0,31.8313612613,118.709564738,173.5159,0.0,0.0,0.0,0.0,0.0,0.0,0.0,0.0,0.0,0
1703738961435226120,2012,1703738961434259891,044921.40,4,0,31.8313630487,118.709561422,173.5235,0.0,0.0,0.0,0.0,0.0,0.0,0.0,0.0,0.0,0
1703738961540377047,2013,1703738961537623882,044921.50,4,0,31.8313650238,118.709558243,173.517,0.0,0.0,0.0,0.0,0.0,0.0,0.0,0.0,0.0,0
1703738961634675908,2014,1703738961633882045,044921.60,4,0,31.831367203,118.709555312,173.5147,0.0,0.0,0.0,0.0,0.0,0.0,0.0,0.0,0.0,0
1703738961738495016,2015,1703738961737425088,044921.70,4,0,31.831369555,118.709552602,173.509,0.0,0.0,0.0,0.0,0.0,0.0,0.0,0.0,0.0,0
1703738961835196828,2016,1703738961834270954,044921.80,4,0,31.8313720778,118.709550126,173.512,0.0,0.0,0.0,0.0,0.0,0.0,0.0,0.0,0.0,0
1703738961937525126,2017,1703738961937005043,044921.90,4,0,31.8313747697,118.709547884,173.5079,0.0,0.0,0.0,0.0,0.0,0.0,0.0,0.0,0.0,0
1703738962033939981,2018,1703738962033221960,044922.00,4,0,31.8313776502,118.709545833,173.4998,0.0,0.0,0.0,0.0,0.0,0.0,0.0,0.0,0.0,0
1703738962137309404,2019,1703738962136792898,044922.10,4,0,31.8313806663,118.709543998,173.4946,0.0,0.0,0.0,0.0,0.0,0.0,0.0,0.0,0.0,0
1703738962239805822,2020,1703738962239372968,044922.20,4,0,31.8313838123,118.709542399,173.4899,0.0,0.0,0.0,0.0,0.0,0.0,0.0,0.0,0.0,0
1703738962365432074,2021,1703738962364289999,044922.30,4,0,31.83138709,118.709541035,173.4894,0.0,0.0,0.0,0.0,0.0,0.0,0.0,0.0,0.0,0
1703738962433552786,2022,1703738962432975053,044922.40,4,0,31.8313905223,118.709539939,173.4906,0.0,0.0,0.0,0.0,0.0,0.0,0.0,0.0,0.0,0
1703738962540382183,2023,1703738962537735939,044922.50,4,0,31.8313940695,118.709539103,173.4877,0.0,0.0,0.0,0.0,0.0,0.0,0.0,0.0,0.0,0
1703738962635098533,2024,1703738962634349107,044922.60,4,0,31.831397743,118.709538517,173.4886,0.0,0.0,0.0,0.0,0.0,0.0,0.0,0.0,0.0,0
1703738962739541667,2025,1703738962738563060,044922.70,4,0,31.831401507,118.709538205,173.4909,0.0,0.0,0.0,0.0,0.0,0.0,0.0,0.0,0.0,0
1703738962838167944,2026,1703738962835118055,044922.80,4,0,31.8314053418,118.709538116,173.4863,0.0,0.0,0.0,0.0,0.0,0.0,0.0,0.0,0.0,0
1703738962938082077,2027,1703738962937465906,044922.90,4,0,31.8314092815,118.709538298,173.4906,0.0,0.0,0.0,0.0,0.0,0.0,0.0,0.0,0.0,0
1703738963034699394,2028,1703738963033899068,044923.00,4,0,31.8314133077,118.709538716,173.4874,0.0,0.0,0.0,0.0,0.0,0.0,0.0,0.0,0.0,0
1703738963141938592,2029,1703738963138803005,044923.10,4,0,31.8314174145,118.709539347,173.4817,0.0,0.0,0.0,0.0,0.0,0.0,0.0,0.0,0.0,0
1703738963242410859,2030,1703738963240259885,044923.20,4,0,31.831421611,118.709540215,173.4879,0.0,0.0,0.0,0.0,0.0,0.0,0.0,0.0,0.0,0
1703738963337043849,2031,1703738963336158037,044923.30,4,0,31.8314259095,118.709541331,173.494,0.0,0.0,0.0,0.0,0.0,0.0,0.0,0.0,0.0,0
1703738963457100029,2032,1703738963456392049,044923.40,4,0,31.8314302997,118.709542572,173.5093,0.0,0.0,0.0,0.0,0.0,0.0,0.0,0.0,0.0,0
1703738963538745302,2033,1703738963537910938,044923.50,4,0,31.8314347163,118.709543952,173.5392,0.0,0.0,0.0,0.0,0.0,0.0,0.0,0.0,0.0,0
1703738963636512002,2034,1703738963635137081,044923.60,4,0,31.8314391272,118.709545409,173.5591,0.0,0.0,0.0,0.0,0.0,0.0,0.0,0.0,0.0,0
1703738963741188631,2035,1703738963739409923,044923.70,4,0,31.8314435235,118.709546897,173.5756,0.0,0.0,0.0,0.0,0.0,0.0,0.0,0.0,0.0,0
1703738963835888341,2036,1703738963834983110,044923.80,4,0,31.8314478575,118.709548381,173.5836,0.0,0.0,0.0,0.0,0.0,0.0,0.0,0.0,0.0,0
1703738963937975911,2037,1703738963937596082,044923.90,4,0,31.8314521485,118.709549882,173.5857,0.0,0.0,0.0,0.0,0.0,0.0,0.0,0.0,0.0,0
1703738964036030907,2038,1703738964034950017,044924.00,4,0,31.8314563825,118.709551405,173.5883,0.0,0.0,0.0,0.0,0.0,0.0,0.0,0.0,0.0,0
1703738964138756229,2039,1703738964137779951,044924.10,4,0,31.8314605978,118.70955293,173.5793,0.0,0.0,0.0,0.0,0.0,0.0,0.0,0.0,0.0,0
1703738964241499083,2040,1703738964240940093,044924.20,4,0,31.8314648115,118.709554446,173.569,0.0,0.0,0.0,0.0,0.0,0.0,0.0,0.0,0.0,0
1703738964338665438,2041,1703738964336991071,044924.30,4,0,31.8314690513,118.709555999,173.5809,0.0,0.0,0.0,0.0,0.0,0.0,0.0,0.0,0.0,0
1703738964435812074,2042,1703738964434407949,044924.40,4,0,31.8314733703,118.709557565,173.5771,0.0,0.0,0.0,0.0,0.0,0.0,0.0,0.0,0.0,0
1703738964552724614,2043,1703738964552335977,044924.50,4,0,31.8314777322,118.709559105,173.5704,0.0,0.0,0.0,0.0,0.0,0.0,0.0,0.0,0.0,0
1703738964635603396,2044,1703738964634036064,044924.60,4,0,31.8314822238,118.709560677,173.5613,0.0,0.0,0.0,0.0,0.0,0.0,0.0,0.0,0.0,0
1703738964738597035,2045,1703738964738173961,044924.70,4,0,31.831486788,118.709562237,173.5591,0.0,0.0,0.0,0.0,0.0,0.0,0.0,0.0,0.0,0
1703738964835149450,2046,1703738964834505081,044924.80,4,0,31.8314914903,118.709563798,173.5522,0.0,0.0,0.0,0.0,0.0,0.0,0.0,0.0,0.0,0
1703738964942733404,2047,1703738964939409017,044924.90,4,0,31.8314963212,118.70956537,173.5441,0.0,0.0,0.0,0.0,0.0,0.0,0.0,0.0,0.0,0
1703738965034393105,2048,1703738965033847093,044925.00,4,0,31.8315013015,118.709566992,173.5372,0.0,0.0,0.0,0.0,0.0,0.0,0.0,0.0,0.0,0
1703738965139291408,2049,1703738965137881040,044925.10,4,0,31.8315064352,118.70956859,173.5354,0.0,0.0,0.0,0.0,0.0,0.0,0.0,0.0,0.0,0
1703738965241389516,2050,1703738965240912914,044925.20,4,0,31.831511752,118.709570239,173.5325,0.0,0.0,0.0,0.0,0.0,0.0,0.0,0.0,0.0,0
1703738965338230194,2051,1703738965336484909,044925.30,4,0,31.8315171917,118.709571905,173.5425,0.0,0.0,0.0,0.0,0.0,0.0,0.0,0.0,0.0,0
1703738965433630185,2052,1703738965433027029,044925.40,4,0,31.831522808,118.70957359,173.5339,0.0,0.0,0.0,0.0,0.0,0.0,0.0,0.0,0.0,0
1703738965638430675,2053,1703738965636449098,044925.50,4,0,31.8315286245,118.70957535,173.5352,0.0,0.0,0.0,0.0,0.0,0.0,0.0,0.0,0.0,0
1703738965642693163,2054,1703738965641748905,044925.60,4,0,31.831534598,118.709577117,173.5377,0.0,0.0,0.0,0.0,0.0,0.0,0.0,0.0,0.0,0
1703738965740478411,2055,1703738965739017963,044925.70,4,0,31.8315407503,118.709578912,173.5553,0.0,0.0,0.0,0.0,0.0,0.0,0.0,0.0,0.0,0
1703738965835351201,2056,1703738965834213018,044925.80,4,0,31.8315469658,118.709580749,173.5651,0.0,0.0,0.0,0.0,0.0,0.0,0.0,0.0,0.0,0
1703738965938601025,2057,1703738965937377929,044925.90,4,0,31.8315532642,118.709582562,173.5707,0.0,0.0,0.0,0.0,0.0,0.0,0.0,0.0,0.0,0
1703738966035662244,2058,1703738966034781932,044926.00,4,0,31.8315595963,118.709584359,173.5744,0.0,0.0,0.0,0.0,0.0,0.0,0.0,0.0,0.0,0
1703738966139741578,2059,1703738966138858079,044926.10,4,0,31.8315660548,118.709586182,173.5789,0.0,0.0,0.0,0.0,0.0,0.0,0.0,0.0,0.0,0
1703738966241322331,2060,1703738966240768909,044926.20,4,0,31.8315725307,118.709588003,173.5773,0.0,0.0,0.0,0.0,0.0,0.0,0.0,0.0,0.0,0
1703738966338340348,2061,1703738966336796045,044926.30,4,0,31.8315790907,118.709589845,173.5786,0.0,0.0,0.0,0.0,0.0,0.0,0.0,0.0,0.0,0
1703738966437374823,2062,1703738966433339118,044926.40,4,0,31.8315857343,118.709591678,173.5823,0.0,0.0,0.0,0.0,0.0,0.0,0.0,0.0,0.0,0
1703738966537504991,2063,1703738966536947965,044926.50,4,0,31.8315924675,118.709593543,173.5842,0.0,0.0,0.0,0.0,0.0,0.0,0.0,0.0,0.0,0
1703738966634981711,2064,1703738966633593082,044926.60,4,0,31.8315992575,118.709595386,173.5914,0.0,0.0,0.0,0.0,0.0,0.0,0.0,0.0,0.0,0
1703738966739724013,2065,1703738966737518072,044926.70,4,0,31.8316061365,118.70959726,173.5847,0.0,0.0,0.0,0.0,0.0,0.0,0.0,0.0,0.0,0
1703738966836285360,2066,1703738966835176944,044926.80,4,0,31.831613093,118.709599135,173.5877,0.0,0.0,0.0,0.0,0.0,0.0,0.0,0.0,0.0,0
1703738966941636177,2067,1703738966939222097,044926.90,4,0,31.831620128,118.709601018,173.5863,0.0,0.0,0.0,0.0,0.0,0.0,0.0,0.0,0.0,0
1703738967036009966,2068,1703738967034133911,044927.00,4,0,31.8316272135,118.709602904,173.586,0.0,0.0,0.0,0.0,0.0,0.0,0.0,0.0,0.0,0
1703738967139928662,2069,1703738967138299942,044927.10,4,0,31.8316343655,118.70960481,173.583,0.0,0.0,0.0,0.0,0.0,0.0,0.0,0.0,0.0,0
1703738967234529205,2070,1703738967233937978,044927.20,4,0,31.8316415815,118.70960675,173.5859,0.0,0.0,0.0,0.0,0.0,0.0,0.0,0.0,0.0,0
1703738967340628128,2071,1703738967339258909,044927.30,4,0,31.8316488507,118.70960869,173.5813,0.0,0.0,0.0,0.0,0.0,0.0,0.0,0.0,0.0,0
1703738967435129014,2072,1703738967434498071,044927.40,4,0,31.831656216,118.709610654,173.581,0.0,0.0,0.0,0.0,0.0,0.0,0.0,0.0,0.0,0
1703738967532936252,2073,1703738967532227993,044927.50,4,0,31.8316636463,118.709612632,173.5775,0.0,0.0,0.0,0.0,0.0,0.0,0.0,0.0,0.0,0
1703738967639901523,2074,1703738967636641979,044927.60,4,0,31.8316711312,118.709614617,173.5764,0.0,0.0,0.0,0.0,0.0,0.0,0.0,0.0,0.0,0
1703738967735875668,2075,1703738967733766078,044927.70,4,0,31.8316786935,118.709616638,173.5739,0.0,0.0,0.0,0.0,0.0,0.0,0.0,0.0,0.0,0
1703738967838917802,2076,1703738967837045907,044927.80,4,0,31.8316863033,118.709618647,173.5742,0.0,0.0,0.0,0.0,0.0,0.0,0.0,0.0,0.0,0
1703738967935157268,2077,1703738967933904886,044927.90,4,0,31.8316939728,118.709620659,173.574,0.0,0.0,0.0,0.0,0.0,0.0,0.0,0.0,0.0,0
1703738968030161691,2078,1703738968029814004,044928.00,4,0,31.8317017072,118.709622711,173.5742,0.0,0.0,0.0,0.0,0.0,0.0,0.0,0.0,0.0,0
1703738968138976364,2079,1703738968137423992,044928.10,4,0,31.8317094887,118.709624741,173.5696,0.0,0.0,0.0,0.0,0.0,0.0,0.0,0.0,0.0,0
1703738968235387843,2080,1703738968234149932,044928.20,4,0,31.8317173205,118.709626771,173.5656,0.0,0.0,0.0,0.0,0.0,0.0,0.0,0.0,0.0,0
1703738968340397374,2081,1703738968338617086,044928.30,4,0,31.831725205,118.709628798,173.565,0.0,0.0,0.0,0.0,0.0,0.0,0.0,0.0,0.0,0
1703738968436788483,2082,1703738968434555053,044928.40,4,0,31.8317331993,118.709630865,173.5653,0.0,0.0,0.0,0.0,0.0,0.0,0.0,0.0,0.0,0
1703738968532795075,2083,1703738968531960010,044928.50,4,0,31.8317412278,118.709632958,173.5673,0.0,0.0,0.0,0.0,0.0,0.0,0.0,0.0,0.0,0
1703738968638017251,2084,1703738968636055946,044928.60,4,0,31.8317493133,118.709635041,173.5713,0.0,0.0,0.0,0.0,0.0,0.0,0.0,0.0,0.0,0
1703738968735841906,2085,1703738968733733892,044928.70,4,0,31.8317574632,118.709637167,173.567,0.0,0.0,0.0,0.0,0.0,0.0,0.0,0.0,0.0,0
1703738968920835934,2086,1703738968920305967,044928.80,4,0,31.8317656695,118.709639296,173.5676,0.0,0.0,0.0,0.0,0.0,0.0,0.0,0.0,0.0,0
1703738968934631485,2087,1703738968932535886,044928.90,4,0,31.8317739182,118.709641438,173.5744,0.0,0.0,0.0,0.0,0.0,0.0,0.0,0.0,0.0,0
1703738969037233489,2088,1703738969036621093,044929.00,4,0,31.8317822483,118.7096436,173.5703,0.0,0.0,0.0,0.0,0.0,0.0,0.0,0.0,0.0,0
1703738969133573914,2089,1703738969132757902,044929.10,4,0,31.831790599,118.709645771,173.5735,0.0,0.0,0.0,0.0,0.0,0.0,0.0,0.0,0.0,0
1703738969239692094,2090,1703738969238836050,044929.20,4,0,31.831799005,118.709647987,173.5769,0.0,0.0,0.0,0.0,0.0,0.0,0.0,0.0,0.0,0
1703738969335738105,2091,1703738969335191011,044929.30,4,0,31.8318074733,118.709650204,173.5794,0.0,0.0,0.0,0.0,0.0,0.0,0.0,0.0,0.0,0
1703738969433744675,2092,1703738969432909011,044929.40,4,0,31.8318159877,118.709652447,173.5884,0.0,0.0,0.0,0.0,0.0,0.0,0.0,0.0,0.0,0
1703738969539220498,2093,1703738969537532091,044929.50,4,0,31.831824565,118.709654696,173.5909,0.0,0.0,0.0,0.0,0.0,0.0,0.0,0.0,0.0,0
1703738969634101499,2094,1703738969633337020,044929.60,4,0,31.8318331755,118.709656969,173.5946,0.0,0.0,0.0,0.0,0.0,0.0,0.0,0.0,0.0,0
1703738969739285877,2095,1703738969737520933,044929.70,4,0,31.8318418483,118.709659257,173.5909,0.0,0.0,0.0,0.0,0.0,0.0,0.0,0.0,0.0,0
1703738969836287165,2096,1703738969833828926,044929.80,4,0,31.8318505588,118.709661548,173.596,0.0,0.0,0.0,0.0,0.0,0.0,0.0,0.0,0.0,0
1703738970015664883,2097,1703738970012305021,044929.90,4,0,31.8318593235,118.709663862,173.5995,0.0,0.0,0.0,0.0,0.0,0.0,0.0,0.0,0.0,0
1703738970033329305,2098,1703738970032916069,044930.00,4,0,31.831868136,118.709666209,173.5994,0.0,0.0,0.0,0.0,0.0,0.0,0.0,0.0,0.0,0
1703738970143683737,2099,1703738970143167972,044930.10,4,0,31.831877018,118.709668533,173.5997,0.0,0.0,0.0,0.0,0.0,0.0,0.0,0.0,0.0,0
1703738970247885147,2100,1703738970247631072,044930.20,4,0,31.8318859193,118.70967087,173.6086,0.0,0.0,0.0,0.0,0.0,0.0,0.0,0.0,0.0,0
1703738970343088857,2101,1703738970342605113,044930.30,4,0,31.8318948827,118.709673229,173.6044,0.0,0.0,0.0,0.0,0.0,0.0,0.0,0.0,0.0,0
1703738970440438862,2102,1703738970439847946,044930.40,4,0,31.8319038888,118.709675616,173.6156,0.0,0.0,0.0,0.0,0.0,0.0,0.0,0.0,0.0,0
1703738970538746072,2103,1703738970537652969,044930.50,4,0,31.8319129168,118.709678007,173.618,0.0,0.0,0.0,0.0,0.0,0.0,0.0,0.0,0.0,0
1703738970643939760,2104,1703738970643485069,044930.60,4,0,31.8319219775,118.709680429,173.6273,0.0,0.0,0.0,0.0,0.0,0.0,0.0,0.0,0.0,0
1703738970742405613,2105,1703738970740149021,044930.70,4,0,31.8319310327,118.709682847,173.6292,0.0,0.0,0.0,0.0,0.0,0.0,0.0,0.0,0.0,0
1703738970845691606,2106,1703738970845192909,044930.80,4,0,31.831940082,118.709685264,173.6362,0.0,0.0,0.0,0.0,0.0,0.0,0.0,0.0,0.0,0
1703738970943373614,2107,1703738970941709995,044930.90,4,0,31.831949109,118.709687665,173.6402,0.0,0.0,0.0,0.0,0.0,0.0,0.0,0.0,0.0,0
1703738971105569603,2108,1703738971104311943,044931.00,4,0,31.831958156,118.709690114,173.6426,0.0,0.0,0.0,0.0,0.0,0.0,0.0,0.0,0.0,0
1703738971142840843,2109,1703738971142271041,044931.10,4,0,31.8319671513,118.709692527,173.6458,0.0,0.0,0.0,0.0,0.0,0.0,0.0,0.0,0.0,0
1703738971249523512,2110,1703738971247863054,044931.20,4,0,31.8319761587,118.709694936,173.6463,0.0,0.0,0.0,0.0,0.0,0.0,0.0,0.0,0.0,0
1703738971343272784,2111,1703738971342541933,044931.30,4,0,31.8319851317,118.70969732,173.6472,0.0,0.0,0.0,0.0,0.0,0.0,0.0,0.0,0.0,0
1703738971444717800,2112,1703738971444453001,044931.40,4,0,31.8319940635,118.709699722,173.6436,0.0,0.0,0.0,0.0,0.0,0.0,0.0,0.0,0.0,0
1703738971543047825,2113,1703738971541651010,044931.50,4,0,31.8320030033,118.709702103,173.642,0.0,0.0,0.0,0.0,0.0,0.0,0.0,0.0,0.0,0
1703738971645052783,2114,1703738971644202947,044931.60,4,0,31.8320119097,118.709704477,173.644,0.0,0.0,0.0,0.0,0.0,0.0,0.0,0.0,0.0,0
1703738971741179608,2115,1703738971740381956,044931.70,4,0,31.8320208117,118.709706844,173.6405,0.0,0.0,0.0,0.0,0.0,0.0,0.0,0.0,0.0,0
1703738971846795187,2116,1703738971845922946,044931.80,4,0,31.8320296667,118.709709189,173.6442,0.0,0.0,0.0,0.0,0.0,0.0,0.0,0.0,0.0,0
1703738971942979276,2117,1703738971941713094,044931.90,4,0,31.8320385298,118.709711547,173.6457,0.0,0.0,0.0,0.0,0.0,0.0,0.0,0.0,0.0,0
1703738972048897835,2118,1703738972047738075,044932.00,4,0,31.8320473872,118.709713913,173.6446,0.0,0.0,0.0,0.0,0.0,0.0,0.0,0.0,0.0,0
1703738972205067884,2119,1703738972200530052,044932.10,4,0,31.8320562063,118.709716232,173.6462,0.0,0.0,0.0,0.0,0.0,0.0,0.0,0.0,0.0,0
1703738972249016484,2120,1703738972248605012,044932.20,4,0,31.8320650143,118.709718579,173.651,0.0,0.0,0.0,0.0,0.0,0.0,0.0,0.0,0.0,0
1703738972344242652,2121,1703738972341593980,044932.30,4,0,31.8320738133,118.709720904,173.6507,0.0,0.0,0.0,0.0,0.0,0.0,0.0,0.0,0.0,0
1703738972448730778,2122,1703738972448143959,044932.40,4,0,31.8320826095,118.709723244,173.6512,0.0,0.0,0.0,0.0,0.0,0.0,0.0,0.0,0.0,0
1703738972542574716,2123,1703738972542181968,044932.50,4,0,31.8320913713,118.709725553,173.6508,0.0,0.0,0.0,0.0,0.0,0.0,0.0,0.0,0.0,0
1703738972640408759,2124,1703738972639779090,044932.60,4,0,31.8321001873,118.709727875,173.6632,0.0,0.0,0.0,0.0,0.0,0.0,0.0,0.0,0.0,0
1703738972742224783,2125,1703738972741796970,044932.70,4,0,31.832108958,118.709730202,173.6696,0.0,0.0,0.0,0.0,0.0,0.0,0.0,0.0,0.0,0
1703738972849612887,2126,1703738972847875118,044932.80,4,0,31.8321177273,118.709732536,173.6693,0.0,0.0,0.0,0.0,0.0,0.0,0.0,0.0,0.0,0
1703738972942010094,2127,1703738972941524028,044932.90,4,0,31.8321264955,118.709734882,173.6688,0.0,0.0,0.0,0.0,0.0,0.0,0.0,0.0,0.0,0
1703738973048552051,2128,1703738973048175096,044933.00,4,0,31.832135259,118.709737219,173.6781,0.0,0.0,0.0,0.0,0.0,0.0,0.0,0.0,0.0,0
1703738973143677969,2129,1703738973143188953,044933.10,4,0,31.8321440123,118.709739527,173.6795,0.0,0.0,0.0,0.0,0.0,0.0,0.0,0.0,0.0,0
1703738973293030122,2130,1703738973292325019,044933.20,4,0,31.8321527915,118.709741848,173.684,0.0,0.0,0.0,0.0,0.0,0.0,0.0,0.0,0.0,0
1703738973336386111,2131,1703738973335408926,044933.30,4,0,31.8321615595,118.709744173,173.6903,0.0,0.0,0.0,0.0,0.0,0.0,0.0,0.0,0.0,0
1703738973434272756,2132,1703738973432960987,044933.40,4,0,31.832170331,118.709746433,173.6885,0.0,0.0,0.0,0.0,0.0,0.0,0.0,0.0,0.0,0
1703738973540664831,2133,1703738973539383888,044933.50,4,0,31.8321791057,118.709748728,173.6786,0.0,0.0,0.0,0.0,0.0,0.0,0.0,0.0,0.0,0
1703738973637065072,2134,1703738973636588096,044933.60,4,0,31.8321878727,118.709750989,173.6771,0.0,0.0,0.0,0.0,0.0,0.0,0.0,0.0,0.0,0
1703738973733432406,2135,1703738973732887029,044933.70,4,0,31.8321966368,118.709753268,173.6749,0.0,0.0,0.0,0.0,0.0,0.0,0.0,0.0,0.0,0
1703738973837299433,2136,1703738973836818933,044933.80,4,0,31.8322053958,118.709755544,173.6774,0.0,0.0,0.0,0.0,0.0,0.0,0.0,0.0,0.0,0
1703738973934609033,2137,1703738973932976961,044933.90,4,0,31.8322141525,118.709757822,173.6759,0.0,0.0,0.0,0.0,0.0,0.0,0.0,0.0,0.0,0
1703738974039382466,2138,1703738974037070989,044934.00,4,0,31.832222891,118.709760072,173.6768,0.0,0.0,0.0,0.0,0.0,0.0,0.0,0.0,0.0,0
1703738974138040722,2139,1703738974135052919,044934.10,4,0,31.8322316343,118.709762364,173.6831,0.0,0.0,0.0,0.0,0.0,0.0,0.0,0.0,0.0,0
1703738974238800559,2140,1703738974238290071,044934.20,4,0,31.8322403807,118.709764636,173.677,0.0,0.0,0.0,0.0,0.0,0.0,0.0,0.0,0.0,0
1703738974384858673,2141,1703738974384319067,044934.30,4,0,31.832249113,118.709766898,173.6744,0.0,0.0,0.0,0.0,0.0,0.0,0.0,0.0,0.0,0
1703738974431596842,2142,1703738974431126117,044934.40,4,0,31.8322578428,118.709769174,173.6837,0.0,0.0,0.0,0.0,0.0,0.0,0.0,0.0,0.0,0
1703738974538824491,2143,1703738974537978887,044934.50,4,0,31.8322665592,118.709771442,173.6804,0.0,0.0,0.0,0.0,0.0,0.0,0.0,0.0,0.0,0
1703738974635048149,2144,1703738974634016990,044934.60,4,0,31.8322753035,118.70977371,173.6767,0.0,0.0,0.0,0.0,0.0,0.0,0.0,0.0,0.0,0
1703738974740100441,2145,1703738974737808942,044934.70,4,0,31.8322840313,118.709775985,173.6827,0.0,0.0,0.0,0.0,0.0,0.0,0.0,0.0,0.0,0
1703738974836385043,2146,1703738974834064960,044934.80,4,0,31.8322927782,118.709778249,173.6841,0.0,0.0,0.0,0.0,0.0,0.0,0.0,0.0,0.0,0
1703738974937795627,2147,1703738974937408924,044934.90,4,0,31.8323015062,118.709780558,173.6839,0.0,0.0,0.0,0.0,0.0,0.0,0.0,0.0,0.0,0
1703738975036370662,2148,1703738975033282041,044935.00,4,0,31.8323102138,118.709782835,173.6817,0.0,0.0,0.0,0.0,0.0,0.0,0.0,0.0,0.0,0
1703738975138350011,2149,1703738975137484073,044935.10,4,0,31.832318948,118.709785121,173.6814,0.0,0.0,0.0,0.0,0.0,0.0,0.0,0.0,0.0,0
1703738975241055904,2150,1703738975240660905,044935.20,4,0,31.8323276805,118.709787412,173.6906,0.0,0.0,0.0,0.0,0.0,0.0,0.0,0.0,0.0,0
1703738975338712912,2151,1703738975336872100,044935.30,4,0,31.8323364038,118.709789723,173.6878,0.0,0.0,0.0,0.0,0.0,0.0,0.0,0.0,0.0,0
1703738975477285907,2152,1703738975476311922,044935.40,4,0,31.8323451107,118.709792013,173.685,0.0,0.0,0.0,0.0,0.0,0.0,0.0,0.0,0.0,0
1703738975531083815,2153,1703738975530719041,044935.50,4,0,31.8323538235,118.709794299,173.6868,0.0,0.0,0.0,0.0,0.0,0.0,0.0,0.0,0.0,0
1703738975636572672,2154,1703738975635160923,044935.60,4,0,31.8323625468,118.709796615,173.6906,0.0,0.0,0.0,0.0,0.0,0.0,0.0,0.0,0.0,0
1703738975739762188,2155,1703738975738233089,044935.70,4,0,31.8323712832,118.709798902,173.6944,0.0,0.0,0.0,0.0,0.0,0.0,0.0,0.0,0.0,0
1703738975835503645,2156,1703738975834435939,044935.80,4,0,31.8323799967,118.709801189,173.6909,0.0,0.0,0.0,0.0,0.0,0.0,0.0,0.0,0.0,0
1703738975932153600,2157,1703738975931531906,044935.90,4,0,31.832388734,118.709803478,173.6928,0.0,0.0,0.0,0.0,0.0,0.0,0.0,0.0,0.0,0
1703738976037057704,2158,1703738976035587072,044936.00,4,0,31.8323974678,118.709805761,173.6914,0.0,0.0,0.0,0.0,0.0,0.0,0.0,0.0,0.0,0
1703738976132948281,2159,1703738976132366895,044936.10,4,0,31.8324062017,118.709808053,173.6897,0.0,0.0,0.0,0.0,0.0,0.0,0.0,0.0,0.0,0
1703738976239896826,2160,1703738976238481044,044936.20,4,0,31.8324149623,118.709810341,173.6888,0.0,0.0,0.0,0.0,0.0,0.0,0.0,0.0,0.0,0
1703738976335896543,2161,1703738976335247039,044936.30,4,0,31.832423692,118.709812627,173.6835,0.0,0.0,0.0,0.0,0.0,0.0,0.0,0.0,0.0,0
1703738976435700450,2162,1703738976433142900,044936.40,4,0,31.832432462,118.709814911,173.693,0.0,0.0,0.0,0.0,0.0,0.0,0.0,0.0,0.0,0
1703738976569669228,2163,1703738976568501949,044936.50,4,0,31.8324411727,118.709817181,173.6925,0.0,0.0,0.0,0.0,0.0,0.0,0.0,0.0,0.0,0
1703738976635677923,2164,1703738976633382081,044936.60,4,0,31.8324498328,118.709819478,173.6979,0.0,0.0,0.0,0.0,0.0,0.0,0.0,0.0,0.0,0
1703738976738866588,2165,1703738976736989974,044936.70,4,0,31.832458423,118.709821724,173.7122,0.0,0.0,0.0,0.0,0.0,0.0,0.0,0.0,0.0,0
1703738976834393766,2166,1703738976833153009,044936.80,4,0,31.8324668888,118.709823997,173.7216,0.0,0.0,0.0,0.0,0.0,0.0,0.0,0.0,0.0,0
1703738976937163384,2167,1703738976936758041,044936.90,4,0,31.8324752423,118.709826222,173.7327,0.0,0.0,0.0,0.0,0.0,0.0,0.0,0.0,0.0,0
1703738977033396963,2168,1703738977032840967,044937.00,4,0,31.8324834385,118.709828422,173.7466,0.0,0.0,0.0,0.0,0.0,0.0,0.0,0.0,0.0,0
1703738977139259935,2169,1703738977136286020,044937.10,4,0,31.832491494,118.709830584,173.761,0.0,0.0,0.0,0.0,0.0,0.0,0.0,0.0,0.0,0
1703738977240877498,2170,1703738977240078926,044937.20,4,0,31.8324993747,118.709832698,173.7716,0.0,0.0,0.0,0.0,0.0,0.0,0.0,0.0,0.0,0
1703738977338491192,2171,1703738977336939096,044937.30,4,0,31.832507069,118.709834765,173.7769,0.0,0.0,0.0,0.0,0.0,0.0,0.0,0.0,0.0,0
1703738977436014140,2172,1703738977433581113,044937.40,4,0,31.8325145585,118.709836776,173.787,0.0,0.0,0.0,0.0,0.0,0.0,0.0,0.0,0.0,0
1703738977536952651,2173,1703738977536480903,044937.50,4,0,31.8325218692,118.70983877,173.7906,0.0,0.0,0.0,0.0,0.0,0.0,0.0,0.0,0.0,0
1703738977661254874,2174,1703738977660396099,044937.60,4,0,31.8325289665,118.709840702,173.7926,0.0,0.0,0.0,0.0,0.0,0.0,0.0,0.0,0.0,0
1703738977738333227,2175,1703738977737119913,044937.70,4,0,31.8325358572,118.709842568,173.7941,0.0,0.0,0.0,0.0,0.0,0.0,0.0,0.0,0.0,0
1703738977834955475,2176,1703738977833581924,044937.80,4,0,31.8325425168,118.709844377,173.7953,0.0,0.0,0.0,0.0,0.0,0.0,0.0,0.0,0.0,0
1703738977938902085,2177,1703738977937844991,044937.90,4,0,31.8325489703,118.709846137,173.7957,0.0,0.0,0.0,0.0,0.0,0.0,0.0,0.0,0.0,0
1703738978034694989,2178,1703738978033126115,044938.00,4,0,31.832555201,118.709847807,173.7931,0.0,0.0,0.0,0.0,0.0,0.0,0.0,0.0,0.0,0
1703738978137776417,2179,1703738978136945009,044938.10,4,0,31.8325612287,118.709849435,173.7927,0.0,0.0,0.0,0.0,0.0,0.0,0.0,0.0,0.0,0
1703738978240499306,2180,1703738978239907979,044938.20,4,0,31.8325670228,118.709851002,173.7827,0.0,0.0,0.0,0.0,0.0,0.0,0.0,0.0,0.0,0
1703738978337280307,2181,1703738978335726976,044938.30,4,0,31.8325726285,118.709852538,173.779,0.0,0.0,0.0,0.0,0.0,0.0,0.0,0.0,0.0,0
1703738978433974899,2182,1703738978432805061,044938.40,4,0,31.8325779632,118.709853976,173.7729,0.0,0.0,0.0,0.0,0.0,0.0,0.0,0.0,0.0,0
1703738978537485309,2183,1703738978536705970,044938.50,4,0,31.8325830827,118.709855379,173.7711,0.0,0.0,0.0,0.0,0.0,0.0,0.0,0.0,0.0,0
1703738978636277120,2184,1703738978633305072,044938.60,4,0,31.8325879662,118.709856705,173.7672,0.0,0.0,0.0,0.0,0.0,0.0,0.0,0.0,0.0,0
1703738978756827102,2185,1703738978756408929,044938.70,4,0,31.8325926283,118.709857985,173.7555,0.0,0.0,0.0,0.0,0.0,0.0,0.0,0.0,0.0,0
1703738978835435441,2186,1703738978833287000,044938.80,4,0,31.8325970542,118.709859227,173.7455,0.0,0.0,0.0,0.0,0.0,0.0,0.0,0.0,0.0,0
1703738978939039374,2187,1703738978937413930,044938.90,4,0,31.8326012853,118.709860381,173.7426,0.0,0.0,0.0,0.0,0.0,0.0,0.0,0.0,0.0,0
1703738979033732082,2188,1703738979033180952,044939.00,4,0,31.8326052642,118.709861521,173.7425,0.0,0.0,0.0,0.0,0.0,0.0,0.0,0.0,0.0,0
1703738979138313392,2189,1703738979136593103,044939.10,4,0,31.8326090297,118.70986255,173.7306,0.0,0.0,0.0,0.0,0.0,0.0,0.0,0.0,0.0,0
1703738979234466091,2190,1703738979233686923,044939.20,4,0,31.832612597,118.709863565,173.7199,0.0,0.0,0.0,0.0,0.0,0.0,0.0,0.0,0.0,0
1703738979338977698,2191,1703738979338496923,044939.30,4,0,31.8326159848,118.709864515,173.6939,0.0,0.0,0.0,0.0,0.0,0.0,0.0,0.0,0.0,0
1703738979436345283,2192,1703738979434130907,044939.40,4,0,31.83261917,118.709865483,173.6718,0.0,0.0,0.0,0.0,0.0,0.0,0.0,0.0,0.0,0
1703738979531874330,2193,1703738979531336069,044939.50,4,0,31.8326222062,118.709866457,173.6333,0.0,0.0,0.0,0.0,0.0,0.0,0.0,0.0,0.0,0
1703738979635476198,2194,1703738979634908914,044939.60,4,0,31.8326251137,118.709867495,173.5999,0.0,0.0,0.0,0.0,0.0,0.0,0.0,0.0,0.0,0
1703738979732577309,2195,1703738979731823921,044939.70,4,0,31.8326279652,118.70986863,173.5643,0.0,0.0,0.0,0.0,0.0,0.0,0.0,0.0,0.0,0
1703738979856982911,2196,1703738979856376886,044939.80,4,0,31.8326308082,118.709869958,173.5397,0.0,0.0,0.0,0.0,0.0,0.0,0.0,0.0,0.0,0
1703738979934696745,2197,1703738979932867050,044939.90,4,0,31.8326336735,118.70987149,173.5166,0.0,0.0,0.0,0.0,0.0,0.0,0.0,0.0,0.0,0
1703738980036229515,2198,1703738980035305976,044940.00,4,0,31.8326365657,118.709873263,173.4974,0.0,0.0,0.0,0.0,0.0,0.0,0.0,0.0,0.0,0
1703738980134068122,2199,1703738980132424116,044940.10,4,0,31.8326394642,118.709875338,173.4925,0.0,0.0,0.0,0.0,0.0,0.0,0.0,0.0,0.0,0
1703738980241457459,2200,1703738980238642930,044940.20,4,0,31.8326423932,118.709877752,173.4808,0.0,0.0,0.0,0.0,0.0,0.0,0.0,0.0,0.0,0
1703738980337744595,2201,1703738980334192037,044940.30,4,0,31.832645233,118.709880439,173.4944,0.0,0.0,0.0,0.0,0.0,0.0,0.0,0.0,0.0,0
1703738980434370621,2202,1703738980431766033,044940.40,4,0,31.8326481313,118.709883442,173.4917,0.0,0.0,0.0,0.0,0.0,0.0,0.0,0.0,0.0,0
1703738980537729344,2203,1703738980536689996,044940.50,4,0,31.8326509562,118.709886786,173.5,0.0,0.0,0.0,0.0,0.0,0.0,0.0,0.0,0.0,0
1703738980634790501,2204,1703738980633327960,044940.60,4,0,31.8326537387,118.709890338,173.4952,0.0,0.0,0.0,0.0,0.0,0.0,0.0,0.0,0.0,0
1703738980738093226,2205,1703738980736881017,044940.70,4,0,31.8326564573,118.709894275,173.4994,0.0,0.0,0.0,0.0,0.0,0.0,0.0,0.0,0.0,0
1703738980835027993,2206,1703738980833312988,044940.80,4,0,31.8326590498,118.70989845,173.5042,0.0,0.0,0.0,0.0,0.0,0.0,0.0,0.0,0.0,0
1703738980939141694,2207,1703738980937213897,044940.90,4,0,31.8326615505,118.709902893,173.5003,0.0,0.0,0.0,0.0,0.0,0.0,0.0,0.0,0.0,0
1703738981034561737,2208,1703738981033786058,044941.00,4,0,31.8326639017,118.709907616,173.5074,0.0,0.0,0.0,0.0,0.0,0.0,0.0,0.0,0.0,0
1703738981138642573,2209,1703738981137001037,044941.10,4,0,31.8326661168,118.709912557,173.5114,0.0,0.0,0.0,0.0,0.0,0.0,0.0,0.0,0.0,0
1703738981240948081,2210,1703738981239681005,044941.20,4,0,31.8326681538,118.709917739,173.5152,0.0,0.0,0.0,0.0,0.0,0.0,0.0,0.0,0.0,0
1703738981338636801,2211,1703738981336056947,044941.30,4,0,31.8326700222,118.709923125,173.5256,0.0,0.0,0.0,0.0,0.0,0.0,0.0,0.0,0.0,0
1703738981433338833,2212,1703738981432604074,044941.40,4,0,31.8326716388,118.709928625,173.533,0.0,0.0,0.0,0.0,0.0,0.0,0.0,0.0,0.0,0
1703738981539384626,2213,1703738981537363052,044941.50,4,0,31.8326730633,118.709934252,173.53,0.0,0.0,0.0,0.0,0.0,0.0,0.0,0.0,0.0,0
1703738981635529747,2214,1703738981633742094,044941.60,4,0,31.8326742338,118.709939993,173.5333,0.0,0.0,0.0,0.0,0.0,0.0,0.0,0.0,0.0,0
1703738981738592573,2215,1703738981738065958,044941.70,4,0,31.8326751695,118.709945802,173.5472,0.0,0.0,0.0,0.0,0.0,0.0,0.0,0.0,0.0,0
1703738981834030305,2216,1703738981833508014,044941.80,4,0,31.8326758667,118.709951658,173.5534,0.0,0.0,0.0,0.0,0.0,0.0,0.0,0.0,0.0,0
1703738982020962917,2217,1703738982020342111,044941.90,4,0,31.8326763282,118.709957549,173.5668,0.0,0.0,0.0,0.0,0.0,0.0,0.0,0.0,0.0,0
1703738982033909054,2218,1703738982033318042,044942.00,4,0,31.8326766227,118.709963388,173.5831,0.0,0.0,0.0,0.0,0.0,0.0,0.0,0.0,0.0,0
1703738982137877073,2219,1703738982137387037,044942.10,4,0,31.8326767628,118.709969203,173.5941,0.0,0.0,0.0,0.0,0.0,0.0,0.0,0.0,0.0,0
1703738982234656517,2220,1703738982234128952,044942.20,4,0,31.8326767488,118.709974923,173.6182,0.0,0.0,0.0,0.0,0.0,0.0,0.0,0.0,0.0,0
1703738982331798114,2221,1703738982331221103,044942.30,4,0,31.8326766028,118.709980559,173.6346,0.0,0.0,0.0,0.0,0.0,0.0,0.0,0.0,0.0,0
1703738982441007920,2222,1703738982440490961,044942.40,4,0,31.8326764733,118.709985972,173.6317,0.0,0.0,0.0,0.0,0.0,0.0,0.0,0.0,0.0,0
1703738982539667885,2223,1703738982534488916,044942.50,4,0,31.8326762272,118.709991318,173.6378,0.0,0.0,0.0,0.0,0.0,0.0,0.0,0.0,0.0,0
1703738982632743193,2224,1703738982632059097,044942.60,4,0,31.8326759545,118.709996545,173.6416,0.0,0.0,0.0,0.0,0.0,0.0,0.0,0.0,0.0,0
1703738982737874316,2225,1703738982737267017,044942.70,4,0,31.8326756238,118.710001604,173.6408,0.0,0.0,0.0,0.0,0.0,0.0,0.0,0.0,0.0,0
1703738982835342665,2226,1703738982833944082,044942.80,4,0,31.8326752602,118.710006516,173.6333,0.0,0.0,0.0,0.0,0.0,0.0,0.0,0.0,0.0,0
1703738982938466388,2227,1703738982936749935,044942.90,4,0,31.8326748707,118.710011335,173.618,0.0,0.0,0.0,0.0,0.0,0.0,0.0,0.0,0.0,0
1703738983112607700,2228,1703738983112272024,044943.00,4,0,31.8326744437,118.710016104,173.6042,0.0,0.0,0.0,0.0,0.0,0.0,0.0,0.0,0.0,0
1703738983136966702,2229,1703738983135693073,044943.10,4,0,31.8326739808,118.710020865,173.5938,0.0,0.0,0.0,0.0,0.0,0.0,0.0,0.0,0.0,0
1703738983233898799,2230,1703738983233465909,044943.20,4,0,31.8326734878,118.710025679,173.5813,0.0,0.0,0.0,0.0,0.0,0.0,0.0,0.0,0.0,0
1703738983337873113,2231,1703738983336343050,044943.30,4,0,31.8326729875,118.71003055,173.5723,0.0,0.0,0.0,0.0,0.0,0.0,0.0,0.0,0.0,0
1703738983435141636,2232,1703738983432835102,044943.40,4,0,31.8326724658,118.710035498,173.5585,0.0,0.0,0.0,0.0,0.0,0.0,0.0,0.0,0.0,0
1703738983538033911,2233,1703738983536099910,044943.50,4,0,31.832671967,118.710040619,173.55,0.0,0.0,0.0,0.0,0.0,0.0,0.0,0.0,0.0,0
1703738983634500042,2234,1703738983633307933,044943.60,4,0,31.8326714613,118.710045861,173.5477,0.0,0.0,0.0,0.0,0.0,0.0,0.0,0.0,0.0,0
1703738983737836299,2235,1703738983736259937,044943.70,4,0,31.8326709968,118.710051283,173.5444,0.0,0.0,0.0,0.0,0.0,0.0,0.0,0.0,0.0,0
1703738983836068265,2236,1703738983833894014,044943.80,4,0,31.8326705098,118.71005685,173.5372,0.0,0.0,0.0,0.0,0.0,0.0,0.0,0.0,0.0,0
1703738983938791102,2237,1703738983936795949,044943.90,4,0,31.8326700373,118.710062586,173.5374,0.0,0.0,0.0,0.0,0.0,0.0,0.0,0.0,0.0,0
1703738984034492043,2238,1703738984033313035,044944.00,4,0,31.8326695857,118.710068548,173.5385,0.0,0.0,0.0,0.0,0.0,0.0,0.0,0.0,0.0,0
1703738984208931701,2239,1703738984208431005,044944.10,4,0,31.8326691605,118.710074714,173.5313,0.0,0.0,0.0,0.0,0.0,0.0,0.0,0.0,0.0,0
1703738984242488201,2240,1703738984239248991,044944.20,4,0,31.8326687222,118.71008111,173.5303,0.0,0.0,0.0,0.0,0.0,0.0,0.0,0.0,0.0,0
1703738984336018431,2241,1703738984335525035,044944.30,4,0,31.8326683658,118.710087703,173.5231,0.0,0.0,0.0,0.0,0.0,0.0,0.0,0.0,0.0,0
1703738984434454429,2242,1703738984433733940,044944.40,4,0,31.8326679802,118.71009456,173.5238,0.0,0.0,0.0,0.0,0.0,0.0,0.0,0.0,0.0,0
1703738984537160838,2243,1703738984536644935,044944.50,4,0,31.8326676198,118.710101626,173.5269,0.0,0.0,0.0,0.0,0.0,0.0,0.0,0.0,0.0,0
1703738984633943642,2244,1703738984633261919,044944.60,4,0,31.8326672833,118.710108884,173.5374,0.0,0.0,0.0,0.0,0.0,0.0,0.0,0.0,0.0,0
1703738984739806426,2245,1703738984737248897,044944.70,4,0,31.8326669388,118.710116373,173.5527,0.0,0.0,0.0,0.0,0.0,0.0,0.0,0.0,0.0,0
1703738984834411433,2246,1703738984833369016,044944.80,4,0,31.8326666337,118.710123937,173.5617,0.0,0.0,0.0,0.0,0.0,0.0,0.0,0.0,0.0,0
1703738984938127478,2247,1703738984936830997,044944.90,4,0,31.832666326,118.710131567,173.5724,0.0,0.0,0.0,0.0,0.0,0.0,0.0,0.0,0.0,0
1703738985034790072,2248,1703738985032778978,044945.00,4,0,31.832666067,118.710139295,173.5767,0.0,0.0,0.0,0.0,0.0,0.0,0.0,0.0,0.0,0
1703738985138390787,2249,1703738985136732101,044945.10,4,0,31.8326658178,118.710147074,173.5761,0.0,0.0,0.0,0.0,0.0,0.0,0.0,0.0,0.0,0
1703738985301839078,2250,1703738985300389051,044945.20,4,0,31.8326655868,118.710154938,173.5757,0.0,0.0,0.0,0.0,0.0,0.0,0.0,0.0,0.0,0
1703738985338467521,2251,1703738985336442947,044945.30,4,0,31.8326653615,118.710162854,173.5828,0.0,0.0,0.0,0.0,0.0,0.0,0.0,0.0,0.0,0
1703738985435569186,2252,1703738985433661937,044945.40,4,0,31.8326651507,118.710170854,173.5812,0.0,0.0,0.0,0.0,0.0,0.0,0.0,0.0,0.0,0
1703738985531341157,2253,1703738985530914068,044945.50,4,0,31.8326649357,118.710178935,173.5842,0.0,0.0,0.0,0.0,0.0,0.0,0.0,0.0,0.0,0
1703738985635221210,2254,1703738985634828090,044945.60,4,0,31.8326647262,118.710187057,173.5842,0.0,0.0,0.0,0.0,0.0,0.0,0.0,0.0,0.0,0
1703738985732754472,2255,1703738985732214927,044945.70,4,0,31.8326645165,118.710195276,173.5787,0.0,0.0,0.0,0.0,0.0,0.0,0.0,0.0,0.0,0
1703738985837161033,2256,1703738985835788965,044945.80,4,0,31.8326643152,118.710203538,173.5835,0.0,0.0,0.0,0.0,0.0,0.0,0.0,0.0,0.0,0
1703738985936284270,2257,1703738985933569908,044945.90,4,0,31.8326640978,118.710211841,173.5933,0.0,0.0,0.0,0.0,0.0,0.0,0.0,0.0,0.0,0
1703738986035636209,2258,1703738986035207986,044946.00,4,0,31.8326638677,118.710220167,173.5955,0.0,0.0,0.0,0.0,0.0,0.0,0.0,0.0,0.0,0
1703738986132926306,2259,1703738986132261037,044946.10,4,0,31.8326636792,118.710228507,173.5931,0.0,0.0,0.0,0.0,0.0,0.0,0.0,0.0,0.0,0
1703738986237708919,2260,1703738986237251043,044946.20,4,0,31.8326634663,118.710236888,173.5893,0.0,0.0,0.0,0.0,0.0,0.0,0.0,0.0,0.0,0
1703738986398646856,2261,1703738986397358894,044946.30,4,0,31.832663272,118.710245332,173.592,0.0,0.0,0.0,0.0,0.0,0.0,0.0,0.0,0.0,0
1703738986432082779,2262,1703738986431209087,044946.40,4,0,31.8326630802,118.710253839,173.5852,0.0,0.0,0.0,0.0,0.0,0.0,0.0,0.0,0.0,0
1703738986537313080,2263,1703738986536190032,044946.50,4,0,31.8326628858,118.710262464,173.5858,0.0,0.0,0.0,0.0,0.0,0.0,0.0,0.0,0.0,0
1703738986634936966,2264,1703738986632524967,044946.60,4,0,31.832662671,118.710271188,173.5894,0.0,0.0,0.0,0.0,0.0,0.0,0.0,0.0,0.0,0
1703738986736359646,2265,1703738986735712051,044946.70,4,0,31.8326624507,118.710280011,173.593,0.0,0.0,0.0,0.0,0.0,0.0,0.0,0.0,0.0,0
1703738986833286228,2266,1703738986832360982,044946.80,4,0,31.8326622555,118.7102889,173.5972,0.0,0.0,0.0,0.0,0.0,0.0,0.0,0.0,0.0,0
1703738986937270943,2267,1703738986936316967,044946.90,4,0,31.832662015,118.710297841,173.5919,0.0,0.0,0.0,0.0,0.0,0.0,0.0,0.0,0.0,0
1703738987033731274,2268,1703738987032779932,044947.00,4,0,31.8326617918,118.710306882,173.6046,0.0,0.0,0.0,0.0,0.0,0.0,0.0,0.0,0.0,0
1703738987136189853,2269,1703738987135721921,044947.10,4,0,31.832661552,118.710315973,173.6009,0.0,0.0,0.0,0.0,0.0,0.0,0.0,0.0,0.0,0
1703738987240133677,2270,1703738987239667892,044947.20,4,0,31.8326613437,118.710325095,173.6031,0.0,0.0,0.0,0.0,0.0,0.0,0.0,0.0,0.0,0
1703738987336097045,2271,1703738987335597038,044947.30,4,0,31.8326610937,118.710334267,173.5957,0.0,0.0,0.0,0.0,0.0,0.0,0.0,0.0,0.0,0
1703738987493521873,2272,1703738987492364883,044947.40,4,0,31.8326608478,118.710343504,173.5954,0.0,0.0,0.0,0.0,0.0,0.0,0.0,0.0,0.0,0
1703738987536237743,2273,1703738987535759925,044947.50,4,0,31.8326606087,118.710352816,173.5975,0.0,0.0,0.0,0.0,0.0,0.0,0.0,0.0,0.0,0
1703738987633743780,2274,1703738987632201910,044947.60,4,0,31.8326603588,118.710362164,173.5991,0.0,0.0,0.0,0.0,0.0,0.0,0.0,0.0,0.0,0
1703738987738783061,2275,1703738987736923933,044947.70,4,0,31.832660129,118.710371567,173.5934,0.0,0.0,0.0,0.0,0.0,0.0,0.0,0.0,0.0,0
1703738987833352643,2276,1703738987832499980,044947.80,4,0,31.8326598662,118.710380997,173.594,0.0,0.0,0.0,0.0,0.0,0.0,0.0,0.0,0.0,0
1703738987936409107,2277,1703738987935798883,044947.90,4,0,31.8326596232,118.710390498,173.5837,0.0,0.0,0.0,0.0,0.0,0.0,0.0,0.0,0.0,0
1703738988032104379,2278,1703738988031192064,044948.00,4,0,31.8326593735,118.710400042,173.5887,0.0,0.0,0.0,0.0,0.0,0.0,0.0,0.0,0.0,0
1703738988137392997,2279,1703738988136806964,044948.10,4,0,31.8326591385,118.710409629,173.5835,0.0,0.0,0.0,0.0,0.0,0.0,0.0,0.0,0.0,0
1703738988234657546,2280,1703738988233932971,044948.20,4,0,31.8326588912,118.710419265,173.5831,0.0,0.0,0.0,0.0,0.0,0.0,0.0,0.0,0.0,0
1703738988339958455,2281,1703738988337136030,044948.30,4,0,31.8326586567,118.710428947,173.5867,0.0,0.0,0.0,0.0,0.0,0.0,0.0,0.0,0.0,0
1703738988435809825,2282,1703738988433722019,044948.40,4,0,31.8326584148,118.710438689,173.5859,0.0,0.0,0.0,0.0,0.0,0.0,0.0,0.0,0.0,0
1703738988588985192,2283,1703738988588357925,044948.50,4,0,31.8326581587,118.71044849,173.5878,0.0,0.0,0.0,0.0,0.0,0.0,0.0,0.0,0.0,0
1703738988635722405,2284,1703738988635004997,044948.60,4,0,31.8326579005,118.71045832,173.588,0.0,0.0,0.0,0.0,0.0,0.0,0.0,0.0,0.0,0
1703738988731708151,2285,1703738988731093883,044948.70,4,0,31.8326576388,118.710468208,173.5913,0.0,0.0,0.0,0.0,0.0,0.0,0.0,0.0,0.0,0
1703738988835509448,2286,1703738988834865093,044948.80,4,0,31.8326573905,118.710478159,173.5902,0.0,0.0,0.0,0.0,0.0,0.0,0.0,0.0,0.0,0
1703738988932864300,2287,1703738988932022094,044948.90,4,0,31.8326571345,118.710488145,173.6015,0.0,0.0,0.0,0.0,0.0,0.0,0.0,0.0,0.0,0
1703738989037269005,2288,1703738989035391092,044949.00,4,0,31.8326568795,118.710498177,173.6014,0.0,0.0,0.0,0.0,0.0,0.0,0.0,0.0,0.0,0
1703738989132821181,2289,1703738989132283926,044949.10,4,0,31.8326566095,118.710508248,173.6047,0.0,0.0,0.0,0.0,0.0,0.0,0.0,0.0,0.0,0
1703738989238842368,2290,1703738989238122940,044949.20,4,0,31.8326563388,118.710518346,173.6108,0.0,0.0,0.0,0.0,0.0,0.0,0.0,0.0,0.0,0
1703738989335966900,2291,1703738989334352970,044949.30,4,0,31.8326560622,118.710528518,173.6069,0.0,0.0,0.0,0.0,0.0,0.0,0.0,0.0,0.0,0
1703738989432111358,2292,1703738989431365966,044949.40,4,0,31.8326558065,118.710538695,173.6078,0.0,0.0,0.0,0.0,0.0,0.0,0.0,0.0,0.0,0
1703738989539047311,2293,1703738989536684036,044949.50,4,0,31.8326555428,118.710548938,173.6096,0.0,0.0,0.0,0.0,0.0,0.0,0.0,0.0,0.0,0
1703738989680678752,2294,1703738989680248975,044949.60,4,0,31.8326552775,118.710559214,173.6114,0.0,0.0,0.0,0.0,0.0,0.0,0.0,0.0,0.0,0
1703738989736174167,2295,1703738989735619068,044949.70,4,0,31.8326550102,118.710569544,173.6169,0.0,0.0,0.0,0.0,0.0,0.0,0.0,0.0,0.0,0
1703738989832370801,2296,1703738989831758975,044949.80,4,0,31.8326547388,118.710579901,173.6155,0.0,0.0,0.0,0.0,0.0,0.0,0.0,0.0,0.0,0
1703738989939306531,2297,1703738989938360929,044949.90,4,0,31.8326544582,118.710590313,173.6076,0.0,0.0,0.0,0.0,0.0,0.0,0.0,0.0,0.0,0
1703738990033676537,2298,1703738990032115936,044950.00,4,0,31.8326541877,118.710600745,173.6069,0.0,0.0,0.0,0.0,0.0,0.0,0.0,0.0,0.0,0
1703738990136947126,2299,1703738990136280059,044950.10,4,0,31.8326539212,118.710611228,173.6041,0.0,0.0,0.0,0.0,0.0,0.0,0.0,0.0,0.0,0
1703738990240309604,2300,1703738990239721059,044950.20,4,0,31.8326536368,118.710621745,173.6104,0.0,0.0,0.0,0.0,0.0,0.0,0.0,0.0,0.0,0
1703738990336259034,2301,1703738990335374116,044950.30,4,0,31.8326533687,118.710632304,173.6111,0.0,0.0,0.0,0.0,0.0,0.0,0.0,0.0,0.0,0
1703738990433858632,2302,1703738990433145999,044950.40,4,0,31.8326530947,118.710642886,173.6083,0.0,0.0,0.0,0.0,0.0,0.0,0.0,0.0,0.0,0
1703738990534842648,2303,1703738990529776096,044950.50,4,0,31.8326528118,118.710653502,173.6099,0.0,0.0,0.0,0.0,0.0,0.0,0.0,0.0,0.0,0
1703738990635512310,2304,1703738990634896039,044950.60,4,0,31.8326525428,118.710664146,173.6122,0.0,0.0,0.0,0.0,0.0,0.0,0.0,0.0,0.0,0
1703738990773370016,2305,1703738990772358894,044950.70,4,0,31.8326522427,118.710674833,173.6105,0.0,0.0,0.0,0.0,0.0,0.0,0.0,0.0,0.0,0
1703738990836379418,2306,1703738990835927009,044950.80,4,0,31.8326519703,118.71068557,173.6151,0.0,0.0,0.0,0.0,0.0,0.0,0.0,0.0,0.0,0
1703738990935388237,2307,1703738990932862043,044950.90,4,0,31.8326516775,118.710696297,173.6161,0.0,0.0,0.0,0.0,0.0,0.0,0.0,0.0,0.0,0
1703738991029343415,2308,1703738991029025077,044951.00,4,0,31.8326513835,118.710707058,173.6241,0.0,0.0,0.0,0.0,0.0,0.0,0.0,0.0,0.0,0
1703738991137222595,2309,1703738991136565923,044951.10,4,0,31.8326511005,118.710717844,173.6288,0.0,0.0,0.0,0.0,0.0,0.0,0.0,0.0,0.0,0
1703738991235606144,2310,1703738991234088897,044951.20,4,0,31.8326508133,118.710728605,173.6333,0.0,0.0,0.0,0.0,0.0,0.0,0.0,0.0,0.0,0
1703738991339386957,2311,1703738991337407112,044951.30,4,0,31.832650535,118.710739388,173.6359,0.0,0.0,0.0,0.0,0.0,0.0,0.0,0.0,0.0,0
1703738991436573423,2312,1703738991433808088,044951.40,4,0,31.8326502382,118.710750169,173.6391,0.0,0.0,0.0,0.0,0.0,0.0,0.0,0.0,0.0,0
1703738991531062412,2313,1703738991530508041,044951.50,4,0,31.832649957,118.710760908,173.6429,0.0,0.0,0.0,0.0,0.0,0.0,0.0,0.0,0.0,0
1703738991635339198,2314,1703738991634515047,044951.60,4,0,31.8326496645,118.710771673,173.6485,0.0,0.0,0.0,0.0,0.0,0.0,0.0,0.0,0.0,0
1703738991732357927,2315,1703738991731718063,044951.70,4,0,31.8326493892,118.710782411,173.6475,0.0,0.0,0.0,0.0,0.0,0.0,0.0,0.0,0.0,0
1703738991869530455,2316,1703738991868321895,044951.80,4,0,31.832649093,118.710793152,173.6551,0.0,0.0,0.0,0.0,0.0,0.0,0.0,0.0,0.0,0
1703738991932543691,2317,1703738991931623935,044951.90,4,0,31.8326488285,118.710803896,173.6601,0.0,0.0,0.0,0.0,0.0,0.0,0.0,0.0,0.0,0
1703738992037429400,2318,1703738992035533905,044952.00,4,0,31.83264853,118.710814618,173.6583,0.0,0.0,0.0,0.0,0.0,0.0,0.0,0.0,0.0,0
1703738992132645044,2319,1703738992131925106,044952.10,4,0,31.8326482438,118.710825329,173.6604,0.0,0.0,0.0,0.0,0.0,0.0,0.0,0.0,0.0,0
1703738992237574857,2320,1703738992237082958,044952.20,4,0,31.8326479798,118.710836021,173.662,0.0,0.0,0.0,0.0,0.0,0.0,0.0,0.0,0.0,0
1703738992335958622,2321,1703738992334347963,044952.30,4,0,31.8326476968,118.71084673,173.6614,0.0,0.0,0.0,0.0,0.0,0.0,0.0,0.0,0.0,0
1703738992437936227,2322,1703738992437354087,044952.40,4,0,31.8326474363,118.710857433,173.6642,0.0,0.0,0.0,0.0,0.0,0.0,0.0,0.0,0.0,0
1703738992535129784,2323,1703738992533469915,044952.50,4,0,31.8326471725,118.710868116,173.6613,0.0,0.0,0.0,0.0,0.0,0.0,0.0,0.0,0.0,0
1703738992630267132,2324,1703738992629878044,044952.60,4,0,31.8326469193,118.710878795,173.6625,0.0,0.0,0.0,0.0,0.0,0.0,0.0,0.0,0.0,0
1703738992738328935,2325,1703738992736465930,044952.70,4,0,31.8326466557,118.710889457,173.6595,0.0,0.0,0.0,0.0,0.0,0.0,0.0,0.0,0.0,0
1703738992833848188,2326,1703738992832065105,044952.80,4,0,31.832646415,118.710900149,173.6627,0.0,0.0,0.0,0.0,0.0,0.0,0.0,0.0,0.0,0
1703738992961330254,2327,1703738992960406064,044952.90,4,0,31.8326461572,118.710910809,173.659,0.0,0.0,0.0,0.0,0.0,0.0,0.0,0.0,0.0,0
1703738993032416138,2328,1703738993031778097,044953.00,4,0,31.8326458863,118.7109215,173.6591,0.0,0.0,0.0,0.0,0.0,0.0,0.0,0.0,0.0,0
1703738993136746946,2329,1703738993136130094,044953.10,4,0,31.8326456167,118.710932136,173.6545,0.0,0.0,0.0,0.0,0.0,0.0,0.0,0.0,0.0,0
1703738993239290160,2330,1703738993238804101,044953.20,4,0,31.8326453437,118.710942805,173.6534,0.0,0.0,0.0,0.0,0.0,0.0,0.0,0.0,0.0,0
1703738993337644033,2331,1703738993335809946,044953.30,4,0,31.8326450777,118.710953461,173.6556,0.0,0.0,0.0,0.0,0.0,0.0,0.0,0.0,0.0,0
1703738993434198165,2332,1703738993432264089,044953.40,4,0,31.8326447895,118.710964096,173.6529,0.0,0.0,0.0,0.0,0.0,0.0,0.0,0.0,0.0,0
1703738993535737600,2333,1703738993535224914,044953.50,4,0,31.832644526,118.710974728,173.6532,0.0,0.0,0.0,0.0,0.0,0.0,0.0,0.0,0.0,0
1703738993632726930,2334,1703738993631766080,044953.60,4,0,31.832644248,118.710985361,173.6556,0.0,0.0,0.0,0.0,0.0,0.0,0.0,0.0,0.0,0
1703738993737061758,2335,1703738993736421108,044953.70,4,0,31.8326439737,118.710996007,173.6537,0.0,0.0,0.0,0.0,0.0,0.0,0.0,0.0,0.0,0
1703738993832947313,2336,1703738993832237958,044953.80,4,0,31.8326436887,118.711006628,173.6571,0.0,0.0,0.0,0.0,0.0,0.0,0.0,0.0,0.0,0
1703738993939051203,2337,1703738993935830116,044953.90,4,0,31.8326433903,118.711017246,173.6591,0.0,0.0,0.0,0.0,0.0,0.0,0.0,0.0,0.0,0
1703738994057920443,2338,1703738994056324958,044954.00,4,0,31.8326431332,118.711027859,173.6532,0.0,0.0,0.0,0.0,0.0,0.0,0.0,0.0,0.0,0
1703738994136656754,2339,1703738994136121034,044954.10,4,0,31.8326428605,118.71103847,173.6579,0.0,0.0,0.0,0.0,0.0,0.0,0.0,0.0,0.0,0
1703738994233756382,2340,1703738994233294963,044954.20,4,0,31.8326425852,118.711049064,173.6589,0.0,0.0,0.0,0.0,0.0,0.0,0.0,0.0,0.0,0
1703738994331346391,2341,1703738994330430984,044954.30,4,0,31.8326422963,118.711059655,173.66,0.0,0.0,0.0,0.0,0.0,0.0,0.0,0.0,0.0,0
1703738994439597056,2342,1703738994436687946,044954.40,4,0,31.832641996,118.711070245,173.6713,0.0,0.0,0.0,0.0,0.0,0.0,0.0,0.0,0.0,0
1703738994533842661,2343,1703738994533112049,044954.50,4,0,31.8326417195,118.711080839,173.6709,0.0,0.0,0.0,0.0,0.0,0.0,0.0,0.0,0.0,0
1703738994630754782,2344,1703738994630182981,044954.60,4,0,31.8326414428,118.711091436,173.6709,0.0,0.0,0.0,0.0,0.0,0.0,0.0,0.0,0.0,0
1703738994736317501,2345,1703738994735769987,044954.70,4,0,31.8326411478,118.711102023,173.6705,0.0,0.0,0.0,0.0,0.0,0.0,0.0,0.0,0.0,0
1703738994833931637,2346,1703738994832257032,044954.80,4,0,31.8326408807,118.711112601,173.6706,0.0,0.0,0.0,0.0,0.0,0.0,0.0,0.0,0.0,0
1703738994937855323,2347,1703738994936028957,044954.90,4,0,31.8326406052,118.711123207,173.6723,0.0,0.0,0.0,0.0,0.0,0.0,0.0,0.0,0.0,0
1703738995035063553,2348,1703738995032900094,044955.00,4,0,31.8326403453,118.711133796,173.6689,0.0,0.0,0.0,0.0,0.0,0.0,0.0,0.0,0.0,0
1703738995152788658,2349,1703738995152308940,044955.10,4,0,31.8326400647,118.711144394,173.6745,0.0,0.0,0.0,0.0,0.0,0.0,0.0,0.0,0.0,0
1703738995234131043,2350,1703738995233537912,044955.20,4,0,31.8326397908,118.711154982,173.6661,0.0,0.0,0.0,0.0,0.0,0.0,0.0,0.0,0.0,0
1703738995338176694,2351,1703738995335952997,044955.30,4,0,31.832639529,118.711165596,173.6695,0.0,0.0,0.0,0.0,0.0,0.0,0.0,0.0,0.0,0
1703738995433427036,2352,1703738995432718038,044955.40,4,0,31.8326392543,118.711176163,173.6719,0.0,0.0,0.0,0.0,0.0,0.0,0.0,0.0,0.0,0
1703738995537078862,2353,1703738995535283088,044955.50,4,0,31.8326389945,118.711186755,173.6642,0.0,0.0,0.0,0.0,0.0,0.0,0.0,0.0,0.0,0
1703738995632263235,2354,1703738995631597042,044955.60,4,0,31.8326387258,118.711197348,173.6638,0.0,0.0,0.0,0.0,0.0,0.0,0.0,0.0,0.0,0
1703738995737149898,2355,1703738995735733985,044955.70,4,0,31.8326384538,118.711207945,173.6691,0.0,0.0,0.0,0.0,0.0,0.0,0.0,0.0,0.0,0
1703738995835725256,2356,1703738995831877946,044955.80,4,0,31.8326382008,118.711218581,173.6623,0.0,0.0,0.0,0.0,0.0,0.0,0.0,0.0,0.0,0
1703738995937609019,2357,1703738995935516119,044955.90,4,0,31.8326379228,118.711229171,173.6565,0.0,0.0,0.0,0.0,0.0,0.0,0.0,0.0,0.0,0
1703738996031776848,2358,1703738996031210899,044956.00,4,0,31.8326376613,118.711239796,173.6652,0.0,0.0,0.0,0.0,0.0,0.0,0.0,0.0,0.0,0
1703738996138720516,2359,1703738996136773109,044956.10,4,0,31.8326374087,118.711250418,173.6574,0.0,0.0,0.0,0.0,0.0,0.0,0.0,0.0,0.0,0
1703738996240163386,2360,1703738996238439083,044956.20,4,0,31.8326371303,118.711261021,173.6599,0.0,0.0,0.0,0.0,0.0,0.0,0.0,0.0,0.0,0
1703738996336541580,2361,1703738996334630012,044956.30,4,0,31.832636879,118.711271653,173.6535,0.0,0.0,0.0,0.0,0.0,0.0,0.0,0.0,0.0,0
1703738996432220425,2362,1703738996431350946,044956.40,4,0,31.83263667,118.711282249,173.6506,0.0,0.0,0.0,0.0,0.0,0.0,0.0,0.0,0.0,0
1703738996535807410,2363,1703738996535283088,044956.50,4,0,31.8326364352,118.711292876,173.6513,0.0,0.0,0.0,0.0,0.0,0.0,0.0,0.0,0.0,0
1703738996635746161,2364,1703738996632656097,044956.60,4,0,31.8326361867,118.711303504,173.6549,0.0,0.0,0.0,0.0,0.0,0.0,0.0,0.0,0.0,0
1703738996737793289,2365,1703738996735343933,044956.70,4,0,31.8326359412,118.711314096,173.6498,0.0,0.0,0.0,0.0,0.0,0.0,0.0,0.0,0.0,0
1703738996833404709,2366,1703738996832357883,044956.80,4,0,31.8326357082,118.711324704,173.6545,0.0,0.0,0.0,0.0,0.0,0.0,0.0,0.0,0.0,0
1703738996936975980,2367,1703738996936152935,044956.90,4,0,31.8326354735,118.711335311,173.6535,0.0,0.0,0.0,0.0,0.0,0.0,0.0,0.0,0.0,0
1703738997032895870,2368,1703738997032119989,044957.00,4,0,31.8326352498,118.711345885,173.6522,0.0,0.0,0.0,0.0,0.0,0.0,0.0,0.0,0.0,0
1703738997136467319,2369,1703738997135334968,044957.10,4,0,31.8326350057,118.711356495,173.6565,0.0,0.0,0.0,0.0,0.0,0.0,0.0,0.0,0.0,0
1703738997320986711,2370,1703738997320319890,044957.20,4,0,31.8326347507,118.711367086,173.6606,0.0,0.0,0.0,0.0,0.0,0.0,0.0,0.0,0.0,0
1703738997338600573,2371,1703738997336633920,044957.30,4,0,31.8326345217,118.711377698,173.6557,0.0,0.0,0.0,0.0,0.0,0.0,0.0,0.0,0.0,0
1703738997435467313,2372,1703738997433392047,044957.40,4,0,31.8326342863,118.711388289,173.6619,0.0,0.0,0.0,0.0,0.0,0.0,0.0,0.0,0.0,0
1703738997536970418,2373,1703738997536480903,044957.50,4,0,31.832634038,118.711398887,173.6645,0.0,0.0,0.0,0.0,0.0,0.0,0.0,0.0,0.0,0
1703738997632784578,2374,1703738997632337093,044957.60,4,0,31.8326337853,118.711409483,173.6646,0.0,0.0,0.0,0.0,0.0,0.0,0.0,0.0,0.0,0
1703738997736949837,2375,1703738997736423015,044957.70,4,0,31.8326335103,118.711420073,173.6629,0.0,0.0,0.0,0.0,0.0,0.0,0.0,0.0,0.0,0
1703738997834683699,2376,1703738997832087993,044957.80,4,0,31.8326332533,118.711430665,173.6608,0.0,0.0,0.0,0.0,0.0,0.0,0.0,0.0,0.0,0
1703738997936782768,2377,1703738997936167001,044957.90,4,0,31.832633001,118.711441244,173.6617,0.0,0.0,0.0,0.0,0.0,0.0,0.0,0.0,0.0,0
1703738998035422867,2378,1703738998032397031,044958.00,4,0,31.8326327242,118.711451814,173.6574,0.0,0.0,0.0,0.0,0.0,0.0,0.0,0.0,0.0,0
1703738998136841669,2379,1703738998136290073,044958.10,4,0,31.8326324677,118.711462369,173.6521,0.0,0.0,0.0,0.0,0.0,0.0,0.0,0.0,0.0,0
1703738998233303174,2380,1703738998232721090,044958.20,4,0,31.8326322083,118.711472923,173.6517,0.0,0.0,0.0,0.0,0.0,0.0,0.0,0.0,0.0,0
1703738998412744372,2381,1703738998412313938,044958.30,4,0,31.8326319207,118.711483464,173.6541,0.0,0.0,0.0,0.0,0.0,0.0,0.0,0.0,0.0,0
1703738998433462670,2382,1703738998432040929,044958.40,4,0,31.8326316407,118.711494003,173.6484,0.0,0.0,0.0,0.0,0.0,0.0,0.0,0.0,0.0,0
1703738998536208589,2383,1703738998535614967,044958.50,4,0,31.8326313622,118.71150456,173.6439,0.0,0.0,0.0,0.0,0.0,0.0,0.0,0.0,0.0,0
1703738998633637844,2384,1703738998631709098,044958.60,4,0,31.8326311098,118.71151512,173.6462,0.0,0.0,0.0,0.0,0.0,0.0,0.0,0.0,0.0,0
1703738998737719369,2385,1703738998736646890,044958.70,4,0,31.8326308398,118.711525675,173.6459,0.0,0.0,0.0,0.0,0.0,0.0,0.0,0.0,0.0,0
1703738998832801934,2386,1703738998831970930,044958.80,4,0,31.8326305698,118.711536237,173.6462,0.0,0.0,0.0,0.0,0.0,0.0,0.0,0.0,0.0,0
1703738998936662503,2387,1703738998935962915,044958.90,4,0,31.8326303027,118.711546798,173.6476,0.0,0.0,0.0,0.0,0.0,0.0,0.0,0.0,0.0,0
1703738999034045093,2388,1703738999032603979,044959.00,4,0,31.8326300238,118.711557346,173.6495,0.0,0.0,0.0,0.0,0.0,0.0,0.0,0.0,0.0,0
1703738999137250788,2389,1703738999136423110,044959.10,4,0,31.8326297493,118.71156791,173.6507,0.0,0.0,0.0,0.0,0.0,0.0,0.0,0.0,0.0,0
1703738999239901742,2390,1703738999239511013,044959.20,4,0,31.8326294698,118.711578475,173.6543,0.0,0.0,0.0,0.0,0.0,0.0,0.0,0.0,0.0,0
1703738999339126004,2391,1703738999335529088,044959.30,4,0,31.8326291998,118.711589037,173.6604,0.0,0.0,0.0,0.0,0.0,0.0,0.0,0.0,0.0,0
1703738999505121823,2392,1703738999504407882,044959.40,4,0,31.8326289418,118.711599606,173.6614,0.0,0.0,0.0,0.0,0.0,0.0,0.0,0.0,0.0,0
1703738999535766630,2393,1703738999535310029,044959.50,4,0,31.8326286887,118.711610175,173.6639,0.0,0.0,0.0,0.0,0.0,0.0,0.0,0.0,0.0,0
1703738999632436160,2394,1703738999631905078,044959.60,4,0,31.8326284278,118.711620719,173.6601,0.0,0.0,0.0,0.0,0.0,0.0,0.0,0.0,0.0,0
1703738999738807124,2395,1703738999736525058,044959.70,4,0,31.8326281755,118.711631281,173.6598,0.0,0.0,0.0,0.0,0.0,0.0,0.0,0.0,0.0,0
1703738999832564627,2396,1703738999832140922,044959.80,4,0,31.8326278883,118.711641834,173.6633,0.0,0.0,0.0,0.0,0.0,0.0,0.0,0.0,0.0,0
1703738999938102464,2397,1703738999935942888,044959.90,4,0,31.8326276118,118.711652396,173.6627,0.0,0.0,0.0,0.0,0.0,0.0,0.0,0.0,0.0,0
1703739000031669913,2398,1703739000031364917,045000.00,4,0,31.8326273477,118.711662992,173.6595,0.0,0.0,0.0,0.0,0.0,0.0,0.0,0.0,0.0,0
1703739000136844795,2399,1703739000136404037,045000.10,4,0,31.8326270838,118.711673554,173.6611,0.0,0.0,0.0,0.0,0.0,0.0,0.0,0.0,0.0,0
1703739000234161574,2400,1703739000233547925,045000.20,4,0,31.8326268415,118.711684142,173.6557,0.0,0.0,0.0,0.0,0.0,0.0,0.0,0.0,0.0,0
1703739000338247658,2401,1703739000337752103,045000.30,4,0,31.8326265623,118.711694713,173.6528,0.0,0.0,0.0,0.0,0.0,0.0,0.0,0.0,0.0,0
1703739000433670693,2402,1703739000432915925,045000.40,4,0,31.83262633,118.71170526,173.6472,0.0,0.0,0.0,0.0,0.0,0.0,0.0,0.0,0.0,0
1703739000597011950,2403,1703739000596276998,045000.50,4,0,31.832626064,118.71171581,173.6456,0.0,0.0,0.0,0.0,0.0,0.0,0.0,0.0,0.0,0
1703739000634607452,2404,1703739000634206056,045000.60,4,0,31.8326258132,118.711726396,173.6425,0.0,0.0,0.0,0.0,0.0,0.0,0.0,0.0,0.0,0
1703739000734916391,2405,1703739000732743024,045000.70,4,0,31.8326255608,118.711736928,173.6426,0.0,0.0,0.0,0.0,0.0,0.0,0.0,0.0,0.0,0
1703739000836838819,2406,1703739000835680007,045000.80,4,0,31.832625296,118.711747487,173.6403,0.0,0.0,0.0,0.0,0.0,0.0,0.0,0.0,0.0,0
1703739000935651890,2407,1703739000932467937,045000.90,4,0,31.8326250355,118.711758052,173.6412,0.0,0.0,0.0,0.0,0.0,0.0,0.0,0.0,0.0,0
1703739001035633742,2408,1703739001035090923,045001.00,4,0,31.8326247632,118.711768599,173.6424,0.0,0.0,0.0,0.0,0.0,0.0,0.0,0.0,0.0,0
1703739001132211998,2409,1703739001131684064,045001.10,4,0,31.8326244815,118.711779159,173.6415,0.0,0.0,0.0,0.0,0.0,0.0,0.0,0.0,0.0,0
1703739001237382538,2410,1703739001236888885,045001.20,4,0,31.8326242172,118.71178971,173.6429,0.0,0.0,0.0,0.0,0.0,0.0,0.0,0.0,0.0,0
1703739001334124263,2411,1703739001333364963,045001.30,4,0,31.8326239357,118.711800243,173.6406,0.0,0.0,0.0,0.0,0.0,0.0,0.0,0.0,0.0,0
1703739001430298498,2412,1703739001429665088,045001.40,4,0,31.8326236722,118.711810782,173.6434,0.0,0.0,0.0,0.0,0.0,0.0,0.0,0.0,0.0,0
1703739001536030601,2413,1703739001535515069,045001.50,4,0,31.832623429,118.711821348,173.6407,0.0,0.0,0.0,0.0,0.0,0.0,0.0,0.0,0.0,0
1703739001689000475,2414,1703739001688325881,045001.60,4,0,31.8326231725,118.711831925,173.6405,0.0,0.0,0.0,0.0,0.0,0.0,0.0,0.0,0.0,0
1703739001737223485,2415,1703739001735699892,045001.70,4,0,31.832622906,118.711842509,173.6456,0.0,0.0,0.0,0.0,0.0,0.0,0.0,0.0,0.0,0
1703739001834844791,2416,1703739001832433938,045001.80,4,0,31.8326226455,118.711853076,173.6454,0.0,0.0,0.0,0.0,0.0,0.0,0.0,0.0,0.0,0
1703739001938405741,2417,1703739001936810016,045001.90,4,0,31.8326223892,118.711863663,173.6451,0.0,0.0,0.0,0.0,0.0,0.0,0.0,0.0,0.0,0
1703739002033181951,2418,1703739002032598972,045002.00,4,0,31.832622115,118.71187423,173.651,0.0,0.0,0.0,0.0,0.0,0.0,0.0,0.0,0.0,0
1703739002138943715,2419,1703739002135797023,045002.10,4,0,31.8326218565,118.711884827,173.6526,0.0,0.0,0.0,0.0,0.0,0.0,0.0,0.0,0.0,0
1703739002240113143,2420,1703739002238534927,045002.20,4,0,31.8326215907,118.711895408,173.6552,0.0,0.0,0.0,0.0,0.0,0.0,0.0,0.0,0.0,0
1703739002335279462,2421,1703739002334654092,045002.30,4,0,31.8326213508,118.711905994,173.6526,0.0,0.0,0.0,0.0,0.0,0.0,0.0,0.0,0.0,0
1703739002433720015,2422,1703739002433115959,045002.40,4,0,31.832621087,118.711916574,173.6552,0.0,0.0,0.0,0.0,0.0,0.0,0.0,0.0,0.0,0
1703739002536393000,2423,1703739002535677909,045002.50,4,0,31.832620837,118.711927185,173.6552,0.0,0.0,0.0,0.0,0.0,0.0,0.0,0.0,0.0,0
1703739002632070641,2424,1703739002631424903,045002.60,4,0,31.83262058,118.711937794,173.6516,0.0,0.0,0.0,0.0,0.0,0.0,0.0,0.0,0.0,0
1703739002784953979,2425,1703739002784348011,045002.70,4,0,31.8326203267,118.711948362,173.6543,0.0,0.0,0.0,0.0,0.0,0.0,0.0,0.0,0.0,0
1703739002834468812,2426,1703739002831886053,045002.80,4,0,31.8326200388,118.711958936,173.6551,0.0,0.0,0.0,0.0,0.0,0.0,0.0,0.0,0.0,0
1703739002936526713,2427,1703739002936091899,045002.90,4,0,31.8326197607,118.711969534,173.6483,0.0,0.0,0.0,0.0,0.0,0.0,0.0,0.0,0.0,0
1703739003032886465,2428,1703739003031704902,045003.00,4,0,31.8326195015,118.711980118,173.6441,0.0,0.0,0.0,0.0,0.0,0.0,0.0,0.0,0.0,0
1703739003136103880,2429,1703739003135560035,045003.10,4,0,31.8326192318,118.711990716,173.6361,0.0,0.0,0.0,0.0,0.0,0.0,0.0,0.0,0.0,0
1703739003233796795,2430,1703739003232063055,045003.20,4,0,31.8326189583,118.712001276,173.6378,0.0,0.0,0.0,0.0,0.0,0.0,0.0,0.0,0.0,0
1703739003337575441,2431,1703739003336828947,045003.30,4,0,31.8326187077,118.71201185,173.6256,0.0,0.0,0.0,0.0,0.0,0.0,0.0,0.0,0.0,0
1703739003435940049,2432,1703739003433536052,045003.40,4,0,31.8326184648,118.712022421,173.6251,0.0,0.0,0.0,0.0,0.0,0.0,0.0,0.0,0.0,0
1703739003531014875,2433,1703739003530452013,045003.50,4,0,31.8326182248,118.712032997,173.6211,0.0,0.0,0.0,0.0,0.0,0.0,0.0,0.0,0.0,0
1703739003634775056,2434,1703739003634239912,045003.60,4,0,31.832617983,118.712043543,173.6214,0.0,0.0,0.0,0.0,0.0,0.0,0.0,0.0,0.0,0
1703739003733248515,2435,1703739003732209920,045003.70,4,0,31.8326177518,118.712054114,173.6143,0.0,0.0,0.0,0.0,0.0,0.0,0.0,0.0,0.0,0
1703739003876894447,2436,1703739003876307010,045003.80,4,0,31.832617496,118.712064682,173.6143,0.0,0.0,0.0,0.0,0.0,0.0,0.0,0.0,0.0,0
1703739003934023170,2437,1703739003931448936,045003.90,4,0,31.8326172548,118.712075246,173.6178,0.0,0.0,0.0,0.0,0.0,0.0,0.0,0.0,0.0,0
1703739004035646005,2438,1703739004035150051,045004.00,4,0,31.8326170145,118.712085811,173.6199,0.0,0.0,0.0,0.0,0.0,0.0,0.0,0.0,0.0,0
1703739004133076690,2439,1703739004132550954,045004.10,4,0,31.8326167655,118.712096401,173.6171,0.0,0.0,0.0,0.0,0.0,0.0,0.0,0.0,0.0,0
1703739004238042107,2440,1703739004237669944,045004.20,4,0,31.8326165093,118.712106971,173.6189,0.0,0.0,0.0,0.0,0.0,0.0,0.0,0.0,0.0,0
1703739004335905942,2441,1703739004332590103,045004.30,4,0,31.8326162577,118.712117547,173.614,0.0,0.0,0.0,0.0,0.0,0.0,0.0,0.0,0.0,0
1703739004430757568,2442,1703739004430145978,045004.40,4,0,31.8326160215,118.712128147,173.6034,0.0,0.0,0.0,0.0,0.0,0.0,0.0,0.0,0.0,0
1703739004537601819,2443,1703739004536031961,045004.50,4,0,31.8326157857,118.712138723,173.606,0.0,0.0,0.0,0.0,0.0,0.0,0.0,0.0,0.0,0
1703739004632244505,2444,1703739004631762027,045004.60,4,0,31.8326155352,118.71214934,173.6138,0.0,0.0,0.0,0.0,0.0,0.0,0.0,0.0,0.0,0
1703739004736616367,2445,1703739004735127925,045004.70,4,0,31.8326152995,118.712159923,173.611,0.0,0.0,0.0,0.0,0.0,0.0,0.0,0.0,0.0,0
1703739004835081467,2446,1703739004831607103,045004.80,4,0,31.8326150528,118.712170529,173.6081,0.0,0.0,0.0,0.0,0.0,0.0,0.0,0.0,0.0,0
1703739004970506991,2447,1703739004968390941,045004.90,4,0,31.832614813,118.712181107,173.6119,0.0,0.0,0.0,0.0,0.0,0.0,0.0,0.0,0.0,0
1703739005032894448,2448,1703739005031521081,045005.00,4,0,31.8326145618,118.712191692,173.6142,0.0,0.0,0.0,0.0,0.0,0.0,0.0,0.0,0.0,0
1703739005135797413,2449,1703739005135369062,045005.10,4,0,31.8326142972,118.712202261,173.6147,0.0,0.0,0.0,0.0,0.0,0.0,0.0,0.0,0.0,0
1703739005233481966,2450,1703739005231816053,045005.20,4,0,31.8326140577,118.71221282,173.6108,0.0,0.0,0.0,0.0,0.0,0.0,0.0,0.0,0.0,0
1703739005335327448,2451,1703739005334918022,045005.30,4,0,31.8326138122,118.71222338,173.611,0.0,0.0,0.0,0.0,0.0,0.0,0.0,0.0,0.0,0
1703739005433306058,2452,1703739005431710958,045005.40,4,0,31.832613559,118.712233912,173.6217,0.0,0.0,0.0,0.0,0.0,0.0,0.0,0.0,0.0,0
1703739005537206539,2453,1703739005535832881,045005.50,4,0,31.8326133108,118.712244483,173.6226,0.0,0.0,0.0,0.0,0.0,0.0,0.0,0.0,0.0,0
1703739005631450515,2454,1703739005630950927,045005.60,4,0,31.8326130503,118.712255024,173.6236,0.0,0.0,0.0,0.0,0.0,0.0,0.0,0.0,0.0,0
1703739005737869777,2455,1703739005736131906,045005.70,4,0,31.8326127907,118.712265555,173.6236,0.0,0.0,0.0,0.0,0.0,0.0,0.0,0.0,0.0,0
1703739005833493402,2456,1703739005832274913,045005.80,4,0,31.8326125052,118.712276112,173.6237,0.0,0.0,0.0,0.0,0.0,0.0,0.0,0.0,0.0,0
1703739005938462416,2457,1703739005936079025,045005.90,4,0,31.832612253,118.712286649,173.6242,0.0,0.0,0.0,0.0,0.0,0.0,0.0,0.0,0.0,0
1703739006065446350,2458,1703739006064487934,045006.00,4,0,31.8326119755,118.712297185,173.6257,0.0,0.0,0.0,0.0,0.0,0.0,0.0,0.0,0.0,0
1703739006137208946,2459,1703739006136718988,045006.10,4,0,31.8326117087,118.712307724,173.6258,0.0,0.0,0.0,0.0,0.0,0.0,0.0,0.0,0.0,0
1703739006235345666,2460,1703739006233164072,045006.20,4,0,31.832611432,118.712318283,173.6193,0.0,0.0,0.0,0.0,0.0,0.0,0.0,0.0,0.0,0
1703739006339058235,2461,1703739006336355924,045006.30,4,0,31.8326111605,118.712328863,173.6134,0.0,0.0,0.0,0.0,0.0,0.0,0.0,0.0,0.0,0
1703739006434990458,2462,1703739006432446956,045006.40,4,0,31.832610898,118.712339409,173.6196,0.0,0.0,0.0,0.0,0.0,0.0,0.0,0.0,0.0,0
1703739006530408419,2463,1703739006529684066,045006.50,4,0,31.8326106283,118.712349977,173.6223,0.0,0.0,0.0,0.0,0.0,0.0,0.0,0.0,0.0,0
1703739006634351210,2464,1703739006633348941,045006.60,4,0,31.8326103617,118.712360583,173.6205,0.0,0.0,0.0,0.0,0.0,0.0,0.0,0.0,0.0,0
1703739006730611647,2465,1703739006730009078,045006.70,4,0,31.8326100978,118.712371159,173.6145,0.0,0.0,0.0,0.0,0.0,0.0,0.0,0.0,0.0,0
1703739006835635734,2466,1703739006834270954,045006.80,4,0,31.8326098372,118.712381732,173.6165,0.0,0.0,0.0,0.0,0.0,0.0,0.0,0.0,0.0,0
1703739006931667446,2467,1703739006931008100,045006.90,4,0,31.8326095897,118.71239232,173.6154,0.0,0.0,0.0,0.0,0.0,0.0,0.0,0.0,0.0,0
1703739007038303696,2468,1703739007036119937,045007.00,4,0,31.8326093128,118.712402889,173.6197,0.0,0.0,0.0,0.0,0.0,0.0,0.0,0.0,0.0,0
1703739007161160673,2469,1703739007160367012,045007.10,4,0,31.8326090837,118.712413451,173.6164,0.0,0.0,0.0,0.0,0.0,0.0,0.0,0.0,0.0,0
1703739007238984746,2470,1703739007238493919,045007.20,4,0,31.8326088378,118.712424012,173.6192,0.0,0.0,0.0,0.0,0.0,0.0,0.0,0.0,0.0,0
1703739007337093937,2471,1703739007335396051,045007.30,4,0,31.8326085955,118.712434584,173.6331,0.0,0.0,0.0,0.0,0.0,0.0,0.0,0.0,0.0,0
1703739007432345672,2472,1703739007431835889,045007.40,4,0,31.8326083425,118.712445149,173.6364,0.0,0.0,0.0,0.0,0.0,0.0,0.0,0.0,0.0,0
1703739007535813488,2473,1703739007535337924,045007.50,4,0,31.8326081023,118.712455739,173.6369,0.0,0.0,0.0,0.0,0.0,0.0,0.0,0.0,0.0,0
1703739007631742452,2474,1703739007631329059,045007.60,4,0,31.8326078435,118.712466313,173.6414,0.0,0.0,0.0,0.0,0.0,0.0,0.0,0.0,0.0,0
1703739007739565270,2475,1703739007738142967,045007.70,4,0,31.832607583,118.71247689,173.637,0.0,0.0,0.0,0.0,0.0,0.0,0.0,0.0,0.0,0
1703739007833710694,2476,1703739007832952022,045007.80,4,0,31.8326073198,118.712487468,173.6434,0.0,0.0,0.0,0.0,0.0,0.0,0.0,0.0,0.0,0
1703739007939474705,2477,1703739007936239004,045007.90,4,0,31.8326070693,118.712498056,173.6389,0.0,0.0,0.0,0.0,0.0,0.0,0.0,0.0,0.0,0
1703739008034058216,2478,1703739008032454013,045008.00,4,0,31.8326068062,118.712508637,173.6353,0.0,0.0,0.0,0.0,0.0,0.0,0.0,0.0,0.0,0
1703739008136580068,2479,1703739008135870933,045008.10,4,0,31.832606543,118.7125192,173.6366,0.0,0.0,0.0,0.0,0.0,0.0,0.0,0.0,0.0,0
1703739008257323824,2480,1703739008256398916,045008.20,4,0,31.832606271,118.712529779,173.6417,0.0,0.0,0.0,0.0,0.0,0.0,0.0,0.0,0.0,0
1703739008337478812,2481,1703739008335611104,045008.30,4,0,31.8326060035,118.712540381,173.6464,0.0,0.0,0.0,0.0,0.0,0.0,0.0,0.0,0.0,0
1703739008434091730,2482,1703739008432979106,045008.40,4,0,31.8326057435,118.712550951,173.6422,0.0,0.0,0.0,0.0,0.0,0.0,0.0,0.0,0.0,0
1703739008536051740,2483,1703739008535507917,045008.50,4,0,31.832605491,118.712561541,173.6433,0.0,0.0,0.0,0.0,0.0,0.0,0.0,0.0,0.0,0
1703739008631653651,2484,1703739008631263017,045008.60,4,0,31.832605241,118.712572128,173.6463,0.0,0.0,0.0,0.0,0.0,0.0,0.0,0.0,0.0,0
1703739008738182802,2485,1703739008736318111,045008.70,4,0,31.8326050003,118.712582709,173.6398,0.0,0.0,0.0,0.0,0.0,0.0,0.0,0.0,0.0,0
1703739008832362267,2486,1703739008831918001,045008.80,4,0,31.8326047595,118.712593292,173.6428,0.0,0.0,0.0,0.0,0.0,0.0,0.0,0.0,0.0,0
1703739008937962755,2487,1703739008936032056,045008.90,4,0,31.8326045085,118.712603894,173.6407,0.0,0.0,0.0,0.0,0.0,0.0,0.0,0.0,0.0,0
1703739009034380318,2488,1703739009032587051,045009.00,4,0,31.8326042752,118.712614485,173.6362,0.0,0.0,0.0,0.0,0.0,0.0,0.0,0.0,0.0,0
1703739009136342251,2489,1703739009135782957,045009.10,4,0,31.8326040127,118.712625065,173.64,0.0,0.0,0.0,0.0,0.0,0.0,0.0,0.0,0.0,0
1703739009239186908,2490,1703739009237742900,045009.20,4,0,31.8326037697,118.712635668,173.6374,0.0,0.0,0.0,0.0,0.0,0.0,0.0,0.0,0.0,0
1703739009348827201,2491,1703739009348306894,045009.30,4,0,31.8326035217,118.712646244,173.6366,0.0,0.0,0.0,0.0,0.0,0.0,0.0,0.0,0.0,0
1703739009432748038,2492,1703739009432239055,045009.40,4,0,31.8326032643,118.712656811,173.6435,0.0,0.0,0.0,0.0,0.0,0.0,0.0,0.0,0.0,0
1703739009535749778,2493,1703739009535200119,045009.50,4,0,31.8326030263,118.712667398,173.6458,0.0,0.0,0.0,0.0,0.0,0.0,0.0,0.0,0.0,0
1703739009631855386,2494,1703739009631336927,045009.60,4,0,31.8326027842,118.712677959,173.6364,0.0,0.0,0.0,0.0,0.0,0.0,0.0,0.0,0.0,0
1703739009736510621,2495,1703739009735903978,045009.70,4,0,31.8326025402,118.71268851,173.6371,0.0,0.0,0.0,0.0,0.0,0.0,0.0,0.0,0.0,0
1703739009832164653,2496,1703739009831600904,045009.80,4,0,31.8326022653,118.712699062,173.6363,0.0,0.0,0.0,0.0,0.0,0.0,0.0,0.0,0.0,0
1703739009936264573,2497,1703739009935203075,045009.90,4,0,31.8326019975,118.712709619,173.6377,0.0,0.0,0.0,0.0,0.0,0.0,0.0,0.0,0.0,0
1703739010031919467,2498,1703739010031421899,045010.00,4,0,31.8326016858,118.712720172,173.6398,0.0,0.0,0.0,0.0,0.0,0.0,0.0,0.0,0.0,0
1703739010137884132,2499,1703739010135723114,045010.10,4,0,31.8326014067,118.71273072,173.6364,0.0,0.0,0.0,0.0,0.0,0.0,0.0,0.0,0.0,0
1703739010232263429,2500,1703739010231333017,045010.20,4,0,31.832601111,118.712741291,173.6455,0.0,0.0,0.0,0.0,0.0,0.0,0.0,0.0,0.0,0
1703739010334969081,2501,1703739010334398984,045010.30,4,0,31.8326007982,118.712751872,173.638,0.0,0.0,0.0,0.0,0.0,0.0,0.0,0.0,0.0,0
1703739010446384244,2502,1703739010444314956,045010.40,4,0,31.8326005002,118.712762412,173.6351,0.0,0.0,0.0,0.0,0.0,0.0,0.0,0.0,0.0,0
1703739010536339333,2503,1703739010535315036,045010.50,4,0,31.8326002037,118.712772985,173.6327,0.0,0.0,0.0,0.0,0.0,0.0,0.0,0.0,0.0,0
1703739010632073128,2504,1703739010631216049,045010.60,4,0,31.832599893,118.712783558,173.6342,0.0,0.0,0.0,0.0,0.0,0.0,0.0,0.0,0.0,0
1703739010736473411,2505,1703739010735960006,045010.70,4,0,31.8325995933,118.712794107,173.6392,0.0,0.0,0.0,0.0,0.0,0.0,0.0,0.0,0.0,0
1703739010835362318,2506,1703739010832622051,045010.80,4,0,31.832599276,118.712804672,173.6401,0.0,0.0,0.0,0.0,0.0,0.0,0.0,0.0,0.0,0
1703739010938239774,2507,1703739010936244964,045010.90,4,0,31.83259898,118.712815241,173.6306,0.0,0.0,0.0,0.0,0.0,0.0,0.0,0.0,0.0,0
1703739011035327676,2508,1703739011031733989,045011.00,4,0,31.8325986977,118.712825804,173.6368,0.0,0.0,0.0,0.0,0.0,0.0,0.0,0.0,0.0,0
1703739011130682729,2509,1703739011129880905,045011.10,4,0,31.8325984123,118.712836346,173.6287,0.0,0.0,0.0,0.0,0.0,0.0,0.0,0.0,0.0,0
1703739011238061261,2510,1703739011237287998,045011.20,4,0,31.8325981183,118.712846892,173.6332,0.0,0.0,0.0,0.0,0.0,0.0,0.0,0.0,0.0,0
1703739011335210772,2511,1703739011333199024,045011.30,4,0,31.8325978095,118.712857444,173.6352,0.0,0.0,0.0,0.0,0.0,0.0,0.0,0.0,0.0,0
1703739011521284439,2512,1703739011520332098,045011.40,4,0,31.832597524,118.712867998,173.6343,0.0,0.0,0.0,0.0,0.0,0.0,0.0,0.0,0.0,0
1703739011535450828,2513,1703739011535049915,045011.50,4,0,31.832597251,118.712878553,173.6368,0.0,0.0,0.0,0.0,0.0,0.0,0.0,0.0,0.0,0
1703739011633023147,2514,1703739011631872892,045011.60,4,0,31.832596981,118.712889123,173.6328,0.0,0.0,0.0,0.0,0.0,0.0,0.0,0.0,0.0,0
1703739011736909458,2515,1703739011736419916,045011.70,4,0,31.8325966927,118.712899659,173.6388,0.0,0.0,0.0,0.0,0.0,0.0,0.0,0.0,0.0,0
1703739011834437949,2516,1703739011832608938,045011.80,4,0,31.832596447,118.712910238,173.6443,0.0,0.0,0.0,0.0,0.0,0.0,0.0,0.0,0.0,0
1703739011929721322,2517,1703739011928878068,045011.90,4,0,31.8325961877,118.712920786,173.6397,0.0,0.0,0.0,0.0,0.0,0.0,0.0,0.0,0.0,0
1703739012034535601,2518,1703739012032924890,045012.00,4,0,31.8325959305,118.712931343,173.6442,0.0,0.0,0.0,0.0,0.0,0.0,0.0,0.0,0.0,0
1703739012130301899,2519,1703739012129700899,045012.10,4,0,31.832595678,118.712941888,173.642,0.0,0.0,0.0,0.0,0.0,0.0,0.0,0.0,0.0,0
1703739012238258325,2520,1703739012236686944,045012.20,4,0,31.832595416,118.712952461,173.643,0.0,0.0,0.0,0.0,0.0,0.0,0.0,0.0,0.0,0
1703739012335067831,2521,1703739012332932949,045012.30,4,0,31.8325951732,118.712963007,173.6404,0.0,0.0,0.0,0.0,0.0,0.0,0.0,0.0,0.0,0
1703739012430597401,2522,1703739012429820060,045012.40,4,0,31.832594928,118.712973596,173.6472,0.0,0.0,0.0,0.0,0.0,0.0,0.0,0.0,0.0,0
1703739012612786365,2523,1703739012612297058,045012.50,4,0,31.8325946818,118.712984156,173.6489,0.0,0.0,0.0,0.0,0.0,0.0,0.0,0.0,0.0,0
1703739012632078315,2524,1703739012630748987,045012.60,4,0,31.8325944253,118.712994711,173.6505,0.0,0.0,0.0,0.0,0.0,0.0,0.0,0.0,0.0,0
1703739012735722073,2525,1703739012735171079,045012.70,4,0,31.8325941808,118.713005255,173.6487,0.0,0.0,0.0,0.0,0.0,0.0,0.0,0.0,0.0,0
1703739012832861658,2526,1703739012831715106,045012.80,4,0,31.8325939378,118.713015835,173.6523,0.0,0.0,0.0,0.0,0.0,0.0,0.0,0.0,0.0,0
1703739012935642002,2527,1703739012935127973,045012.90,4,0,31.832593668,118.713026381,173.651,0.0,0.0,0.0,0.0,0.0,0.0,0.0,0.0,0.0,0
1703739013033183967,2528,1703739013032598018,045013.00,4,0,31.8325934187,118.713036925,173.6568,0.0,0.0,0.0,0.0,0.0,0.0,0.0,0.0,0.0,0
1703739013138281275,2529,1703739013136298894,045013.10,4,0,31.8325931638,118.71304747,173.6509,0.0,0.0,0.0,0.0,0.0,0.0,0.0,0.0,0.0,0
1703739013240222706,2530,1703739013238109111,045013.20,4,0,31.832592913,118.713058008,173.6528,0.0,0.0,0.0,0.0,0.0,0.0,0.0,0.0,0.0,0
1703739013334626156,2531,1703739013334011077,045013.30,4,0,31.8325926483,118.713068562,173.6541,0.0,0.0,0.0,0.0,0.0,0.0,0.0,0.0,0.0,0
1703739013435075465,2532,1703739013432724952,045013.40,4,0,31.8325923545,118.713079106,173.6543,0.0,0.0,0.0,0.0,0.0,0.0,0.0,0.0,0.0,0
1703739013538421525,2533,1703739013535125970,045013.50,4,0,31.8325920887,118.713089667,173.6588,0.0,0.0,0.0,0.0,0.0,0.0,0.0,0.0,0.0,0
1703739013705036484,2534,1703739013704368114,045013.60,4,0,31.8325918128,118.713100252,173.6603,0.0,0.0,0.0,0.0,0.0,0.0,0.0,0.0,0.0,0
1703739013734276912,2535,1703739013733854055,045013.70,4,0,31.8325915367,118.713110799,173.6514,0.0,0.0,0.0,0.0,0.0,0.0,0.0,0.0,0.0,0
1703739013832084469,2536,1703739013830918073,045013.80,4,0,31.832591266,118.713121377,173.6546,0.0,0.0,0.0,0.0,0.0,0.0,0.0,0.0,0.0,0
1703739013935454604,2537,1703739013934957981,045013.90,4,0,31.8325909677,118.713131945,173.6512,0.0,0.0,0.0,0.0,0.0,0.0,0.0,0.0,0.0,0
1703739014031533048,2538,1703739014031095027,045014.00,4,0,31.8325907093,118.713142491,173.6559,0.0,0.0,0.0,0.0,0.0,0.0,0.0,0.0,0.0,0
1703739014140336791,2539,1703739014136619091,045014.10,4,0,31.8325904457,118.713153037,173.6512,0.0,0.0,0.0,0.0,0.0,0.0,0.0,0.0,0.0,0
1703739014234699088,2540,1703739014233484983,045014.20,4,0,31.8325901613,118.713163549,173.6555,0.0,0.0,0.0,0.0,0.0,0.0,0.0,0.0,0.0,0
1703739014338853334,2541,1703739014336313962,045014.30,4,0,31.8325899047,118.713174077,173.6532,0.0,0.0,0.0,0.0,0.0,0.0,0.0,0.0,0.0,0
1703739014434268781,2542,1703739014432451963,045014.40,4,0,31.8325896433,118.713184602,173.6528,0.0,0.0,0.0,0.0,0.0,0.0,0.0,0.0,0.0,0
1703739014531408484,2543,1703739014530425071,045014.50,4,0,31.8325893842,118.713195132,173.6595,0.0,0.0,0.0,0.0,0.0,0.0,0.0,0.0,0.0,0
1703739014635747121,2544,1703739014632956981,045014.60,4,0,31.832589109,118.713205681,173.6585,0.0,0.0,0.0,0.0,0.0,0.0,0.0,0.0,0.0,0
1703739014797377189,2545,1703739014796448945,045014.70,4,0,31.8325888298,118.713216233,173.6659,0.0,0.0,0.0,0.0,0.0,0.0,0.0,0.0,0.0,0
1703739014836922657,2546,1703739014834692001,045014.80,4,0,31.8325885467,118.713226791,173.6663,0.0,0.0,0.0,0.0,0.0,0.0,0.0,0.0,0.0,0
1703739014934057282,2547,1703739014931734085,045014.90,4,0,31.8325882658,118.713237315,173.6715,0.0,0.0,0.0,0.0,0.0,0.0,0.0,0.0,0.0,0
1703739015035223679,2548,1703739015034372091,045015.00,4,0,31.8325879802,118.713247844,173.6688,0.0,0.0,0.0,0.0,0.0,0.0,0.0,0.0,0.0,0
1703739015132246537,2549,1703739015130403995,045015.10,4,0,31.8325877187,118.713258387,173.6692,0.0,0.0,0.0,0.0,0.0,0.0,0.0,0.0,0.0,0
1703739015239900846,2550,1703739015238286018,045015.20,4,0,31.8325874627,118.713268909,173.6682,0.0,0.0,0.0,0.0,0.0,0.0,0.0,0.0,0.0,0
1703739015335318012,2551,1703739015333373069,045015.30,4,0,31.8325871978,118.713279414,173.6682,0.0,0.0,0.0,0.0,0.0,0.0,0.0,0.0,0.0,0
1703739015430949167,2552,1703739015430373907,045015.40,4,0,31.832586936,118.713289921,173.6717,0.0,0.0,0.0,0.0,0.0,0.0,0.0,0.0,0.0,0
1703739015535350503,2553,1703739015534822940,045015.50,4,0,31.83258664,118.71330043,173.6708,0.0,0.0,0.0,0.0,0.0,0.0,0.0,0.0,0.0,0
1703739015631861827,2554,1703739015630768060,045015.60,4,0,31.8325863338,118.713310944,173.6697,0.0,0.0,0.0,0.0,0.0,0.0,0.0,0.0,0.0,0
1703739015737140825,2555,1703739015735538005,045015.70,4,0,31.8325860453,118.713321459,173.6655,0.0,0.0,0.0,0.0,0.0,0.0,0.0,0.0,0.0,0
1703739015888951383,2556,1703739015888349056,045015.80,4,0,31.8325857395,118.71333197,173.6665,0.0,0.0,0.0,0.0,0.0,0.0,0.0,0.0,0.0,0
1703739015941186785,2557,1703739015934571981,045015.90,4,0,31.8325854313,118.713342495,173.6637,0.0,0.0,0.0,0.0,0.0,0.0,0.0,0.0,0.0,0
1703739016032331554,2558,1703739016031678915,045016.00,4,0,31.832585121,118.713353034,173.6646,0.0,0.0,0.0,0.0,0.0,0.0,0.0,0.0,0.0,0
1703739016137747272,2559,1703739016135210990,045016.10,4,0,31.8325847998,118.713363576,173.6662,0.0,0.0,0.0,0.0,0.0,0.0,0.0,0.0,0.0,0
1703739016237905166,2560,1703739016237525939,045016.20,4,0,31.832584494,118.713374131,173.6653,0.0,0.0,0.0,0.0,0.0,0.0,0.0,0.0,0.0,0
1703739016334472455,2561,1703739016333858013,045016.30,4,0,31.8325841738,118.713384685,173.6633,0.0,0.0,0.0,0.0,0.0,0.0,0.0,0.0,0.0,0
1703739016431537409,2562,1703739016431051969,045016.40,4,0,31.8325838798,118.713395241,173.6641,0.0,0.0,0.0,0.0,0.0,0.0,0.0,0.0,0.0,0
1703739016537096509,2563,1703739016535130023,045016.50,4,0,31.8325835768,118.713405822,173.6624,0.0,0.0,0.0,0.0,0.0,0.0,0.0,0.0,0.0,0
1703739016633624596,2564,1703739016631350994,045016.60,4,0,31.8325832722,118.713416415,173.6612,0.0,0.0,0.0,0.0,0.0,0.0,0.0,0.0,0.0,0
1703739016737761698,2565,1703739016734956026,045016.70,4,0,31.83258299,118.713426971,173.6625,0.0,0.0,0.0,0.0,0.0,0.0,0.0,0.0,0.0,0
1703739016832496902,2566,1703739016831707954,045016.80,4,0,31.8325826962,118.713437534,173.6624,0.0,0.0,0.0,0.0,0.0,0.0,0.0,0.0,0.0,0
1703739016984806819,2567,1703739016984261035,045016.90,4,0,31.8325824347,118.713448108,173.6512,0.0,0.0,0.0,0.0,0.0,0.0,0.0,0.0,0.0,0
1703739017032786496,2568,1703739017030391931,045017.00,4,0,31.83258219,118.713458676,173.65,0.0,0.0,0.0,0.0,0.0,0.0,0.0,0.0,0.0,0
1703739017135781215,2569,1703739017135176897,045017.10,4,0,31.8325819412,118.713469242,173.6531,0.0,0.0,0.0,0.0,0.0,0.0,0.0,0.0,0.0,0
1703739017239949736,2570,1703739017238126993,045017.20,4,0,31.832581702,118.713479814,173.6468,0.0,0.0,0.0,0.0,0.0,0.0,0.0,0.0,0.0,0
1703739017334696375,2571,1703739017334165096,045017.30,4,0,31.8325814677,118.713490377,173.6521,0.0,0.0,0.0,0.0,0.0,0.0,0.0,0.0,0.0,0
1703739017432215798,2572,1703739017431029081,045017.40,4,0,31.8325812368,118.713500933,173.647,0.0,0.0,0.0,0.0,0.0,0.0,0.0,0.0,0.0,0
1703739017535153568,2573,1703739017534635066,045017.50,4,0,31.832581,118.713511485,173.6483,0.0,0.0,0.0,0.0,0.0,0.0,0.0,0.0,0.0,0
1703739017632801912,2574,1703739017631901979,045017.60,4,0,31.8325807947,118.713522053,173.6467,0.0,0.0,0.0,0.0,0.0,0.0,0.0,0.0,0.0,0
1703739017735883120,2575,1703739017734436988,045017.70,4,0,31.8325805637,118.713532598,173.6434,0.0,0.0,0.0,0.0,0.0,0.0,0.0,0.0,0.0,0
1703739017835275164,2576,1703739017831707000,045017.80,4,0,31.832580337,118.713543149,173.6414,0.0,0.0,0.0,0.0,0.0,0.0,0.0,0.0,0.0,0
1703739017939438618,2577,1703739017936126947,045017.90,4,0,31.8325801057,118.713553704,173.6457,0.0,0.0,0.0,0.0,0.0,0.0,0.0,0.0,0.0,0
1703739018081570878,2578,1703739018080353975,045018.00,4,0,31.8325798925,118.713564262,173.6394,0.0,0.0,0.0,0.0,0.0,0.0,0.0,0.0,0.0,0
1703739018140429010,2579,1703739018135190010,045018.10,4,0,31.8325796668,118.713574832,173.6353,0.0,0.0,0.0,0.0,0.0,0.0,0.0,0.0,0.0,0
1703739018239504365,2580,1703739018238744020,045018.20,4,0,31.8325794338,118.713585391,173.6394,0.0,0.0,0.0,0.0,0.0,0.0,0.0,0.0,0.0,0
1703739018334568649,2581,1703739018333898067,045018.30,4,0,31.8325792088,118.713595976,173.6441,0.0,0.0,0.0,0.0,0.0,0.0,0.0,0.0,0.0,0
1703739018432676914,2582,1703739018430845975,045018.40,4,0,31.8325789717,118.713606528,173.6425,0.0,0.0,0.0,0.0,0.0,0.0,0.0,0.0,0.0,0
1703739018536831321,2583,1703739018534570932,045018.50,4,0,31.8325787393,118.7136171,173.6429,0.0,0.0,0.0,0.0,0.0,0.0,0.0,0.0,0.0,0
1703739018632513959,2584,1703739018631639003,045018.60,4,0,31.8325785217,118.713627682,173.6418,0.0,0.0,0.0,0.0,0.0,0.0,0.0,0.0,0.0,0
1703739018735705967,2585,1703739018735125064,045018.70,4,0,31.8325782625,118.713638258,173.6437,0.0,0.0,0.0,0.0,0.0,0.0,0.0,0.0,0.0,0
1703739018833513001,2586,1703739018831531047,045018.80,4,0,31.8325780467,118.713648859,173.6394,0.0,0.0,0.0,0.0,0.0,0.0,0.0,0.0,0.0,0
1703739018935452121,2587,1703739018934926986,045018.90,4,0,31.8325778127,118.713659464,173.6425,0.0,0.0,0.0,0.0,0.0,0.0,0.0,0.0,0.0,0
1703739019035651546,2588,1703739019032083988,045019.00,4,0,31.8325775733,118.713670059,173.6484,0.0,0.0,0.0,0.0,0.0,0.0,0.0,0.0,0.0,0
1703739019174339387,2589,1703739019172738075,045019.10,4,0,31.8325773322,118.713680654,173.6474,0.0,0.0,0.0,0.0,0.0,0.0,0.0,0.0,0.0,0
1703739019232600618,2590,1703739019231170892,045019.20,4,0,31.8325770828,118.713691237,173.6478,0.0,0.0,0.0,0.0,0.0,0.0,0.0,0.0,0.0,0
1703739019337200679,2591,1703739019335607051,045019.30,4,0,31.8325768087,118.713701768,173.6471,0.0,0.0,0.0,0.0,0.0,0.0,0.0,0.0,0.0,0
1703739019432682321,2592,1703739019431911945,045019.40,4,0,31.8325765607,118.713712367,173.6471,0.0,0.0,0.0,0.0,0.0,0.0,0.0,0.0,0.0,0
1703739019530521530,2593,1703739019529665946,045019.50,4,0,31.8325762958,118.713722916,173.6444,0.0,0.0,0.0,0.0,0.0,0.0,0.0,0.0,0.0,0
1703739019634891512,2594,1703739019634352922,045019.60,4,0,31.8325760303,118.713733493,173.6452,0.0,0.0,0.0,0.0,0.0,0.0,0.0,0.0,0.0,0
1703739019733921089,2595,1703739019731585025,045019.70,4,0,31.8325757598,118.713744073,173.6503,0.0,0.0,0.0,0.0,0.0,0.0,0.0,0.0,0.0,0
1703739019835977428,2596,1703739019835369110,045019.80,4,0,31.8325755028,118.713754648,173.6485,0.0,0.0,0.0,0.0,0.0,0.0,0.0,0.0,0.0,0
1703739019931685145,2597,1703739019930941104,045019.90,4,0,31.8325752495,118.713765243,173.65,0.0,0.0,0.0,0.0,0.0,0.0,0.0,0.0,0.0,0
1703739020036547505,2598,1703739020033866882,045020.00,4,0,31.8325750138,118.713775815,173.6539,0.0,0.0,0.0,0.0,0.0,0.0,0.0,0.0,0.0,0
1703739020132634465,2599,1703739020130574941,045020.10,4,0,31.832574759,118.713786358,173.6624,0.0,0.0,0.0,0.0,0.0,0.0,0.0,0.0,0.0,0
1703739020269379540,2600,1703739020268479108,045020.20,4,0,31.8325745128,118.713796849,173.6806,0.0,0.0,0.0,0.0,0.0,0.0,0.0,0.0,0.0,0
1703739020335156510,2601,1703739020334705114,045020.30,4,0,31.8325742878,118.71380726,173.7,0.0,0.0,0.0,0.0,0.0,0.0,0.0,0.0,0.0,0
1703739020431103245,2602,1703739020430653095,045020.40,4,0,31.8325740632,118.713817527,173.7225,0.0,0.0,0.0,0.0,0.0,0.0,0.0,0.0,0.0,0
1703739020537200727,2603,1703739020535446882,045020.50,4,0,31.8325738557,118.713827644,173.7538,0.0,0.0,0.0,0.0,0.0,0.0,0.0,0.0,0.0,0
1703739020631970643,2604,1703739020630266904,045020.60,4,0,31.832573669,118.713837529,173.7762,0.0,0.0,0.0,0.0,0.0,0.0,0.0,0.0,0.0,0
1703739020737035571,2605,1703739020735676050,045020.70,4,0,31.8325734813,118.713847151,173.8025,0.0,0.0,0.0,0.0,0.0,0.0,0.0,0.0,0.0,0
1703739020834632535,2606,1703739020832362890,045020.80,4,0,31.8325733233,118.713856483,173.8215,0.0,0.0,0.0,0.0,0.0,0.0,0.0,0.0,0.0,0
1703739020937238852,2607,1703739020935554981,045020.90,4,0,31.8325731932,118.713865547,173.8397,0.0,0.0,0.0,0.0,0.0,0.0,0.0,0.0,0.0,0
1703739021032872039,2608,1703739021031183004,045021.00,4,0,31.8325730657,118.713874265,173.8544,0.0,0.0,0.0,0.0,0.0,0.0,0.0,0.0,0.0,0
1703739021136862859,2609,1703739021135224103,045021.10,4,0,31.832572941,118.713882659,173.8594,0.0,0.0,0.0,0.0,0.0,0.0,0.0,0.0,0.0,0
1703739021238158627,2610,1703739021237529039,045021.20,4,0,31.8325728282,118.713890702,173.8672,0.0,0.0,0.0,0.0,0.0,0.0,0.0,0.0,0.0,0
1703739021361131183,2611,1703739021360389947,045021.30,4,0,31.8325727432,118.713898386,173.8723,0.0,0.0,0.0,0.0,0.0,0.0,0.0,0.0,0.0,0
1703739021430675397,2612,1703739021430211067,045021.40,4,0,31.8325726122,118.713905746,173.8792,0.0,0.0,0.0,0.0,0.0,0.0,0.0,0.0,0.0,0
1703739021536107468,2613,1703739021534981966,045021.50,4,0,31.8325724992,118.713912733,173.8759,0.0,0.0,0.0,0.0,0.0,0.0,0.0,0.0,0.0,0
1703739021635834228,2614,1703739021632071971,045021.60,4,0,31.8325723857,118.713919349,173.8761,0.0,0.0,0.0,0.0,0.0,0.0,0.0,0.0,0.0,0
1703739021738484652,2615,1703739021735338926,045021.70,4,0,31.832572281,118.713925595,173.8715,0.0,0.0,0.0,0.0,0.0,0.0,0.0,0.0,0.0,0
1703739021834280929,2616,1703739021831392049,045021.80,4,0,31.8325721797,118.713931436,173.8778,0.0,0.0,0.0,0.0,0.0,0.0,0.0,0.0,0.0,0
1703739021935472388,2617,1703739021935020923,045021.90,4,0,31.8325720888,118.713936927,173.8641,0.0,0.0,0.0,0.0,0.0,0.0,0.0,0.0,0.0,0
1703739022031881543,2618,1703739022031337976,045022.00,4,0,31.8325720155,118.713942037,173.8546,0.0,0.0,0.0,0.0,0.0,0.0,0.0,0.0,0.0,0
1703739022137483123,2619,1703739022135210037,045022.10,4,0,31.8325719337,118.713946749,173.8533,0.0,0.0,0.0,0.0,0.0,0.0,0.0,0.0,0.0,0
1703739022237976251,2620,1703739022237472057,045022.20,4,0,31.8325718478,118.713951103,173.8433,0.0,0.0,0.0,0.0,0.0,0.0,0.0,0.0,0.0,0
1703739022334126527,2621,1703739022333810091,045022.30,4,0,31.8325717808,118.713955089,173.8425,0.0,0.0,0.0,0.0,0.0,0.0,0.0,0.0,0.0,0
1703739022457041846,2622,1703739022456315994,045022.40,4,0,31.8325716893,118.713958658,173.8314,0.0,0.0,0.0,0.0,0.0,0.0,0.0,0.0,0.0,0
1703739022536549622,2623,1703739022534341096,045022.50,4,0,31.8325715775,118.71396186,173.8274,0.0,0.0,0.0,0.0,0.0,0.0,0.0,0.0,0.0,0
1703739022631517063,2624,1703739022630652904,045022.60,4,0,31.832571472,118.713964671,173.8159,0.0,0.0,0.0,0.0,0.0,0.0,0.0,0.0,0.0,0
1703739022735446083,2625,1703739022734836101,045022.70,4,0,31.8325713577,118.713967112,173.8088,0.0,0.0,0.0,0.0,0.0,0.0,0.0,0.0,0.0,0
1703739022832535414,2626,1703739022831722021,045022.80,4,0,31.8325712188,118.713969169,173.7982,0.0,0.0,0.0,0.0,0.0,0.0,0.0,0.0,0.0,0
1703739022936204340,2627,1703739022934672117,045022.90,4,0,31.8325711055,118.713970897,173.784,0.0,0.0,0.0,0.0,0.0,0.0,0.0,0.0,0.0,0
1703739023032022554,2628,1703739023031476020,045023.00,4,0,31.8325709855,118.713972289,173.7639,0.0,0.0,0.0,0.0,0.0,0.0,0.0,0.0,0.0,0
1703739023138532187,2629,1703739023136003971,045023.10,4,0,31.8325708543,118.713973315,173.7599,0.0,0.0,0.0,0.0,0.0,0.0,0.0,0.0,0.0,0
1703739023235811444,2630,1703739023232639074,045023.20,4,0,31.8325707228,118.71397402,173.7529,0.0,0.0,0.0,0.0,0.0,0.0,0.0,0.0,0.0,0
1703739023336334549,2631,1703739023335144996,045023.30,4,0,31.8325706243,118.713974411,173.7506,0.0,0.0,0.0,0.0,0.0,0.0,0.0,0.0,0.0,0
1703739023432319964,2632,1703739023431581974,045023.40,4,0,31.8325705295,118.713974492,173.7432,0.0,0.0,0.0,0.0,0.0,0.0,0.0,0.0,0.0,0
1703739023553705735,2633,1703739023552388906,045023.50,4,0,31.8325704607,118.713974283,173.7343,0.0,0.0,0.0,0.0,0.0,0.0,0.0,0.0,0.0,0
1703739023633713291,2634,1703739023633249998,045023.60,4,0,31.8325704293,118.713973831,173.722,0.0,0.0,0.0,0.0,0.0,0.0,0.0,0.0,0.0,0
1703739023729743503,2635,1703739023729187011,045023.70,4,0,31.832570413,118.713973227,173.688,0.0,0.0,0.0,0.0,0.0,0.0,0.0,0.0,0.0,0
1703739023834560170,2636,1703739023833703041,045023.80,4,0,31.8325704393,118.713972645,173.609,0.0,0.0,0.0,0.0,0.0,0.0,0.0,0.0,0.0,0
1703739023932208520,2637,1703739023931160926,045023.90,4,0,31.832570431,118.713972123,173.588,0.0,0.0,0.0,0.0,0.0,0.0,0.0,0.0,0.0,0
1703739024034374489,2638,1703739024033675909,045024.00,4,0,31.832570423,118.713971891,173.6052,0.0,0.0,0.0,0.0,0.0,0.0,0.0,0.0,0.0,0
1703739024132655292,2639,1703739024130527973,045024.10,4,0,31.8325703713,118.713971855,173.6343,0.0,0.0,0.0,0.0,0.0,0.0,0.0,0.0,0.0,0
1703739024237529734,2640,1703739024236268043,045024.20,4,0,31.832570323,118.713971888,173.6544,0.0,0.0,0.0,0.0,0.0,0.0,0.0,0.0,0.0,0
1703739024332421138,2641,1703739024331935882,045024.30,4,0,31.8325703235,118.713971922,173.6452,0.0,0.0,0.0,0.0,0.0,0.0,0.0,0.0,0.0,0
1703739024430556871,2642,1703739024429806947,045024.40,4,0,31.8325703435,118.713971983,173.6369,0.0,0.0,0.0,0.0,0.0,0.0,0.0,0.0,0.0,0
1703739024534371630,2643,1703739024533785104,045024.50,4,0,31.8325703718,118.713972027,173.6331,0.0,0.0,0.0,0.0,0.0,0.0,0.0,0.0,0.0,0
1703739024644935115,2644,1703739024644319057,045024.60,4,0,31.8325704012,118.713972041,173.6296,0.0,0.0,0.0,0.0,0.0,0.0,0.0,0.0,0.0,0
1703739024737777808,2645,1703739024735763072,045024.70,4,0,31.8325704012,118.713972079,173.6292,0.0,0.0,0.0,0.0,0.0,0.0,0.0,0.0,0.0,0
1703739024833297278,2646,1703739024831451892,045024.80,4,0,31.8325703937,118.713972136,173.6332,0.0,0.0,0.0,0.0,0.0,0.0,0.0,0.0,0.0,0
1703739024936269630,2647,1703739024935436010,045024.90,4,0,31.8325704055,118.713972232,173.6332,0.0,0.0,0.0,0.0,0.0,0.0,0.0,0.0,0.0,0
1703739025033904769,2648,1703739025031263113,045025.00,4,0,31.8325704157,118.713972302,173.6344,0.0,0.0,0.0,0.0,0.0,0.0,0.0,0.0,0.0,0
1703739025129280436,2649,1703739025128674983,045025.10,4,0,31.8325704412,118.713972389,173.6284,0.0,0.0,0.0,0.0,0.0,0.0,0.0,0.0,0.0,0
1703739025235766904,2650,1703739025235295057,045025.20,4,0,31.8325704608,118.713972473,173.6292,0.0,0.0,0.0,0.0,0.0,0.0,0.0,0.0,0.0,0
1703739025332602094,2651,1703739025331707954,045025.30,4,0,31.8325704615,118.713972556,173.635,0.0,0.0,0.0,0.0,0.0,0.0,0.0,0.0,0.0,0
1703739025429374517,2652,1703739025428745985,045025.40,4,0,31.8325704473,118.713972596,173.6375,0.0,0.0,0.0,0.0,0.0,0.0,0.0,0.0,0.0,0
1703739025535118146,2653,1703739025534605026,045025.50,4,0,31.832570434,118.713972691,173.6369,0.0,0.0,0.0,0.0,0.0,0.0,0.0,0.0,0.0,0
1703739025631169021,2654,1703739025630517005,045025.60,4,0,31.8325704095,118.713972738,173.6353,0.0,0.0,0.0,0.0,0.0,0.0,0.0,0.0,0.0,0
1703739025737163616,2655,1703739025734515905,045025.70,4,0,31.8325703913,118.713972813,173.6387,0.0,0.0,0.0,0.0,0.0,0.0,0.0,0.0,0.0,0
1703739025832812942,2656,1703739025830610036,045025.80,4,0,31.832570383,118.713972902,173.6342,0.0,0.0,0.0,0.0,0.0,0.0,0.0,0.0,0.0,0
1703739025935440388,2657,1703739025933964967,045025.90,4,0,31.8325703672,118.713972975,173.6356,0.0,0.0,0.0,0.0,0.0,0.0,0.0,0.0,0.0,0
1703739026030683223,2658,1703739026029658079,045026.00,4,0,31.8325703818,118.713973144,173.6221,0.0,0.0,0.0,0.0,0.0,0.0,0.0,0.0,0.0,0
1703739026135486145,2659,1703739026133465051,045026.10,4,0,31.832570414,118.71397336,173.6045,0.0,0.0,0.0,0.0,0.0,0.0,0.0,0.0,0.0,0
1703739026237399493,2660,1703739026236129045,045026.20,4,0,31.8325704475,118.713973696,173.5994,0.0,0.0,0.0,0.0,0.0,0.0,0.0,0.0,0.0,0
1703739026333628090,2661,1703739026332792997,045026.30,4,0,31.8325705013,118.713974177,173.5944,0.0,0.0,0.0,0.0,0.0,0.0,0.0,0.0,0.0,0
1703739026431096921,2662,1703739026429565906,045026.40,4,0,31.8325705683,118.713974819,173.6,0.0,0.0,0.0,0.0,0.0,0.0,0.0,0.0,0.0,0
1703739026536561214,2663,1703739026534540891,045026.50,4,0,31.8325706255,118.713975622,173.6006,0.0,0.0,0.0,0.0,0.0,0.0,0.0,0.0,0.0,0
1703739026631509788,2664,1703739026630635976,045026.60,4,0,31.832570723,118.713976586,173.5976,0.0,0.0,0.0,0.0,0.0,0.0,0.0,0.0,0.0,0
1703739026816882892,2665,1703739026816273927,045026.70,4,0,31.832570852,118.713977728,173.5953,0.0,0.0,0.0,0.0,0.0,0.0,0.0,0.0,0.0,0
1703739026833691180,2666,1703739026830832958,045026.80,4,0,31.8325710048,118.713979025,173.5936,0.0,0.0,0.0,0.0,0.0,0.0,0.0,0.0,0.0,0
1703739026934669069,2667,1703739026933824062,045026.90,4,0,31.8325711643,118.713980524,173.6042,0.0,0.0,0.0,0.0,0.0,0.0,0.0,0.0,0.0,0
1703739027030290372,2668,1703739027029619932,045027.00,4,0,31.8325713355,118.713982161,173.6185,0.0,0.0,0.0,0.0,0.0,0.0,0.0,0.0,0.0,0
1703739027135897188,2669,1703739027134238004,045027.10,4,0,31.8325715225,118.71398393,173.6331,0.0,0.0,0.0,0.0,0.0,0.0,0.0,0.0,0.0,0
1703739027237259210,2670,1703739027236790895,045027.20,4,0,31.8325717578,118.71398575,173.6416,0.0,0.0,0.0,0.0,0.0,0.0,0.0,0.0,0.0,0
1703739027333391936,2671,1703739027332829952,045027.30,4,0,31.832571978,118.713987623,173.6524,0.0,0.0,0.0,0.0,0.0,0.0,0.0,0.0,0.0,0
1703739027434041129,2672,1703739027430919885,045027.40,4,0,31.832572225,118.713989529,173.6545,0.0,0.0,0.0,0.0,0.0,0.0,0.0,0.0,0.0,0
1703739027534660647,2673,1703739027533839941,045027.50,4,0,31.8325724768,118.713991484,173.6519,0.0,0.0,0.0,0.0,0.0,0.0,0.0,0.0,0.0,0
1703739027631549338,2674,1703739027630666017,045027.60,4,0,31.8325727362,118.713993432,173.6589,0.0,0.0,0.0,0.0,0.0,0.0,0.0,0.0,0.0,0
1703739027735726389,2675,1703739027734278917,045027.70,4,0,31.8325729658,118.713995433,173.6603,0.0,0.0,0.0,0.0,0.0,0.0,0.0,0.0,0.0,0
1703739027916970550,2676,1703739027916332006,045027.80,4,0,31.8325732368,118.713997473,173.6634,0.0,0.0,0.0,0.0,0.0,0.0,0.0,0.0,0.0,0
1703739027935335140,2677,1703739027934096097,045027.90,4,0,31.8325735003,118.713999521,173.6633,0.0,0.0,0.0,0.0,0.0,0.0,0.0,0.0,0.0,0
1703739028032505357,2678,1703739028031629085,045028.00,4,0,31.8325737923,118.714001601,173.6652,0.0,0.0,0.0,0.0,0.0,0.0,0.0,0.0,0.0,0
1703739028136642819,2679,1703739028134670972,045028.10,4,0,31.8325740718,118.714003684,173.665,0.0,0.0,0.0,0.0,0.0,0.0,0.0,0.0,0.0,0
1703739028233596020,2680,1703739028231408119,045028.20,4,0,31.8325743472,118.714005794,173.6643,0.0,0.0,0.0,0.0,0.0,0.0,0.0,0.0,0.0,0
1703739028336724222,2681,1703739028335216999,045028.30,4,0,31.8325746285,118.714007908,173.6669,0.0,0.0,0.0,0.0,0.0,0.0,0.0,0.0,0.0,0
1703739028433239511,2682,1703739028432337999,045028.40,4,0,31.8325749283,118.714010035,173.6659,0.0,0.0,0.0,0.0,0.0,0.0,0.0,0.0,0.0,0
1703739028531355901,2683,1703739028529787063,045028.50,4,0,31.8325752072,118.714012191,173.6682,0.0,0.0,0.0,0.0,0.0,0.0,0.0,0.0,0.0,0
1703739028634326956,2684,1703739028632895946,045028.60,4,0,31.8325755225,118.714014369,173.6671,0.0,0.0,0.0,0.0,0.0,0.0,0.0,0.0,0.0,0
1703739028730910796,2685,1703739028730140924,045028.70,4,0,31.8325758312,118.71401654,173.6651,0.0,0.0,0.0,0.0,0.0,0.0,0.0,0.0,0.0,0
1703739028835117721,2686,1703739028833748102,045028.80,4,0,31.8325761155,118.714018717,173.6653,0.0,0.0,0.0,0.0,0.0,0.0,0.0,0.0,0.0,0
1703739029008817038,2687,1703739029008361101,045028.90,4,0,31.8325764012,118.714020911,173.6684,0.0,0.0,0.0,0.0,0.0,0.0,0.0,0.0,0.0,0
1703739029027909519,2688,1703739029027400970,045029.00,4,0,31.832576703,118.714023096,173.6674,0.0,0.0,0.0,0.0,0.0,0.0,0.0,0.0,0.0,0
1703739029135271748,2689,1703739029134588003,045029.10,4,0,31.8325770147,118.714025293,173.668,0.0,0.0,0.0,0.0,0.0,0.0,0.0,0.0,0.0,0
1703739029239499414,2690,1703739029237797021,045029.20,4,0,31.8325773182,118.71402748,173.6659,0.0,0.0,0.0,0.0,0.0,0.0,0.0,0.0,0.0,0
1703739029334631415,2691,1703739029333410024,045029.30,4,0,31.8325775913,118.714029696,173.6652,0.0,0.0,0.0,0.0,0.0,0.0,0.0,0.0,0.0,0
1703739029430971116,2692,1703739029430341958,045029.40,4,0,31.8325778843,118.71403187,173.6662,0.0,0.0,0.0,0.0,0.0,0.0,0.0,0.0,0.0,0
1703739029536928360,2693,1703739029533819913,045029.50,4,0,31.8325781752,118.714034069,173.6681,0.0,0.0,0.0,0.0,0.0,0.0,0.0,0.0,0.0,0
1703739029632498436,2694,1703739029629426956,045029.60,4,0,31.83257846,118.714036257,173.6667,0.0,0.0,0.0,0.0,0.0,0.0,0.0,0.0,0.0,0
1703739029737481158,2695,1703739029734590053,045029.70,4,0,31.832578741,118.714038458,173.6641,0.0,0.0,0.0,0.0,0.0,0.0,0.0,0.0,0.0,0
1703739029832121700,2696,1703739029831281900,045029.80,4,0,31.8325790317,118.714040663,173.6635,0.0,0.0,0.0,0.0,0.0,0.0,0.0,0.0,0.0,0
1703739029936289511,2697,1703739029934294939,045029.90,4,0,31.8325793323,118.714042869,173.6567,0.0,0.0,0.0,0.0,0.0,0.0,0.0,0.0,0.0,0
1703739030102169160,2698,1703739030100539922,045030.00,4,0,31.8325795902,118.71404508,173.6608,0.0,0.0,0.0,0.0,0.0,0.0,0.0,0.0,0.0,0
1703739030134494839,2699,1703739030134135007,045030.10,4,0,31.8325798883,118.714047293,173.6624,0.0,0.0,0.0,0.0,0.0,0.0,0.0,0.0,0.0,0
1703739030231380542,2700,1703739030230876922,045030.20,4,0,31.8325801468,118.714049485,173.6606,0.0,0.0,0.0,0.0,0.0,0.0,0.0,0.0,0.0,0
1703739030336431670,2701,1703739030335454940,045030.30,4,0,31.8325804383,118.714051711,173.6652,0.0,0.0,0.0,0.0,0.0,0.0,0.0,0.0,0.0,0
1703739030434488492,2702,1703739030433033943,045030.40,4,0,31.8325807097,118.714053907,173.6598,0.0,0.0,0.0,0.0,0.0,0.0,0.0,0.0,0.0,0
1703739030529869303,2703,1703739030528768062,045030.50,4,0,31.8325809647,118.7140561,173.6601,0.0,0.0,0.0,0.0,0.0,0.0,0.0,0.0,0.0,0
1703739030635513147,2704,1703739030633923053,045030.60,4,0,31.8325812407,118.714058298,173.6593,0.0,0.0,0.0,0.0,0.0,0.0,0.0,0.0,0.0,0
1703739030730294771,2705,1703739030729481935,045030.70,4,0,31.8325815097,118.714060499,173.6587,0.0,0.0,0.0,0.0,0.0,0.0,0.0,0.0,0.0,0
1703739030834229147,2706,1703739030833421945,045030.80,4,0,31.8325817735,118.714062699,173.6561,0.0,0.0,0.0,0.0,0.0,0.0,0.0,0.0,0.0,0
1703739030929104074,2707,1703739030928199052,045030.90,4,0,31.8325820245,118.714064888,173.6571,0.0,0.0,0.0,0.0,0.0,0.0,0.0,0.0,0.0,0
1703739031034342049,2708,1703739031033536911,045031.00,4,0,31.8325822958,118.714067085,173.6554,0.0,0.0,0.0,0.0,0.0,0.0,0.0,0.0,0.0,0
1703739031197100752,2709,1703739031196455955,045031.10,4,0,31.8325825732,118.71406927,173.6567,0.0,0.0,0.0,0.0,0.0,0.0,0.0,0.0,0.0,0
1703739031235504540,2710,1703739031234983921,045031.20,4,0,31.8325828423,118.714071453,173.6611,0.0,0.0,0.0,0.0,0.0,0.0,0.0,0.0,0.0,0
1703739031332651981,2711,1703739031331996917,045031.30,4,0,31.8325830888,118.71407365,173.6626,0.0,0.0,0.0,0.0,0.0,0.0,0.0,0.0,0.0,0
1703739031431210195,2712,1703739031429507017,045031.40,4,0,31.8325833563,118.714075836,173.6597,0.0,0.0,0.0,0.0,0.0,0.0,0.0,0.0,0.0,0
1703739031536316564,2713,1703739031533827066,045031.50,4,0,31.8325836527,118.714078006,173.6605,0.0,0.0,0.0,0.0,0.0,0.0,0.0,0.0,0.0,0
1703739031630420661,2714,1703739031629440069,045031.60,4,0,31.8325839443,118.714080169,173.6563,0.0,0.0,0.0,0.0,0.0,0.0,0.0,0.0,0.0,0
1703739031735826565,2715,1703739031733345985,045031.70,4,0,31.8325842277,118.714082349,173.6606,0.0,0.0,0.0,0.0,0.0,0.0,0.0,0.0,0.0,0
1703739031830884116,2716,1703739031829988956,045031.80,4,0,31.8325845227,118.7140845,173.6607,0.0,0.0,0.0,0.0,0.0,0.0,0.0,0.0,0.0,0
1703739031935816400,2717,1703739031933557033,045031.90,4,0,31.8325848087,118.714086684,173.6651,0.0,0.0,0.0,0.0,0.0,0.0,0.0,0.0,0.0,0
1703739032030219583,2718,1703739032029431104,045032.00,4,0,31.8325850942,118.714088834,173.663,0.0,0.0,0.0,0.0,0.0,0.0,0.0,0.0,0.0,0
1703739032135290303,2719,1703739032134561061,045032.10,4,0,31.8325854073,118.714091011,173.6621,0.0,0.0,0.0,0.0,0.0,0.0,0.0,0.0,0.0,0
1703739032293178613,2720,1703739032292408943,045032.20,4,0,31.8325856993,118.71409319,173.664,0.0,0.0,0.0,0.0,0.0,0.0,0.0,0.0,0.0,0
1703739032333117769,2721,1703739032332731008,045032.30,4,0,31.8325859933,118.714095352,173.6609,0.0,0.0,0.0,0.0,0.0,0.0,0.0,0.0,0.0,0
1703739032431328504,2722,1703739032430664062,045032.40,4,0,31.8325862907,118.714097501,173.6617,0.0,0.0,0.0,0.0,0.0,0.0,0.0,0.0,0.0,0
1703739032528630213,2723,1703739032527925968,045032.50,4,0,31.832586603,118.714099651,173.6642,0.0,0.0,0.0,0.0,0.0,0.0,0.0,0.0,0.0,0
1703739032635280117,2724,1703739032633150100,045032.60,4,0,31.8325868768,118.714101791,173.6631,0.0,0.0,0.0,0.0,0.0,0.0,0.0,0.0,0.0,0
1703739032730808366,2725,1703739032729459047,045032.70,4,0,31.8325871817,118.71410395,173.6711,0.0,0.0,0.0,0.0,0.0,0.0,0.0,0.0,0.0,0
1703739032834653051,2726,1703739032834112882,045032.80,4,0,31.8325874732,118.714106095,173.669,0.0,0.0,0.0,0.0,0.0,0.0,0.0,0.0,0.0,0
1703739032930143164,2727,1703739032929610013,045032.90,4,0,31.8325877647,118.714108218,173.6672,0.0,0.0,0.0,0.0,0.0,0.0,0.0,0.0,0.0,0
1703739033028365335,2728,1703739033027333021,045033.00,4,0,31.8325880173,118.714110354,173.6689,0.0,0.0,0.0,0.0,0.0,0.0,0.0,0.0,0.0,0
1703739033133630939,2729,1703739033133001089,045033.10,4,0,31.8325883043,118.714112493,173.6668,0.0,0.0,0.0,0.0,0.0,0.0,0.0,0.0,0.0,0
1703739033237580317,2730,1703739033235800981,045033.20,4,0,31.8325885867,118.714114625,173.6679,0.0,0.0,0.0,0.0,0.0,0.0,0.0,0.0,0.0,0
1703739033389996701,2731,1703739033388411045,045033.30,4,0,31.8325888323,118.714116735,173.6703,0.0,0.0,0.0,0.0,0.0,0.0,0.0,0.0,0.0,0
1703739033429537082,2732,1703739033429019927,045033.40,4,0,31.8325891032,118.714118877,173.6708,0.0,0.0,0.0,0.0,0.0,0.0,0.0,0.0,0.0,0
1703739033536249706,2733,1703739033534379959,045033.50,4,0,31.8325893687,118.714121003,173.6721,0.0,0.0,0.0,0.0,0.0,0.0,0.0,0.0,0.0,0
1703739033631479638,2734,1703739033629923105,045033.60,4,0,31.8325896415,118.714123142,173.6714,0.0,0.0,0.0,0.0,0.0,0.0,0.0,0.0,0.0,0
1703739033735746564,2735,1703739033733994007,045033.70,4,0,31.8325899005,118.714125264,173.6729,0.0,0.0,0.0,0.0,0.0,0.0,0.0,0.0,0.0,0
1703739033830154857,2736,1703739033829469919,045033.80,4,0,31.832590155,118.714127389,173.6669,0.0,0.0,0.0,0.0,0.0,0.0,0.0,0.0,0.0,0
1703739033933985482,2737,1703739033933465003,045033.90,4,0,31.8325904282,118.714129515,173.6692,0.0,0.0,0.0,0.0,0.0,0.0,0.0,0.0,0.0,0
1703739034029524342,2738,1703739034028979063,045034.00,4,0,31.8325906898,118.714131637,173.6701,0.0,0.0,0.0,0.0,0.0,0.0,0.0,0.0,0.0,0
1703739034133917626,2739,1703739034133610963,045034.10,4,0,31.8325909598,118.714133756,173.6711,0.0,0.0,0.0,0.0,0.0,0.0,0.0,0.0,0.0,0
1703739034231506350,2740,1703739034230937957,045034.20,4,0,31.8325912283,118.71413588,173.6717,0.0,0.0,0.0,0.0,0.0,0.0,0.0,0.0,0.0,0
1703739034335852483,2741,1703739034334665060,045034.30,4,0,31.8325914967,118.714137987,173.6832,0.0,0.0,0.0,0.0,0.0,0.0,0.0,0.0,0.0,0
1703739034480820506,2742,1703739034480299949,045034.40,4,0,31.8325917733,118.714140053,173.6944,0.0,0.0,0.0,0.0,0.0,0.0,0.0,0.0,0.0,0
1703739034529165701,2743,1703739034528271913,045034.50,4,0,31.8325920033,118.714142039,173.6997,0.0,0.0,0.0,0.0,0.0,0.0,0.0,0.0,0.0,0
1703739034633314114,2744,1703739034631886005,045034.60,4,0,31.8325922273,118.71414394,173.7042,0.0,0.0,0.0,0.0,0.0,0.0,0.0,0.0,0.0,0
1703739034730247120,2745,1703739034729219913,045034.70,4,0,31.8325924628,118.714145718,173.7004,0.0,0.0,0.0,0.0,0.0,0.0,0.0,0.0,0.0,0
1703739034834000253,2746,1703739034833573102,045034.80,4,0,31.8325926663,118.714147373,173.7005,0.0,0.0,0.0,0.0,0.0,0.0,0.0,0.0,0.0,0
1703739034930033907,2747,1703739034929593086,045034.90,4,0,31.8325928585,118.71414893,173.6958,0.0,0.0,0.0,0.0,0.0,0.0,0.0,0.0,0.0,0
1703739035032875257,2748,1703739035032365083,045035.00,4,0,31.8325930467,118.714150397,173.6929,0.0,0.0,0.0,0.0,0.0,0.0,0.0,0.0,0.0,0
1703739035130618735,2749,1703739035129695892,045035.10,4,0,31.8325932138,118.714151751,173.6928,0.0,0.0,0.0,0.0,0.0,0.0,0.0,0.0,0.0,0
1703739035237755166,2750,1703739035236732959,045035.20,4,0,31.8325933792,118.714153027,173.6939,0.0,0.0,0.0,0.0,0.0,0.0,0.0,0.0,0.0,0
1703739035334446719,2751,1703739035332531929,045035.30,4,0,31.8325934985,118.714154194,173.6895,0.0,0.0,0.0,0.0,0.0,0.0,0.0,0.0,0.0,0
1703739035430574360,2752,1703739035429846048,045035.40,4,0,31.8325936392,118.714155292,173.6891,0.0,0.0,0.0,0.0,0.0,0.0,0.0,0.0,0.0,0
1703739035572910415,2753,1703739035572371959,045035.50,4,0,31.8325937857,118.714156296,173.685,0.0,0.0,0.0,0.0,0.0,0.0,0.0,0.0,0.0,0
1703739035630579208,2754,1703739035629803895,045035.60,4,0,31.8325938997,118.714157226,173.6857,0.0,0.0,0.0,0.0,0.0,0.0,0.0,0.0,0.0,0
1703739035734914727,2755,1703739035734370946,045035.70,4,0,31.8325940177,118.714158055,173.6809,0.0,0.0,0.0,0.0,0.0,0.0,0.0,0.0,0.0,0
1703739035830495285,2756,1703739035829936981,045035.80,4,0,31.8325940987,118.714158823,173.6803,0.0,0.0,0.0,0.0,0.0,0.0,0.0,0.0,0.0,0
1703739035936239682,2757,1703739035934171915,045035.90,4,0,31.8325941923,118.714159542,173.6749,0.0,0.0,0.0,0.0,0.0,0.0,0.0,0.0,0.0,0
1703739036029951104,2758,1703739036029334068,045036.00,4,0,31.8325942752,118.714160182,173.6728,0.0,0.0,0.0,0.0,0.0,0.0,0.0,0.0,0.0,0
1703739036135469710,2759,1703739036133811950,045036.10,4,0,31.8325943583,118.714160745,173.6713,0.0,0.0,0.0,0.0,0.0,0.0,0.0,0.0,0.0,0
1703739036237756041,2760,1703739036236573934,045036.20,4,0,31.8325944667,118.714161279,173.6662,0.0,0.0,0.0,0.0,0.0,0.0,0.0,0.0,0.0,0
1703739036332937050,2761,1703739036332529067,045036.30,4,0,31.8325945298,118.714161737,173.6665,0.0,0.0,0.0,0.0,0.0,0.0,0.0,0.0,0.0,0
1703739036430705509,2762,1703739036429827928,045036.40,4,0,31.8325946047,118.714162158,173.6662,0.0,0.0,0.0,0.0,0.0,0.0,0.0,0.0,0.0,0
1703739036534388536,2763,1703739036533725023,045036.50,4,0,31.8325946817,118.714162523,173.6616,0.0,0.0,0.0,0.0,0.0,0.0,0.0,0.0,0.0,0
1703739036664928202,2764,1703739036664390087,045036.60,4,0,31.8325947405,118.714162847,173.659,0.0,0.0,0.0,0.0,0.0,0.0,0.0,0.0,0.0,0
1703739036733897303,2765,1703739036733385086,045036.70,4,0,31.8325947777,118.714163114,173.6597,0.0,0.0,0.0,0.0,0.0,0.0,0.0,0.0,0.0,0
1703739036830397932,2766,1703739036829794883,045036.80,4,0,31.8325948378,118.714163367,173.6568,0.0,0.0,0.0,0.0,0.0,0.0,0.0,0.0,0.0,0
1703739036934819492,2767,1703739036932980060,045036.90,4,0,31.8325948682,118.714163583,173.6476,0.0,0.0,0.0,0.0,0.0,0.0,0.0,0.0,0.0,0
1703739037030038944,2768,1703739037029445886,045037.00,4,0,31.8325949223,118.714163757,173.6465,0.0,0.0,0.0,0.0,0.0,0.0,0.0,0.0,0.0,0
1703739037133330512,2769,1703739037132858991,045037.10,4,0,31.8325949565,118.71416393,173.6454,0.0,0.0,0.0,0.0,0.0,0.0,0.0,0.0,0.0,0
1703739037236750997,2770,1703739037235265970,045037.20,4,0,31.8325949848,118.714164062,173.6443,0.0,0.0,0.0,0.0,0.0,0.0,0.0,0.0,0.0,0
1703739037333844935,2771,1703739037332093954,045037.30,4,0,31.832594976,118.714164198,173.6492,0.0,0.0,0.0,0.0,0.0,0.0,0.0,0.0,0.0,0
1703739037434174114,2772,1703739037428961038,045037.40,4,0,31.8325950012,118.714164323,173.647,0.0,0.0,0.0,0.0,0.0,0.0,0.0,0.0,0.0,0
1703739037533274591,2773,1703739037532522916,045037.50,4,0,31.832595026,118.714164419,173.6465,0.0,0.0,0.0,0.0,0.0,0.0,0.0,0.0,0.0,0
1703739037631653298,2774,1703739037628740072,045037.60,4,0,31.832595033,118.714164492,173.6511,0.0,0.0,0.0,0.0,0.0,0.0,0.0,0.0,0.0,0
1703739037766744535,2775,1703739037764467000,045037.70,4,0,31.8325950307,118.714164549,173.6516,0.0,0.0,0.0,0.0,0.0,0.0,0.0,0.0,0.0,0
1703739037830807651,2776,1703739037828331947,045037.80,4,0,31.832595045,118.714164613,173.6475,0.0,0.0,0.0,0.0,0.0,0.0,0.0,0.0,0.0,0
1703739037933290126,2777,1703739037932668924,045037.90,4,0,31.8325950403,118.714164645,173.6507,0.0,0.0,0.0,0.0,0.0,0.0,0.0,0.0,0.0,0
1703739038029621080,2778,1703739038028780937,045038.00,4,0,31.8325950477,118.714164653,173.653,0.0,0.0,0.0,0.0,0.0,0.0,0.0,0.0,0.0,0
1703739038133704255,2779,1703739038132587909,045038.10,4,0,31.832595046,118.714164662,173.6473,0.0,0.0,0.0,0.0,0.0,0.0,0.0,0.0,0.0,0
1703739038238069668,2780,1703739038235632896,045038.20,4,0,31.832595023,118.714164639,173.6502,0.0,0.0,0.0,0.0,0.0,0.0,0.0,0.0,0.0,0
1703739038333463324,2781,1703739038331752061,045038.30,4,0,31.832594992,118.714164572,173.648,0.0,0.0,0.0,0.0,0.0,0.0,0.0,0.0,0.0,0
1703739038428827943,2782,1703739038427969932,045038.40,4,0,31.8325948917,118.714164456,173.6466,0.0,0.0,0.0,0.0,0.0,0.0,0.0,0.0,0.0,0
1703739038535144310,2783,1703739038532514095,045038.50,4,0,31.832594756,118.714164292,173.6534,0.0,0.0,0.0,0.0,0.0,0.0,0.0,0.0,0.0,0
1703739038629551065,2784,1703739038628412961,045038.60,4,0,31.8325945975,118.714164048,173.656,0.0,0.0,0.0,0.0,0.0,0.0,0.0,0.0,0.0,0
1703739038733206742,2785,1703739038732629060,045038.70,4,0,31.832594405,118.714163757,173.6532,0.0,0.0,0.0,0.0,0.0,0.0,0.0,0.0,0.0,0
1703739038860960268,2786,1703739038860349893,045038.80,4,0,31.832594248,118.714163427,173.6601,0.0,0.0,0.0,0.0,0.0,0.0,0.0,0.0,0.0,0
1703739038934160801,2787,1703739038933583974,045038.90,4,0,31.8325941038,118.714163093,173.6615,0.0,0.0,0.0,0.0,0.0,0.0,0.0,0.0,0.0,0
1703739039030296998,2788,1703739039028542041,045039.00,4,0,31.832594003,118.714162783,173.6597,0.0,0.0,0.0,0.0,0.0,0.0,0.0,0.0,0.0,0
1703739039135745701,2789,1703739039132746934,045039.10,4,0,31.8325939118,118.714162569,173.6599,0.0,0.0,0.0,0.0,0.0,0.0,0.0,0.0,0.0,0
1703739039236855301,2790,1703739039235230922,045039.20,4,0,31.8325938732,118.714162434,173.6592,0.0,0.0,0.0,0.0,0.0,0.0,0.0,0.0,0.0,0
1703739039331888099,2791,1703739039331240892,045039.30,4,0,31.8325938075,118.714162421,173.6685,0.0,0.0,0.0,0.0,0.0,0.0,0.0,0.0,0.0,0
1703739039427427391,2792,1703739039427161931,045039.40,4,0,31.8325937458,118.714162436,173.6778,0.0,0.0,0.0,0.0,0.0,0.0,0.0,0.0,0.0,0
1703739039532740991,2793,1703739039532166004,045039.50,4,0,31.8325937233,118.714162458,173.6862,0.0,0.0,0.0,0.0,0.0,0.0,0.0,0.0,0.0,0
1703739039631016750,2794,1703739039628612995,045039.60,4,0,31.8325936795,118.7141625,173.6801,0.0,0.0,0.0,0.0,0.0,0.0,0.0,0.0,0.0,0
1703739039736043034,2795,1703739039732930898,045039.70,4,0,31.8325936928,118.71416254,173.6702,0.0,0.0,0.0,0.0,0.0,0.0,0.0,0.0,0.0,0
1703739039831746816,2796,1703739039828237056,045039.80,4,0,31.8325936917,118.71416262,173.6549,0.0,0.0,0.0,0.0,0.0,0.0,0.0,0.0,0.0,0
1703739039957094340,2797,1703739039956406116,045039.90,4,0,31.8325937058,118.714162675,173.6305,0.0,0.0,0.0,0.0,0.0,0.0,0.0,0.0,0.0,0
1703739040030664388,2798,1703739040029609918,045040.00,4,0,31.832593738,118.714162739,173.5987,0.0,0.0,0.0,0.0,0.0,0.0,0.0,0.0,0.0,0
1703739040132805327,2799,1703739040132425069,045040.10,4,0,31.8325937493,118.714162802,173.5588,0.0,0.0,0.0,0.0,0.0,0.0,0.0,0.0,0.0,0
1703739040229731531,2800,1703739040229228019,045040.20,4,0,31.8325937615,118.714162823,173.5104,0.0,0.0,0.0,0.0,0.0,0.0,0.0,0.0,0.0,0
1703739040336421409,2801,1703739040333540916,045040.30,4,0,31.8325937972,118.714162861,173.4477,0.0,0.0,0.0,0.0,0.0,0.0,0.0,0.0,0.0,0
1703739040429770736,2802,1703739040429243087,045040.40,4,0,31.8325937758,118.714162892,173.3743,0.0,0.0,0.0,0.0,0.0,0.0,0.0,0.0,0.0,0
1703739040527112846,2803,1703739040526566028,045040.50,4,0,31.8325937982,118.714162942,173.2972,0.0,0.0,0.0,0.0,0.0,0.0,0.0,0.0,0.0,0
1703739040633029649,2804,1703739040631608963,045040.60,4,0,31.8325938092,118.714162995,173.2044,0.0,0.0,0.0,0.0,0.0,0.0,0.0,0.0,0.0,0
1703739040728652645,2805,1703739040728153944,045040.70,4,0,31.832593811,118.714163033,173.1031,0.0,0.0,0.0,0.0,0.0,0.0,0.0,0.0,0.0,0
1703739040832427059,2806,1703739040831928014,045040.80,4,0,31.8325938272,118.714163083,172.991,0.0,0.0,0.0,0.0,0.0,0.0,0.0,0.0,0.0,0
1703739040928781858,2807,1703739040928035020,045040.90,4,0,31.8325938338,118.714163137,172.8679,0.0,0.0,0.0,0.0,0.0,0.0,0.0,0.0,0.0,0
1703739041053053324,2808,1703739041052380084,045041.00,4,0,31.8325938538,118.714163186,172.7376,0.0,0.0,0.0,0.0,0.0,0.0,0.0,0.0,0.0,0
1703739041129189520,2809,1703739041128696918,045041.10,4,0,31.8325938525,118.714163221,172.5872,0.0,0.0,0.0,0.0,0.0,0.0,0.0,0.0,0.0,0
1703739041235507555,2810,1703739041234967947,045041.20,4,0,31.8325938685,118.71416325,172.435,0.0,0.0,0.0,0.0,0.0,0.0,0.0,0.0,0.0,0
1703739041332166356,2811,1703739041331547021,045041.30,4,0,31.8325938827,118.71416328,172.2697,0.0,0.0,0.0,0.0,0.0,0.0,0.0,0.0,0.0,0
1703739041429451942,2812,1703739041428478956,045041.40,4,0,31.8325939118,118.714163333,172.0922,0.0,0.0,0.0,0.0,0.0,0.0,0.0,0.0,0.0,0
1703739041533912776,2813,1703739041531908035,045041.50,4,0,31.8325939273,118.71416338,171.9028,0.0,0.0,0.0,0.0,0.0,0.0,0.0,0.0,0.0,0
1703739041629168678,2814,1703739041628020048,045041.60,4,0,31.8325939198,118.714163401,171.7094,0.0,0.0,0.0,0.0,0.0,0.0,0.0,0.0,0.0,0
1703739041735200674,2815,1703739041733480930,045041.70,4,0,31.8325939403,118.714163403,171.5093,0.0,0.0,0.0,0.0,0.0,0.0,0.0,0.0,0.0,0
1703739041828581482,2816,1703739041828183889,045041.80,4,0,31.8325939597,118.714163386,171.2972,0.0,0.0,0.0,0.0,0.0,0.0,0.0,0.0,0.0,0
1703739041935210610,2817,1703739041932132959,045041.90,4,0,31.8325939767,118.714163345,171.071,0.0,0.0,0.0,0.0,0.0,0.0,0.0,0.0,0.0,0
1703739042030241887,2818,1703739042028426885,045042.00,4,0,31.8325939968,118.71416332,170.8326,0.0,0.0,0.0,0.0,0.0,0.0,0.0,0.0,0.0,0
1703739042148747632,2819,1703739042148364067,045042.10,4,0,31.83259401,118.714163291,170.5861,0.0,0.0,0.0,0.0,0.0,0.0,0.0,0.0,0.0,0
1703739042229701314,2820,1703739042228259086,045042.20,4,0,31.8325940327,118.71416327,170.3323,0.0,0.0,0.0,0.0,0.0,0.0,0.0,0.0,0.0,0
1703739042334516526,2821,1703739042332739114,045042.30,4,0,31.8325940387,118.714163235,170.0823,0.0,0.0,0.0,0.0,0.0,0.0,0.0,0.0,0.0,0
1703739042432765828,2822,1703739042430068016,045042.40,4,0,31.8325940767,118.714163208,169.8165,0.0,0.0,0.0,0.0,0.0,0.0,0.0,0.0,0.0,0
1703739042526320556,2823,1703739042525913000,045042.50,4,0,31.8325941413,118.714163172,169.5373,0.0,0.0,0.0,0.0,0.0,0.0,0.0,0.0,0.0,0
1703739042632220226,2824,1703739042631767988,045042.60,4,0,31.832594175,118.714163097,169.249,0.0,0.0,0.0,0.0,0.0,0.0,0.0,0.0,0.0,0
1703739042728870446,2825,1703739042727967023,045042.70,4,0,31.832594277,118.714163004,168.9581,0.0,0.0,0.0,0.0,0.0,0.0,0.0,0.0,0.0,0
1703739042831523849,2826,1703739042830986976,045042.80,4,0,31.8325943537,118.714162911,168.6625,0.0,0.0,0.0,0.0,0.0,0.0,0.0,0.0,0.0,0
1703739042927327296,2827,1703739042926923990,045042.90,4,0,31.8325944727,118.714162782,168.3649,0.0,0.0,0.0,0.0,0.0,0.0,0.0,0.0,0.0,0
1703739043033038029,2828,1703739043032330036,045043.00,4,0,31.8325946125,118.714162628,168.0446,0.0,0.0,0.0,0.0,0.0,0.0,0.0,0.0,0.0,0
1703739043131896272,2829,1703739043128508090,045043.10,4,0,31.8325947402,118.714162506,167.7282,0.0,0.0,0.0,0.0,0.0,0.0,0.0,0.0,0.0,0
1703739043244704762,2830,1703739043244323968,045043.20,4,0,31.832594866,118.714162361,167.4113,0.0,0.0,0.0,0.0,0.0,0.0,0.0,0.0,0.0,0
1703739043332032221,2831,1703739043330487966,045043.30,4,0,31.8325949517,118.714162295,167.1058,0.0,0.0,0.0,0.0,0.0,0.0,0.0,0.0,0.0,0
1703739043426679308,2832,1703739043426331996,045043.40,4,0,31.8325950168,118.714162254,166.8095,0.0,0.0,0.0,0.0,0.0,0.0,0.0,0.0,0.0,0
1703739043532400548,2833,1703739043531829118,045043.50,4,0,31.8325950695,118.714162294,166.5161,0.0,0.0,0.0,0.0,0.0,0.0,0.0,0.0,0.0,0
1703739043630296373,2834,1703739043628839969,045043.60,4,0,31.8325951248,118.714162355,166.2117,0.0,0.0,0.0,0.0,0.0,0.0,0.0,0.0,0.0,0
1703739043734580266,2835,1703739043732836961,045043.70,4,0,31.8325951938,118.714162441,165.9025,0.0,0.0,0.0,0.0,0.0,0.0,0.0,0.0,0.0,0
1703739043829731559,2836,1703739043829227924,045043.80,4,0,31.832595232,118.714162488,165.6031,0.0,0.0,0.0,0.0,0.0,0.0,0.0,0.0,0.0,0
1703739043935682769,2837,1703739043933520078,045043.90,4,0,31.832595287,118.714162517,165.303,0.0,0.0,0.0,0.0,0.0,0.0,0.0,0.0,0.0,0
1703739044029394673,2838,1703739044028624057,045044.00,4,0,31.8325953207,118.714162513,165.0014,0.0,0.0,0.0,0.0,0.0,0.0,0.0,0.0,0.0,0
1703739044135436369,2839,1703739044133188962,045044.10,4,0,31.8325953552,118.714162482,164.6943,0.0,0.0,0.0,0.0,0.0,0.0,0.0,0.0,0.0,0
1703739044316977040,2840,1703739044316306114,045044.20,4,0,31.8325954165,118.714162405,164.3914,0.0,0.0,0.0,0.0,0.0,0.0,0.0,0.0,0.0,0
1703739044332881493,2841,1703739044332416057,045044.30,4,0,31.8325954653,118.714162319,164.089,0.0,0.0,0.0,0.0,0.0,0.0,0.0,0.0,0.0,0
1703739044430173281,2842,1703739044429510116,045044.40,4,0,31.8325955315,118.714162225,163.7861,0.0,0.0,0.0,0.0,0.0,0.0,0.0,0.0,0.0,0
1703739044526380917,2843,1703739044525424003,045044.50,4,0,31.8325956273,118.714162121,163.4822,0.0,0.0,0.0,0.0,0.0,0.0,0.0,0.0,0.0,0
1703739044635444367,2844,1703739044631643056,045044.60,4,0,31.8325956738,118.714162042,163.177,0.0,0.0,0.0,0.0,0.0,0.0,0.0,0.0,0.0,0
1703739044730396126,2845,1703739044728739023,045044.70,4,0,31.8325957163,118.714161977,162.8738,0.0,0.0,0.0,0.0,0.0,0.0,0.0,0.0,0.0,0
1703739044833800976,2846,1703739044832470893,045044.80,4,0,31.8325957303,118.714161927,162.5792,0.0,0.0,0.0,0.0,0.0,0.0,0.0,0.0,0.0,0
1703739044930095766,2847,1703739044929280996,045044.90,4,0,31.8325957182,118.714161874,162.2798,0.0,0.0,0.0,0.0,0.0,0.0,0.0,0.0,0.0,0
1703739045027492970,2848,1703739045026364088,045045.00,4,0,31.832595727,118.714161863,161.9748,0.0,0.0,0.0,0.0,0.0,0.0,0.0,0.0,0.0,0
1703739045133143236,2849,1703739045132534980,045045.10,4,0,31.8325957138,118.714161853,161.6557,0.0,0.0,0.0,0.0,0.0,0.0,0.0,0.0,0.0,0
1703739045235253338,2850,1703739045234797000,045045.20,4,0,31.832595686,118.714161821,161.3497,0.0,0.0,0.0,0.0,0.0,0.0,0.0,0.0,0.0,0
1703739045408899528,2851,1703739045408283948,045045.30,4,0,31.8325956108,118.714161761,161.0539,0.0,0.0,0.0,0.0,0.0,0.0,0.0,0.0,0.0,0
1703739045430099426,2852,1703739045427941083,045045.40,4,0,31.8325955203,118.714161724,160.7647,0.0,0.0,0.0,0.0,0.0,0.0,0.0,0.0,0.0,0
1703739045533158832,2853,1703739045532268047,045045.50,4,0,31.832595427,118.714161719,160.4687,0.0,0.0,0.0,0.0,0.0,0.0,0.0,0.0,0.0,0
1703739045630071527,2854,1703739045628777980,045045.60,4,0,31.8325953427,118.71416176,160.1738,0.0,0.0,0.0,0.0,0.0,0.0,0.0,0.0,0.0,0
1703739045734290489,2855,1703739045733364105,045045.70,4,0,31.8325952427,118.714161807,159.8776,0.0,0.0,0.0,0.0,0.0,0.0,0.0,0.0,0.0,0
1703739045832883357,2856,1703739045829884052,045045.80,4,0,31.8325951948,118.714161883,159.5782,0.0,0.0,0.0,0.0,0.0,0.0,0.0,0.0,0.0,0
1703739045933410904,2857,1703739045932782888,045045.90,4,0,31.8325951365,118.714162001,159.2888,0.0,0.0,0.0,0.0,0.0,0.0,0.0,0.0,0.0,0
1703739046029862732,2858,1703739046029249906,045046.00,4,0,31.832595074,118.71416207,158.9922,0.0,0.0,0.0,0.0,0.0,0.0,0.0,0.0,0.0,0
1703739046135345299,2859,1703739046132647991,045046.10,4,0,31.8325950205,118.714162107,158.7033,0.0,0.0,0.0,0.0,0.0,0.0,0.0,0.0,0.0,0
1703739046237102438,2860,1703739046235254049,045046.20,4,0,31.8325949672,118.714162092,158.3947,0.0,0.0,0.0,0.0,0.0,0.0,0.0,0.0,0.0,0
1703739046333326328,2861,1703739046331383943,045046.30,4,0,31.8325949098,118.714162033,158.0824,0.0,0.0,0.0,0.0,0.0,0.0,0.0,0.0,0.0,0
1703739046501095028,2862,1703739046500368118,045046.40,4,0,31.8325948352,118.714161996,157.7766,0.0,0.0,0.0,0.0,0.0,0.0,0.0,0.0,0.0,0
1703739046532896845,2863,1703739046532270908,045046.50,4,0,31.8325947538,118.714161955,157.4845,0.0,0.0,0.0,0.0,0.0,0.0,0.0,0.0,0.0,0
1703739046632157004,2864,1703739046629266977,045046.60,4,0,31.83259468,118.714161947,157.1863,0.0,0.0,0.0,0.0,0.0,0.0,0.0,0.0,0.0,0
1703739046732933449,2865,1703739046732152938,045046.70,4,0,31.8325946247,118.714161938,156.8911,0.0,0.0,0.0,0.0,0.0,0.0,0.0,0.0,0.0,0
1703739046829338236,2866,1703739046828495025,045046.80,4,0,31.8325945842,118.714161972,156.5955,0.0,0.0,0.0,0.0,0.0,0.0,0.0,0.0,0.0,0
1703739046934477783,2867,1703739046932502031,045046.90,4,0,31.8325945855,118.714161953,156.2917,0.0,0.0,0.0,0.0,0.0,0.0,0.0,0.0,0.0,0
1703739047030852466,2868,1703739047028666973,045047.00,4,0,31.8325946205,118.714161921,155.9768,0.0,0.0,0.0,0.0,0.0,0.0,0.0,0.0,0.0,0
1703739047133695511,2869,1703739047132801055,045047.10,4,0,31.832594666,118.714161851,155.6686,0.0,0.0,0.0,0.0,0.0,0.0,0.0,0.0,0.0,0
1703739047237948483,2870,1703739047236458063,045047.20,4,0,31.8325946768,118.714161743,155.3596,0.0,0.0,0.0,0.0,0.0,0.0,0.0,0.0,0.0,0
1703739047332478253,2871,1703739047331753969,045047.30,4,0,31.8325946927,118.71416165,155.0728,0.0,0.0,0.0,0.0,0.0,0.0,0.0,0.0,0.0,0
1703739047429530337,2872,1703739047428261041,045047.40,4,0,31.8325947075,118.714161605,154.7793,0.0,0.0,0.0,0.0,0.0,0.0,0.0,0.0,0.0,0
1703739047593730960,2873,1703739047592952013,045047.50,4,0,31.8325947445,118.71416164,154.4816,0.0,0.0,0.0,0.0,0.0,0.0,0.0,0.0,0.0,0
1703739047628269672,2874,1703739047627701997,045047.60,4,0,31.832594786,118.714161692,154.1786,0.0,0.0,0.0,0.0,0.0,0.0,0.0,0.0,0.0,0
1703739047734671656,2875,1703739047733022928,045047.70,4,0,31.8325948042,118.71416177,153.8779,0.0,0.0,0.0,0.0,0.0,0.0,0.0,0.0,0.0,0
1703739047830161228,2876,1703739047828784942,045047.80,4,0,31.8325948115,118.714161864,153.5726,0.0,0.0,0.0,0.0,0.0,0.0,0.0,0.0,0.0,0
1703739047933946432,2877,1703739047932912111,045047.90,4,0,31.8325947875,118.714161961,153.2817,0.0,0.0,0.0,0.0,0.0,0.0,0.0,0.0,0.0,0
1703739048032969546,2878,1703739048029403924,045048.00,4,0,31.8325947647,118.71416205,152.9986,0.0,0.0,0.0,0.0,0.0,0.0,0.0,0.0,0.0,0
1703739048134408288,2879,1703739048133472919,045048.10,4,0,31.8325947348,118.714162104,152.6952,0.0,0.0,0.0,0.0,0.0,0.0,0.0,0.0,0.0,0
1703739048230663567,2880,1703739048229592084,045048.20,4,0,31.8325947168,118.714162175,152.3942,0.0,0.0,0.0,0.0,0.0,0.0,0.0,0.0,0.0,0
1703739048336034540,2881,1703739048335244894,045048.30,4,0,31.8325946938,118.714162245,152.0751,0.0,0.0,0.0,0.0,0.0,0.0,0.0,0.0,0.0,0
1703739048432792337,2882,1703739048432147979,045048.40,4,0,31.8325947095,118.714162311,151.7679,0.0,0.0,0.0,0.0,0.0,0.0,0.0,0.0,0.0,0
1703739048528241055,2883,1703739048527637004,045048.50,4,0,31.8325947608,118.714162379,151.454,0.0,0.0,0.0,0.0,0.0,0.0,0.0,0.0,0.0,0
1703739048685304127,2884,1703739048684422016,045048.60,4,0,31.8325948128,118.714162476,151.143,0.0,0.0,0.0,0.0,0.0,0.0,0.0,0.0,0.0,0
1703739048733221124,2885,1703739048727977991,045048.70,4,0,31.8325948478,118.714162579,150.8316,0.0,0.0,0.0,0.0,0.0,0.0,0.0,0.0,0.0,0
1703739048834758765,2886,1703739048832051038,045048.80,4,0,31.8325948682,118.714162649,150.5285,0.0,0.0,0.0,0.0,0.0,0.0,0.0,0.0,0.0,0
1703739048931564639,2887,1703739048929349899,045048.90,4,0,31.8325948323,118.71416269,150.237,0.0,0.0,0.0,0.0,0.0,0.0,0.0,0.0,0.0,0
1703739049033307689,2888,1703739049032903909,045049.00,4,0,31.8325947498,118.714162681,149.9511,0.0,0.0,0.0,0.0,0.0,0.0,0.0,0.0,0.0,0
1703739049131225192,2889,1703739049129755973,045049.10,4,0,31.832594702,118.714162679,149.6637,0.0,0.0,0.0,0.0,0.0,0.0,0.0,0.0,0.0,0
1703739049235086814,2890,1703739049234684944,045049.20,4,0,31.832594648,118.714162655,149.3517,0.0,0.0,0.0,0.0,0.0,0.0,0.0,0.0,0.0,0
1703739049333844774,2891,1703739049331403970,045049.30,4,0,31.8325946283,118.714162595,149.0521,0.0,0.0,0.0,0.0,0.0,0.0,0.0,0.0,0.0,0
1703739049428734128,2892,1703739049427681922,045049.40,4,0,31.8325946055,118.714162497,148.7385,0.0,0.0,0.0,0.0,0.0,0.0,0.0,0.0,0.0,0
1703739049532780188,2893,1703739049531718969,045049.50,4,0,31.8325945672,118.714162435,148.4446,0.0,0.0,0.0,0.0,0.0,0.0,0.0,0.0,0.0,0
1703739049627694509,2894,1703739049627475976,045049.60,4,0,31.8325945402,118.714162327,148.1462,0.0,0.0,0.0,0.0,0.0,0.0,0.0,0.0,0.0,0
1703739049777144894,2895,1703739049776258945,045049.70,4,0,31.832594514,118.71416228,147.8506,0.0,0.0,0.0,0.0,0.0,0.0,0.0,0.0,0.0,0
1703739049828958688,2896,1703739049828691005,045049.80,4,0,31.8325944983,118.714162211,147.5496,0.0,0.0,0.0,0.0,0.0,0.0,0.0,0.0,0.0,0
1703739049933341480,2897,1703739049932512044,045049.90,4,0,31.8325944895,118.71416219,147.2513,0.0,0.0,0.0,0.0,0.0,0.0,0.0,0.0,0.0,0
1703739050029358984,2898,1703739050028822898,045050.00,4,0,31.8325944668,118.714162174,146.9588,0.0,0.0,0.0,0.0,0.0,0.0,0.0,0.0,0.0,0
1703739050132972329,2899,1703739050132404088,045050.10,4,0,31.8325944615,118.714162235,146.6682,0.0,0.0,0.0,0.0,0.0,0.0,0.0,0.0,0.0,0
1703739050235561538,2900,1703739050234886884,045050.20,4,0,31.8325944397,118.714162264,146.3748,0.0,0.0,0.0,0.0,0.0,0.0,0.0,0.0,0.0,0
1703739050333099974,2901,1703739050331248044,045050.30,4,0,31.832594408,118.714162287,146.0699,0.0,0.0,0.0,0.0,0.0,0.0,0.0,0.0,0.0,0
1703739050429531410,2902,1703739050428679943,045050.40,4,0,31.8325943657,118.714162278,145.7668,0.0,0.0,0.0,0.0,0.0,0.0,0.0,0.0,0.0,0
1703739050531911259,2903,1703739050531464099,045050.50,4,0,31.8325943382,118.714162244,145.4676,0.0,0.0,0.0,0.0,0.0,0.0,0.0,0.0,0.0,0
1703739050628597601,2904,1703739050627878904,045050.60,4,0,31.8325943162,118.714162242,145.1752,0.0,0.0,0.0,0.0,0.0,0.0,0.0,0.0,0.0,0
1703739050734196857,2905,1703739050732394933,045050.70,4,0,31.8325942852,118.714162191,144.8728,0.0,0.0,0.0,0.0,0.0,0.0,0.0,0.0,0.0,0
1703739050871349063,2906,1703739050868809938,045050.80,4,0,31.8325942408,118.714162194,144.5675,0.0,0.0,0.0,0.0,0.0,0.0,0.0,0.0,0.0,0
1703739050933283929,2907,1703739050932291984,045050.90,4,0,31.8325942158,118.714162231,144.2693,0.0,0.0,0.0,0.0,0.0,0.0,0.0,0.0,0.0,0
1703739051031744581,2908,1703739051029272079,045051.00,4,0,31.8325942082,118.714162312,143.9662,0.0,0.0,0.0,0.0,0.0,0.0,0.0,0.0,0.0,0
1703739051135643459,2909,1703739051132694959,045051.10,4,0,31.8325942092,118.714162389,143.6607,0.0,0.0,0.0,0.0,0.0,0.0,0.0,0.0,0.0,0
1703739051235244859,2910,1703739051234688043,045051.20,4,0,31.8325941992,118.7141625,143.3577,0.0,0.0,0.0,0.0,0.0,0.0,0.0,0.0,0.0,0
1703739051331848487,2911,1703739051331161022,045051.30,4,0,31.8325941463,118.714162614,143.0628,0.0,0.0,0.0,0.0,0.0,0.0,0.0,0.0,0.0,0
1703739051430275881,2912,1703739051427933931,045051.40,4,0,31.8325941307,118.714162768,142.7617,0.0,0.0,0.0,0.0,0.0,0.0,0.0,0.0,0.0,0
1703739051534279762,2913,1703739051531577110,045051.50,4,0,31.8325941307,118.714162947,142.4584,0.0,0.0,0.0,0.0,0.0,0.0,0.0,0.0,0.0,0
1703739051628816982,2914,1703739051628161907,045051.60,4,0,31.8325941078,118.714163055,142.1577,0.0,0.0,0.0,0.0,0.0,0.0,0.0,0.0,0.0,0
1703739051734263124,2915,1703739051732189893,045051.70,4,0,31.8325941057,118.714163123,141.8605,0.0,0.0,0.0,0.0,0.0,0.0,0.0,0.0,0.0,0
1703739051829468646,2916,1703739051828829050,045051.80,4,0,31.8325941143,118.714163154,141.5738,0.0,0.0,0.0,0.0,0.0,0.0,0.0,0.0,0.0,0
1703739051965388859,2917,1703739051964459896,045051.90,4,0,31.8325941383,118.714163174,141.2843,0.0,0.0,0.0,0.0,0.0,0.0,0.0,0.0,0.0,0
1703739052028635373,2918,1703739052028126955,045052.00,4,0,31.8325941997,118.714163221,140.9847,0.0,0.0,0.0,0.0,0.0,0.0,0.0,0.0,0.0,0
1703739052134549606,2919,1703739052132293939,045052.10,4,0,31.8325942627,118.714163269,140.6814,0.0,0.0,0.0,0.0,0.0,0.0,0.0,0.0,0.0,0
1703739052229967818,2920,1703739052229212045,045052.20,4,0,31.8325943377,118.714163353,140.3823,0.0,0.0,0.0,0.0,0.0,0.0,0.0,0.0,0.0,0
1703739052334221561,2921,1703739052332865953,045052.30,4,0,31.8325944237,118.714163448,140.0806,0.0,0.0,0.0,0.0,0.0,0.0,0.0,0.0,0.0,0
1703739052429563971,2922,1703739052428961992,045052.40,4,0,31.8325945007,118.714163531,139.7852,0.0,0.0,0.0,0.0,0.0,0.0,0.0,0.0,0.0,0
1703739052526378677,2923,1703739052525768995,045052.50,4,0,31.8325945623,118.714163617,139.4868,0.0,0.0,0.0,0.0,0.0,0.0,0.0,0.0,0.0,0
1703739052631850342,2924,1703739052631315946,045052.60,4,0,31.8325945967,118.714163688,139.1894,0.0,0.0,0.0,0.0,0.0,0.0,0.0,0.0,0.0,0
1703739052728397794,2925,1703739052727797031,045052.70,4,0,31.8325946108,118.714163778,138.8859,0.0,0.0,0.0,0.0,0.0,0.0,0.0,0.0,0.0,0
1703739052834302565,2926,1703739052832257032,045052.80,4,0,31.8325946213,118.714163866,138.5946,0.0,0.0,0.0,0.0,0.0,0.0,0.0,0.0,0.0,0
1703739052929207767,2927,1703739052928632020,045052.90,4,0,31.8325945848,118.714163884,138.2996,0.0,0.0,0.0,0.0,0.0,0.0,0.0,0.0,0.0,0
1703739053061385369,2928,1703739053060405015,045053.00,4,0,31.8325945308,118.714163886,138.0036,0.0,0.0,0.0,0.0,0.0,0.0,0.0,0.0,0.0,0
1703739053130771469,2929,1703739053128684043,045053.10,4,0,31.8325944707,118.71416383,137.7085,0.0,0.0,0.0,0.0,0.0,0.0,0.0,0.0,0.0,0
1703739053235496579,2930,1703739053235168933,045053.20,4,0,31.8325944363,118.714163782,137.4105,0.0,0.0,0.0,0.0,0.0,0.0,0.0,0.0,0.0,0
1703739053331837999,2931,1703739053331284999,045053.30,4,0,31.832594393,118.714163673,137.1045,0.0,0.0,0.0,0.0,0.0,0.0,0.0,0.0,0.0,0
1703739053430607420,2932,1703739053428534030,045053.40,4,0,31.8325943533,118.714163495,136.7945,0.0,0.0,0.0,0.0,0.0,0.0,0.0,0.0,0.0,0
1703739053532560470,2933,1703739053531686067,045053.50,4,0,31.8325943282,118.714163301,136.479,0.0,0.0,0.0,0.0,0.0,0.0,0.0,0.0,0.0,0
1703739053628513894,2934,1703739053627818107,045053.60,4,0,31.8325942987,118.714163058,136.169,0.0,0.0,0.0,0.0,0.0,0.0,0.0,0.0,0.0,0
1703739053734111657,2935,1703739053732379913,045053.70,4,0,31.8325942708,118.714162793,135.8588,0.0,0.0,0.0,0.0,0.0,0.0,0.0,0.0,0.0,0
1703739053832326686,2936,1703739053829682111,045053.80,4,0,31.8325942195,118.71416253,135.5457,0.0,0.0,0.0,0.0,0.0,0.0,0.0,0.0,0.0,0
1703739053933837613,2937,1703739053933315992,045053.90,4,0,31.8325941497,118.714162275,135.2423,0.0,0.0,0.0,0.0,0.0,0.0,0.0,0.0,0.0,0
1703739054028796531,2938,1703739054028206110,045054.00,4,0,31.8325941022,118.714162059,134.9495,0.0,0.0,0.0,0.0,0.0,0.0,0.0,0.0,0.0,0
1703739054153122476,2939,1703739054152328014,045054.10,4,0,31.8325940563,118.714161914,134.648,0.0,0.0,0.0,0.0,0.0,0.0,0.0,0.0,0.0,0
1703739054235029068,2940,1703739054234566926,045054.20,4,0,31.8325939983,118.714161799,134.3396,0.0,0.0,0.0,0.0,0.0,0.0,0.0,0.0,0.0,0
1703739054333669874,2941,1703739054330794095,045054.30,4,0,31.8325939177,118.714161749,134.0403,0.0,0.0,0.0,0.0,0.0,0.0,0.0,0.0,0.0,0
1703739054428744678,2942,1703739054428144931,045054.40,4,0,31.8325938238,118.714161743,133.7584,0.0,0.0,0.0,0.0,0.0,0.0,0.0,0.0,0.0,0
1703739054532963009,2943,1703739054531955957,045054.50,4,0,31.8325937507,118.714161733,133.4633,0.0,0.0,0.0,0.0,0.0,0.0,0.0,0.0,0.0,0
1703739054629149580,2944,1703739054628292083,045054.60,4,0,31.832593697,118.714161795,133.1629,0.0,0.0,0.0,0.0,0.0,0.0,0.0,0.0,0.0,0
1703739054732830470,2945,1703739054732150077,045054.70,4,0,31.8325936322,118.714161861,132.8653,0.0,0.0,0.0,0.0,0.0,0.0,0.0,0.0,0.0,0
1703739054831848899,2946,1703739054828205108,045054.80,4,0,31.8325935957,118.714161938,132.5762,0.0,0.0,0.0,0.0,0.0,0.0,0.0,0.0,0.0,0
1703739054935134346,2947,1703739054932909965,045054.90,4,0,31.832593563,118.714162032,132.29,0.0,0.0,0.0,0.0,0.0,0.0,0.0,0.0,0.0,0
1703739055030855462,2948,1703739055028911113,045055.00,4,0,31.8325935678,118.714162089,131.9859,0.0,0.0,0.0,0.0,0.0,0.0,0.0,0.0,0.0,0
1703739055132557324,2949,1703739055132028102,045055.10,4,0,31.8325935758,118.714162163,131.682,0.0,0.0,0.0,0.0,0.0,0.0,0.0,0.0,0.0,0
1703739055245363390,2950,1703739055244235992,045055.20,4,0,31.8325936117,118.714162251,131.3762,0.0,0.0,0.0,0.0,0.0,0.0,0.0,0.0,0.0,0
1703739055336175078,2951,1703739055332480907,045055.30,4,0,31.8325936432,118.714162318,131.0828,0.0,0.0,0.0,0.0,0.0,0.0,0.0,0.0,0.0,0
1703739055430797511,2952,1703739055428766012,045055.40,4,0,31.8325936535,118.714162381,130.7869,0.0,0.0,0.0,0.0,0.0,0.0,0.0,0.0,0.0,0
1703739055526094002,2953,1703739055525742053,045055.50,4,0,31.8325936623,118.714162406,130.4852,0.0,0.0,0.0,0.0,0.0,0.0,0.0,0.0,0.0,0
1703739055637153388,2954,1703739055631803989,045055.60,4,0,31.8325936847,118.714162439,130.1821,0.0,0.0,0.0,0.0,0.0,0.0,0.0,0.0,0.0,0
1703739055730489506,2955,1703739055728024959,045055.70,4,0,31.8325936888,118.714162483,129.8683,0.0,0.0,0.0,0.0,0.0,0.0,0.0,0.0,0.0,0
1703739055831227361,2956,1703739055830691099,045055.80,4,0,31.8325937168,118.714162567,129.5461,0.0,0.0,0.0,0.0,0.0,0.0,0.0,0.0,0.0,0
1703739055929586685,2957,1703739055927593946,045055.90,4,0,31.832593735,118.714162671,129.2292,0.0,0.0,0.0,0.0,0.0,0.0,0.0,0.0,0.0,0
1703739056031016584,2958,1703739056030452013,045056.00,4,0,31.8325937753,118.714162743,128.9178,0.0,0.0,0.0,0.0,0.0,0.0,0.0,0.0,0.0,0
1703739056129264423,2959,1703739056127367973,045056.10,4,0,31.8325937855,118.714162799,128.6176,0.0,0.0,0.0,0.0,0.0,0.0,0.0,0.0,0.0,0
1703739056236469341,2960,1703739056234919071,045056.20,4,0,31.8325937972,118.714162749,128.3206,0.0,0.0,0.0,0.0,0.0,0.0,0.0,0.0,0.0,0
1703739056341382634,2961,1703739056340329885,045056.30,4,0,31.8325938215,118.71416273,128.013,0.0,0.0,0.0,0.0,0.0,0.0,0.0,0.0,0.0,0
1703739056429015208,2962,1703739056428658962,045056.40,4,0,31.8325938865,118.714162742,127.708,0.0,0.0,0.0,0.0,0.0,0.0,0.0,0.0,0.0,0
1703739056532829693,2963,1703739056532149076,045056.50,4,0,31.8325939997,118.714162792,127.4175,0.0,0.0,0.0,0.0,0.0,0.0,0.0,0.0,0.0,0
1703739056630559798,2964,1703739056628844976,045056.60,4,0,31.832594098,118.714162835,127.1205,0.0,0.0,0.0,0.0,0.0,0.0,0.0,0.0,0.0,0
1703739056732131148,2965,1703739056731542110,045056.70,4,0,31.8325942442,118.714162889,126.8266,0.0,0.0,0.0,0.0,0.0,0.0,0.0,0.0,0.0,0
1703739056832198849,2966,1703739056828752040,045056.80,4,0,31.832594405,118.71416289,126.5196,0.0,0.0,0.0,0.0,0.0,0.0,0.0,0.0,0.0,0
1703739056934781660,2967,1703739056933295965,045056.90,4,0,31.8325945652,118.714162891,126.2252,0.0,0.0,0.0,0.0,0.0,0.0,0.0,0.0,0.0,0
1703739057028814393,2968,1703739057028017044,045057.00,4,0,31.8325947347,118.714162898,125.9279,0.0,0.0,0.0,0.0,0.0,0.0,0.0,0.0,0.0,0
1703739057135433570,2969,1703739057132980108,045057.10,4,0,31.8325948965,118.714162956,125.6283,0.0,0.0,0.0,0.0,0.0,0.0,0.0,0.0,0.0,0
1703739057230210962,2970,1703739057229351043,045057.20,4,0,31.8325950468,118.714163074,125.3276,0.0,0.0,0.0,0.0,0.0,0.0,0.0,0.0,0.0,0
1703739057421054742,2971,1703739057420411109,045057.30,4,0,31.8325951902,118.714163196,125.0339,0.0,0.0,0.0,0.0,0.0,0.0,0.0,0.0,0.0,0
1703739057430093469,2972,1703739057428745031,045057.40,4,0,31.832595312,118.714163329,124.7316,0.0,0.0,0.0,0.0,0.0,0.0,0.0,0.0,0.0,0
1703739057527263847,2973,1703739057526516914,045057.50,4,0,31.8325953693,118.714163403,124.4339,0.0,0.0,0.0,0.0,0.0,0.0,0.0,0.0,0.0,0
1703739057631172684,2974,1703739057630661010,045057.60,4,0,31.8325953977,118.714163404,124.1217,0.0,0.0,0.0,0.0,0.0,0.0,0.0,0.0,0.0,0
1703739057728350060,2975,1703739057727225065,045057.70,4,0,31.8325953763,118.714163368,123.8092,0.0,0.0,0.0,0.0,0.0,0.0,0.0,0.0,0.0,0
1703739057831402440,2976,1703739057830926895,045057.80,4,0,31.8325953005,118.714163251,123.5098,0.0,0.0,0.0,0.0,0.0,0.0,0.0,0.0,0.0,0
1703739057929698411,2977,1703739057928328037,045057.90,4,0,31.8325952025,118.714163164,123.213,0.0,0.0,0.0,0.0,0.0,0.0,0.0,0.0,0.0,0
1703739058032227512,2978,1703739058031713008,045058.00,4,0,31.832595095,118.714163086,122.9081,0.0,0.0,0.0,0.0,0.0,0.0,0.0,0.0,0.0,0
1703739058128852834,2979,1703739058128197908,045058.10,4,0,31.8325950032,118.714163025,122.602,0.0,0.0,0.0,0.0,0.0,0.0,0.0,0.0,0.0,0
1703739058234492125,2980,1703739058232585906,045058.20,4,0,31.8325949238,118.714162992,122.2849,0.0,0.0,0.0,0.0,0.0,0.0,0.0,0.0,0.0,0
1703739058331090018,2981,1703739058329874992,045058.30,4,0,31.8325948515,118.71416302,121.9781,0.0,0.0,0.0,0.0,0.0,0.0,0.0,0.0,0.0,0
1703739058517153216,2982,1703739058516324996,045058.40,4,0,31.832594761,118.714163079,121.6943,0.0,0.0,0.0,0.0,0.0,0.0,0.0,0.0,0.0,0
1703739058533578606,2983,1703739058532000064,045058.50,4,0,31.8325946555,118.71416314,121.4106,0.0,0.0,0.0,0.0,0.0,0.0,0.0,0.0,0.0,0
1703739058628857669,2984,1703739058628199100,045058.60,4,0,31.8325945748,118.71416321,121.1227,0.0,0.0,0.0,0.0,0.0,0.0,0.0,0.0,0.0,0
1703739058733309238,2985,1703739058732703924,045058.70,4,0,31.8325945052,118.71416325,120.8287,0.0,0.0,0.0,0.0,0.0,0.0,0.0,0.0,0.0,0
1703739058830241319,2986,1703739058827421903,045058.80,4,0,31.8325944362,118.714163272,120.5296,0.0,0.0,0.0,0.0,0.0,0.0,0.0,0.0,0.0,0
1703739058935771452,2987,1703739058932493925,045058.90,4,0,31.8325943653,118.714163273,120.2351,0.0,0.0,0.0,0.0,0.0,0.0,0.0,0.0,0.0,0
1703739059029240149,2988,1703739059028233051,045059.00,4,0,31.8325942888,118.714163314,119.944,0.0,0.0,0.0,0.0,0.0,0.0,0.0,0.0,0.0,0
1703739059133146811,2989,1703739059131561040,045059.10,4,0,31.832594209,118.71416332,119.6477,0.0,0.0,0.0,0.0,0.0,0.0,0.0,0.0,0.0,0
1703739059237363265,2990,1703739059235449075,045059.20,4,0,31.8325941355,118.714163367,119.3567,0.0,0.0,0.0,0.0,0.0,0.0,0.0,0.0,0.0,0
1703739059330889443,2991,1703739059330390930,045059.30,4,0,31.8325940763,118.714163413,119.0606,0.0,0.0,0.0,0.0,0.0,0.0,0.0,0.0,0.0,0
1703739059428277149,2992,1703739059427455902,045059.40,4,0,31.8325940318,118.714163451,118.7567,0.0,0.0,0.0,0.0,0.0,0.0,0.0,0.0,0.0,0
1703739059608617040,2993,1703739059608249902,045059.50,4,0,31.8325939797,118.714163489,118.4599,0.0,0.0,0.0,0.0,0.0,0.0,0.0,0.0,0.0,0
1703739059630124186,2994,1703739059628171920,045059.60,4,0,31.8325939457,118.714163523,118.1555,0.0,0.0,0.0,0.0,0.0,0.0,0.0,0.0,0.0,0
1703739059732781093,2995,1703739059732328891,045059.70,4,0,31.832593913,118.71416351,117.8611,0.0,0.0,0.0,0.0,0.0,0.0,0.0,0.0,0.0,0
1703739059830034805,2996,1703739059829085111,045059.80,4,0,31.8325938613,118.714163506,117.5636,0.0,0.0,0.0,0.0,0.0,0.0,0.0,0.0,0.0,0
1703739059933239877,2997,1703739059932643890,045059.90,4,0,31.8325938127,118.714163511,117.2609,0.0,0.0,0.0,0.0,0.0,0.0,0.0,0.0,0.0,0
1703739060028560559,2998,1703739060028179883,045100.00,4,0,31.8325937712,118.714163523,116.9576,0.0,0.0,0.0,0.0,0.0,0.0,0.0,0.0,0.0,0
1703739060133315731,2999,1703739060131711959,045100.10,4,0,31.832593745,118.71416351,116.6538,0.0,0.0,0.0,0.0,0.0,0.0,0.0,0.0,0.0,0
1703739060230471039,3000,1703739060229701042,045100.20,4,0,31.8325936967,118.714163492,116.3564,0.0,0.0,0.0,0.0,0.0,0.0,0.0,0.0,0.0,0
1703739060335400327,3001,1703739060333364009,045100.30,4,0,31.8325936432,118.714163484,116.0629,0.0,0.0,0.0,0.0,0.0,0.0,0.0,0.0,0.0,0
1703739060430070192,3002,1703739060429300069,045100.40,4,0,31.8325936103,118.714163452,115.7583,0.0,0.0,0.0,0.0,0.0,0.0,0.0,0.0,0.0,0
1703739060527108669,3003,1703739060526290893,045100.50,4,0,31.8325935588,118.714163424,115.4654,0.0,0.0,0.0,0.0,0.0,0.0,0.0,0.0,0.0,0
1703739060701085190,3004,1703739060700479030,045100.60,4,0,31.8325935495,118.714163365,115.157,0.0,0.0,0.0,0.0,0.0,0.0,0.0,0.0,0.0,0
1703739060732442614,3005,1703739060728971004,045100.70,4,0,31.832593544,118.714163321,114.8436,0.0,0.0,0.0,0.0,0.0,0.0,0.0,0.0,0.0,0
1703739060833500330,3006,1703739060832288026,045100.80,4,0,31.8325935318,118.714163287,114.5289,0.0,0.0,0.0,0.0,0.0,0.0,0.0,0.0,0.0,0
1703739060929182051,3007,1703739060928517103,045100.90,4,0,31.8325935082,118.714163278,114.2315,0.0,0.0,0.0,0.0,0.0,0.0,0.0,0.0,0.0,0
1703739061032288418,3008,1703739061031791925,045101.00,4,0,31.8325934773,118.714163278,113.9353,0.0,0.0,0.0,0.0,0.0,0.0,0.0,0.0,0.0,0
1703739061128670948,3009,1703739061128139972,045101.10,4,0,31.8325934305,118.714163272,113.6422,0.0,0.0,0.0,0.0,0.0,0.0,0.0,0.0,0.0,0
1703739061234849194,3010,1703739061234354972,045101.20,4,0,31.8325933882,118.714163289,113.3425,0.0,0.0,0.0,0.0,0.0,0.0,0.0,0.0,0.0,0
1703739061331777215,3011,1703739061330997943,045101.30,4,0,31.8325933398,118.714163333,113.0362,0.0,0.0,0.0,0.0,0.0,0.0,0.0,0.0,0.0,0
1703739061429188620,3012,1703739061428353071,045101.40,4,0,31.8325932735,118.714163394,112.7332,0.0,0.0,0.0,0.0,0.0,0.0,0.0,0.0,0.0,0
1703739061535358469,3013,1703739061532424926,045101.50,4,0,31.8325932538,118.714163464,112.4374,0.0,0.0,0.0,0.0,0.0,0.0,0.0,0.0,0.0,0
1703739061630126312,3014,1703739061628376007,045101.60,4,0,31.8325932223,118.714163537,112.1412,0.0,0.0,0.0,0.0,0.0,0.0,0.0,0.0,0.0,0
1703739061793568718,3015,1703739061792447090,045101.70,4,0,31.8325931603,118.714163577,111.8474,0.0,0.0,0.0,0.0,0.0,0.0,0.0,0.0,0.0,0
1703739061827126631,3016,1703739061826499938,045101.80,4,0,31.8325931403,118.714163585,111.5467,0.0,0.0,0.0,0.0,0.0,0.0,0.0,0.0,0.0,0
1703739061934816833,3017,1703739061932359933,045101.90,4,0,31.8325931267,118.714163542,111.2501,0.0,0.0,0.0,0.0,0.0,0.0,0.0,0.0,0.0,0
1703739062029280860,3018,1703739062028310060,045102.00,4,0,31.8325931598,118.71416351,110.9589,0.0,0.0,0.0,0.0,0.0,0.0,0.0,0.0,0.0,0
1703739062134188519,3019,1703739062133622884,045102.10,4,0,31.8325931845,118.714163457,110.6605,0.0,0.0,0.0,0.0,0.0,0.0,0.0,0.0,0.0,0
1703739062231692209,3020,1703739062230073928,045102.20,4,0,31.8325932473,118.714163366,110.3544,0.0,0.0,0.0,0.0,0.0,0.0,0.0,0.0,0.0,0
1703739062327823331,3021,1703739062327095031,045102.30,4,0,31.8325933173,118.714163309,110.0496,0.0,0.0,0.0,0.0,0.0,0.0,0.0,0.0,0.0,0
1703739062432303223,3022,1703739062431641101,045102.40,4,0,31.8325934647,118.71416322,109.7466,0.0,0.0,0.0,0.0,0.0,0.0,0.0,0.0,0.0,0
1703739062528833944,3023,1703739062527896881,045102.50,4,0,31.8325936277,118.714163127,109.4362,0.0,0.0,0.0,0.0,0.0,0.0,0.0,0.0,0.0,0
1703739062625459839,3024,1703739062624830007,045102.60,4,0,31.8325938393,118.714163014,109.1259,0.0,0.0,0.0,0.0,0.0,0.0,0.0,0.0,0.0,0
1703739062734399397,3025,1703739062731228113,045102.70,4,0,31.8325940183,118.714162856,108.8039,0.0,0.0,0.0,0.0,0.0,0.0,0.0,0.0,0.0,0
1703739062889020670,3026,1703739062888309955,045102.80,4,0,31.8325942303,118.714162676,108.4891,0.0,0.0,0.0,0.0,0.0,0.0,0.0,0.0,0.0,0
1703739062931450940,3027,1703739062930952072,045102.90,4,0,31.832594415,118.714162506,108.1695,0.0,0.0,0.0,0.0,0.0,0.0,0.0,0.0,0.0,0
1703739063028044256,3028,1703739063027410984,045103.00,4,0,31.8325946108,118.714162395,107.8537,0.0,0.0,0.0,0.0,0.0,0.0,0.0,0.0,0.0,0
1703739063131377091,3029,1703739063130918025,045103.10,4,0,31.832594777,118.714162295,107.5498,0.0,0.0,0.0,0.0,0.0,0.0,0.0,0.0,0.0,0
1703739063228832875,3030,1703739063228157997,045103.20,4,0,31.8325949043,118.714162214,107.2529,0.0,0.0,0.0,0.0,0.0,0.0,0.0,0.0,0.0,0
1703739063334793222,3031,1703739063333118915,045103.30,4,0,31.8325949983,118.714162184,106.9533,0.0,0.0,0.0,0.0,0.0,0.0,0.0,0.0,0.0,0
1703739063430093707,3032,1703739063428812026,045103.40,4,0,31.8325950603,118.714162187,106.6657,0.0,0.0,0.0,0.0,0.0,0.0,0.0,0.0,0.0,0
1703739063527676119,3033,1703739063526768922,045103.50,4,0,31.8325950938,118.714162273,106.3757,0.0,0.0,0.0,0.0,0.0,0.0,0.0,0.0,0.0,0
1703739063631973503,3034,1703739063630686044,045103.60,4,0,31.8325951095,118.71416234,106.081,0.0,0.0,0.0,0.0,0.0,0.0,0.0,0.0,0.0,0
1703739063726369173,3035,1703739063725814104,045103.70,4,0,31.8325950923,118.714162383,105.7826,0.0,0.0,0.0,0.0,0.0,0.0,0.0,0.0,0.0,0
1703739063830956534,3036,1703739063830121994,045103.80,4,0,31.8325950507,118.71416238,105.4711,0.0,0.0,0.0,0.0,0.0,0.0,0.0,0.0,0.0,0
1703739063980802697,3037,1703739063980330944,045103.90,4,0,31.832594985,118.71416232,105.1651,0.0,0.0,0.0,0.0,0.0,0.0,0.0,0.0,0.0,0
1703739064030405975,3038,1703739064029490947,045104.00,4,0,31.8325948958,118.714162259,104.8619,0.0,0.0,0.0,0.0,0.0,0.0,0.0,0.0,0.0,0
1703739064128303908,3039,1703739064127624988,045104.10,4,0,31.8325947985,118.714162192,104.5583,0.0,0.0,0.0,0.0,0.0,0.0,0.0,0.0,0.0,0
1703739064235502436,3040,1703739064233549118,045104.20,4,0,31.8325947248,118.714162162,104.2621,0.0,0.0,0.0,0.0,0.0,0.0,0.0,0.0,0.0,0
1703739064329337639,3041,1703739064328902006,045104.30,4,0,31.832594628,118.714162155,103.9622,0.0,0.0,0.0,0.0,0.0,0.0,0.0,0.0,0.0,0
1703739064427026543,3042,1703739064426178932,045104.40,4,0,31.8325945643,118.714162159,103.6574,0.0,0.0,0.0,0.0,0.0,0.0,0.0,0.0,0.0,0
1703739064531954237,3043,1703739064531415939,045104.50,4,0,31.832594513,118.714162184,103.3551,0.0,0.0,0.0,0.0,0.0,0.0,0.0,0.0,0.0,0
1703739064628200339,3044,1703739064627404928,045104.60,4,0,31.8325944868,118.714162295,103.0583,0.0,0.0,0.0,0.0,0.0,0.0,0.0,0.0,0.0,0
1703739064731545242,3045,1703739064730941057,045104.70,4,0,31.8325944503,118.714162379,102.7553,0.0,0.0,0.0,0.0,0.0,0.0,0.0,0.0,0.0,0
1703739064831104803,3046,1703739064828246116,045104.80,4,0,31.8325944203,118.71416247,102.4582,0.0,0.0,0.0,0.0,0.0,0.0,0.0,0.0,0.0,0
1703739064931744877,3047,1703739064930368900,045104.90,4,0,31.8325944057,118.71416255,102.1611,0.0,0.0,0.0,0.0,0.0,0.0,0.0,0.0,0.0,0
1703739065072796491,3048,1703739065072309970,045105.00,4,0,31.8325943837,118.714162613,101.8586,0.0,0.0,0.0,0.0,0.0,0.0,0.0,0.0,0.0,0
1703739065134806355,3049,1703739065131377935,045105.10,4,0,31.8325943967,118.714162675,101.5524,0.0,0.0,0.0,0.0,0.0,0.0,0.0,0.0,0.0,0
1703739065234650340,3050,1703739065234204053,045105.20,4,0,31.8325944093,118.714162761,101.2333,0.0,0.0,0.0,0.0,0.0,0.0,0.0,0.0,0.0,0
1703739065334371679,3051,1703739065332128047,045105.30,4,0,31.8325943967,118.71416284,100.9403,0.0,0.0,0.0,0.0,0.0,0.0,0.0,0.0,0.0,0
1703739065430995633,3052,1703739065428452014,045105.40,4,0,31.8325943302,118.714162871,100.6581,0.0,0.0,0.0,0.0,0.0,0.0,0.0,0.0,0.0,0
1703739065532884866,3053,1703739065531867027,045105.50,4,0,31.8325942877,118.714162854,100.372,0.0,0.0,0.0,0.0,0.0,0.0,0.0,0.0,0.0,0
1703739065627748697,3054,1703739065626898050,045105.60,4,0,31.8325942315,118.714162809,100.0785,0.0,0.0,0.0,0.0,0.0,0.0,0.0,0.0,0.0,0
1703739065733280114,3055,1703739065731812000,045105.70,4,0,31.832594195,118.714162733,99.7633,0.0,0.0,0.0,0.0,0.0,0.0,0.0,0.0,0.0,0
1703739065828383405,3056,1703739065827766895,045105.80,4,0,31.832594143,118.714162652,99.4534,0.0,0.0,0.0,0.0,0.0,0.0,0.0,0.0,0.0,0
1703739065932552426,3057,1703739065931479930,045105.90,4,0,31.8325940658,118.714162564,99.1469,0.0,0.0,0.0,0.0,0.0,0.0,0.0,0.0,0.0,0
1703739066031787253,3058,1703739066028346061,045106.00,4,0,31.83259399,118.714162538,98.8498,0.0,0.0,0.0,0.0,0.0,0.0,0.0,0.0,0.0,0
1703739066170207201,3059,1703739066168380022,045106.10,4,0,31.8325938738,118.71416255,98.5622,0.0,0.0,0.0,0.0,0.0,0.0,0.0,0.0,0.0,0
1703739066228882463,3060,1703739066228286981,045106.20,4,0,31.8325937402,118.714162541,98.2712,0.0,0.0,0.0,0.0,0.0,0.0,0.0,0.0,0.0,0
1703739066326070058,3061,1703739066325601100,045106.30,4,0,31.8325936193,118.714162561,97.974,0.0,0.0,0.0,0.0,0.0,0.0,0.0,0.0,0.0,0
1703739066433302066,3062,1703739066432595014,045106.40,4,0,31.8325935322,118.714162568,97.6807,0.0,0.0,0.0,0.0,0.0,0.0,0.0,0.0,0.0,0
1703739066530758293,3063,1703739066528954029,045106.50,4,0,31.8325934523,118.7141626,97.38,0.0,0.0,0.0,0.0,0.0,0.0,0.0,0.0,0.0,0
1703739066626651258,3064,1703739066625688076,045106.60,4,0,31.832593402,118.714162644,97.078,0.0,0.0,0.0,0.0,0.0,0.0,0.0,0.0,0.0,0
1703739066735279423,3065,1703739066731888055,045106.70,4,0,31.832593348,118.714162722,96.7792,0.0,0.0,0.0,0.0,0.0,0.0,0.0,0.0,0.0,0
1703739066833320874,3066,1703739066830476045,045106.80,4,0,31.832593305,118.714162816,96.4807,0.0,0.0,0.0,0.0,0.0,0.0,0.0,0.0,0.0,0
1703739066935400592,3067,1703739066931948900,045106.90,4,0,31.8325932712,118.714162955,96.1731,0.0,0.0,0.0,0.0,0.0,0.0,0.0,0.0,0.0,0
1703739067028291706,3068,1703739067027816057,045107.00,4,0,31.8325932685,118.714163109,95.8663,0.0,0.0,0.0,0.0,0.0,0.0,0.0,0.0,0.0,0
1703739067125868160,3069,1703739067125354051,045107.10,4,0,31.8325932775,118.714163258,95.5635,0.0,0.0,0.0,0.0,0.0,0.0,0.0,0.0,0.0,0
1703739067267094989,3070,1703739067264894008,045107.20,4,0,31.8325932703,118.714163412,95.2638,0.0,0.0,0.0,0.0,0.0,0.0,0.0,0.0,0.0,0
1703739067330634591,3071,1703739067330178022,045107.30,4,0,31.8325932765,118.714163575,94.9637,0.0,0.0,0.0,0.0,0.0,0.0,0.0,0.0,0.0,0
1703739067427530134,3072,1703739067427215099,045107.40,4,0,31.8325932492,118.714163717,94.6714,0.0,0.0,0.0,0.0,0.0,0.0,0.0,0.0,0.0,0
1703739067534044414,3073,1703739067531904935,045107.50,4,0,31.8325932437,118.71416383,94.3769,0.0,0.0,0.0,0.0,0.0,0.0,0.0,0.0,0.0,0
1703739067628249098,3074,1703739067627738952,045107.60,4,0,31.8325932092,118.714163863,94.0752,0.0,0.0,0.0,0.0,0.0,0.0,0.0,0.0,0.0,0
1703739067733993767,3075,1703739067732008934,045107.70,4,0,31.832593183,118.714163816,93.7704,0.0,0.0,0.0,0.0,0.0,0.0,0.0,0.0,0.0,0
1703739067828935130,3076,1703739067827193975,045107.80,4,0,31.8325931407,118.71416376,93.4723,0.0,0.0,0.0,0.0,0.0,0.0,0.0,0.0,0.0,0
1703739067930912274,3077,1703739067930449962,045107.90,4,0,31.8325931002,118.714163647,93.1796,0.0,0.0,0.0,0.0,0.0,0.0,0.0,0.0,0.0,0
1703739068028707356,3078,1703739068027858972,045108.00,4,0,31.8325930135,118.714163557,92.8868,0.0,0.0,0.0,0.0,0.0,0.0,0.0,0.0,0.0,0
1703739068134016328,3079,1703739068131584882,045108.10,4,0,31.8325929407,118.714163407,92.5977,0.0,0.0,0.0,0.0,0.0,0.0,0.0,0.0,0.0,0
1703739068235135328,3080,1703739068234565019,045108.20,4,0,31.8325928993,118.71416327,92.2965,0.0,0.0,0.0,0.0,0.0,0.0,0.0,0.0,0.0,0
1703739068357951353,3081,1703739068356852054,045108.30,4,0,31.8325928855,118.714163133,91.991,0.0,0.0,0.0,0.0,0.0,0.0,0.0,0.0,0.0,0
1703739068429348485,3082,1703739068427572965,045108.40,4,0,31.8325928913,118.714162988,91.676,0.0,0.0,0.0,0.0,0.0,0.0,0.0,0.0,0.0,0
1703739068531534513,3083,1703739068531032085,045108.50,4,0,31.8325929147,118.714162839,91.376,0.0,0.0,0.0,0.0,0.0,0.0,0.0,0.0,0.0,0
1703739068628602436,3084,1703739068626697063,045108.60,4,0,31.83259294,118.714162673,91.0715,0.0,0.0,0.0,0.0,0.0,0.0,0.0,0.0,0.0,0
1703739068732586233,3085,1703739068730716943,045108.70,4,0,31.8325929423,118.714162519,90.7759,0.0,0.0,0.0,0.0,0.0,0.0,0.0,0.0,0.0,0
1703739068828490547,3086,1703739068827493906,045108.80,4,0,31.832593001,118.714162398,90.477,0.0,0.0,0.0,0.0,0.0,0.0,0.0,0.0,0.0,0
1703739068933024648,3087,1703739068932260990,045108.90,4,0,31.8325930615,118.714162302,90.1825,0.0,0.0,0.0,0.0,0.0,0.0,0.0,0.0,0.0,0
1703739069028065205,3088,1703739069027544021,045109.00,4,0,31.8325931295,118.714162214,89.884,0.0,0.0,0.0,0.0,0.0,0.0,0.0,0.0,0.0,0
1703739069132701984,3089,1703739069130815982,045109.10,4,0,31.8325931908,118.714162091,89.5717,0.0,0.0,0.0,0.0,0.0,0.0,0.0,0.0,0.0,0
1703739069235729718,3090,1703739069233498096,045109.20,4,0,31.8325932785,118.714161949,89.2463,0.0,0.0,0.0,0.0,0.0,0.0,0.0,0.0,0.0,0
1703739069331098286,3091,1703739069330348014,045109.30,4,0,31.8325933447,118.714161835,88.9372,0.0,0.0,0.0,0.0,0.0,0.0,0.0,0.0,0.0,0
1703739069453153805,3092,1703739069452318906,045109.40,4,0,31.8325934343,118.714161709,88.6281,0.0,0.0,0.0,0.0,0.0,0.0,0.0,0.0,0.0,0
1703739069531105691,3093,1703739069530579090,045109.50,4,0,31.8325934943,118.714161667,88.3296,0.0,0.0,0.0,0.0,0.0,0.0,0.0,0.0,0.0,0
1703739069627963315,3094,1703739069627135038,045109.60,4,0,31.8325935233,118.714161638,88.0332,0.0,0.0,0.0,0.0,0.0,0.0,0.0,0.0,0.0,0
1703739069731480016,3095,1703739069730854988,045109.70,4,0,31.8325935532,118.714161585,87.7318,0.0,0.0,0.0,0.0,0.0,0.0,0.0,0.0,0.0,0
1703739069826694249,3096,1703739069826188087,045109.80,4,0,31.832593576,118.714161494,87.4286,0.0,0.0,0.0,0.0,0.0,0.0,0.0,0.0,0.0,0
1703739069931716702,3097,1703739069931015968,045109.90,4,0,31.8325936072,118.714161432,87.1149,0.0,0.0,0.0,0.0,0.0,0.0,0.0,0.0,0.0,0
1703739070026939082,3098,1703739070026299953,045110.00,4,0,31.8325936772,118.714161423,86.8079,0.0,0.0,0.0,0.0,0.0,0.0,0.0,0.0,0.0,0
1703739070132085759,3099,1703739070131495952,045110.10,4,0,31.8325937273,118.714161412,86.5211,0.0,0.0,0.0,0.0,0.0,0.0,0.0,0.0,0.0,0
1703739070228553643,3100,1703739070227716922,045110.20,4,0,31.8325937883,118.714161457,86.2275,0.0,0.0,0.0,0.0,0.0,0.0,0.0,0.0,0.0,0
1703739070332626742,3101,1703739070331711053,045110.30,4,0,31.8325938298,118.714161485,85.9227,0.0,0.0,0.0,0.0,0.0,0.0,0.0,0.0,0.0,0
1703739070430818847,3102,1703739070428011894,045110.40,4,0,31.832593889,118.714161549,85.6214,0.0,0.0,0.0,0.0,0.0,0.0,0.0,0.0,0.0,0
1703739070544909717,3103,1703739070544348955,045110.50,4,0,31.8325939628,118.714161631,85.3246,0.0,0.0,0.0,0.0,0.0,0.0,0.0,0.0,0.0,0
1703739070631162424,3104,1703739070630476951,045110.60,4,0,31.8325939972,118.714161721,85.0226,0.0,0.0,0.0,0.0,0.0,0.0,0.0,0.0,0.0,0
1703739070727197964,3105,1703739070726624011,045110.70,4,0,31.8325940065,118.714161829,84.7259,0.0,0.0,0.0,0.0,0.0,0.0,0.0,0.0,0.0,0
1703739070835920697,3106,1703739070830502033,045110.80,4,0,31.8325940383,118.714161968,84.4201,0.0,0.0,0.0,0.0,0.0,0.0,0.0,0.0,0.0,0
1703739070926198041,3107,1703739070925816059,045110.90,4,0,31.832594035,118.714162108,84.118,0.0,0.0,0.0,0.0,0.0,0.0,0.0,0.0,0.0,0
1703739071032321922,3108,1703739071029670000,045111.00,4,0,31.8325940167,118.71416226,83.8147,0.0,0.0,0.0,0.0,0.0,0.0,0.0,0.0,0.0,0
1703739071127145317,3109,1703739071126323938,045111.10,4,0,31.832594001,118.714162439,83.5201,0.0,0.0,0.0,0.0,0.0,0.0,0.0,0.0,0.0,0
1703739071234742683,3110,1703739071234256029,045111.20,4,0,31.832593985,118.714162565,83.2215,0.0,0.0,0.0,0.0,0.0,0.0,0.0,0.0,0.0,0
1703739071329853943,3111,1703739071329297065,045111.30,4,0,31.8325939933,118.71416271,82.9231,0.0,0.0,0.0,0.0,0.0,0.0,0.0,0.0,0.0,0
1703739071427422447,3112,1703739071426470994,045111.40,4,0,31.8325939742,118.714162835,82.6216,0.0,0.0,0.0,0.0,0.0,0.0,0.0,0.0,0.0,0
1703739071531508528,3113,1703739071530699014,045111.50,4,0,31.8325939555,118.714162938,82.3166,0.0,0.0,0.0,0.0,0.0,0.0,0.0,0.0,0.0,0
1703739071640716571,3114,1703739071640342950,045111.60,4,0,31.8325939278,118.714163027,82.0139,0.0,0.0,0.0,0.0,0.0,0.0,0.0,0.0,0.0,0
1703739071732184760,3115,1703739071731630086,045111.70,4,0,31.8325938702,118.714163063,81.7174,0.0,0.0,0.0,0.0,0.0,0.0,0.0,0.0,0.0,0
1703739071829976773,3116,1703739071827625989,045111.80,4,0,31.8325938068,118.714163061,81.4222,0.0,0.0,0.0,0.0,0.0,0.0,0.0,0.0,0.0,0
1703739071925029451,3117,1703739071924611091,045111.90,4,0,31.8325937588,118.714163086,81.1213,0.0,0.0,0.0,0.0,0.0,0.0,0.0,0.0,0.0,0
1703739072030375001,3118,1703739072029278993,045112.00,4,0,31.8325936925,118.714163048,80.8216,0.0,0.0,0.0,0.0,0.0,0.0,0.0,0.0,0.0,0
1703739072125872059,3119,1703739072125463962,045112.10,4,0,31.8325936173,118.714163029,80.5168,0.0,0.0,0.0,0.0,0.0,0.0,0.0,0.0,0.0,0
1703739072232886287,3120,1703739072232361078,045112.20,4,0,31.8325935523,118.714163046,80.2167,0.0,0.0,0.0,0.0,0.0,0.0,0.0,0.0,0.0,0
1703739072328568171,3121,1703739072327864885,045112.30,4,0,31.8325934883,118.714163034,79.9178,0.0,0.0,0.0,0.0,0.0,0.0,0.0,0.0,0.0,0
1703739072434194901,3122,1703739072432049989,045112.40,4,0,31.8325934563,118.714163063,79.6123,0.0,0.0,0.0,0.0,0.0,0.0,0.0,0.0,0.0,0
1703739072528467996,3123,1703739072527605056,045112.50,4,0,31.8325933732,118.714163152,79.3097,0.0,0.0,0.0,0.0,0.0,0.0,0.0,0.0,0.0,0
1703739072717047505,3124,1703739072716350078,045112.60,4,0,31.8325933268,118.714163249,79.0151,0.0,0.0,0.0,0.0,0.0,0.0,0.0,0.0,0.0,0
1703739072732476502,3125,1703739072731491088,045112.70,4,0,31.832593281,118.714163439,78.7102,0.0,0.0,0.0,0.0,0.0,0.0,0.0,0.0,0.0,0
1703739072829558287,3126,1703739072827970027,045112.80,4,0,31.8325932578,118.714163687,78.4059,0.0,0.0,0.0,0.0,0.0,0.0,0.0,0.0,0.0,0
1703739072932354866,3127,1703739072930907011,045112.90,4,0,31.8325932215,118.714163933,78.1153,0.0,0.0,0.0,0.0,0.0,0.0,0.0,0.0,0.0,0
1703739073028770663,3128,1703739073027935028,045113.00,4,0,31.8325932382,118.714164158,77.8334,0.0,0.0,0.0,0.0,0.0,0.0,0.0,0.0,0.0,0
1703739073132175581,3129,1703739073130995988,045113.10,4,0,31.8325933047,118.71416435,77.5496,0.0,0.0,0.0,0.0,0.0,0.0,0.0,0.0,0.0,0
1703739073228866439,3130,1703739073227868080,045113.20,4,0,31.8325933892,118.714164462,77.2497,0.0,0.0,0.0,0.0,0.0,0.0,0.0,0.0,0.0,0
1703739073332106578,3131,1703739073331229925,045113.30,4,0,31.832593491,118.71416453,76.9468,0.0,0.0,0.0,0.0,0.0,0.0,0.0,0.0,0.0,0
1703739073427331191,3132,1703739073426723957,045113.40,4,0,31.8325936147,118.714164544,76.6502,0.0,0.0,0.0,0.0,0.0,0.0,0.0,0.0,0.0,0
1703739073525501158,3133,1703739073525098085,045113.50,4,0,31.8325937305,118.714164545,76.3552,0.0,0.0,0.0,0.0,0.0,0.0,0.0,0.0,0.0,0
1703739073633401325,3134,1703739073630740880,045113.60,4,0,31.8325938815,118.714164567,76.067,0.0,0.0,0.0,0.0,0.0,0.0,0.0,0.0,0.0,0
1703739073812859111,3135,1703739073812309026,045113.70,4,0,31.8325940112,118.714164618,75.7588,0.0,0.0,0.0,0.0,0.0,0.0,0.0,0.0,0.0,0
1703739073830183205,3136,1703739073829773902,045113.80,4,0,31.8325941425,118.714164669,75.4555,0.0,0.0,0.0,0.0,0.0,0.0,0.0,0.0,0.0,0
1703739073927333450,3137,1703739073926615953,045113.90,4,0,31.8325942663,118.714164712,75.1563,0.0,0.0,0.0,0.0,0.0,0.0,0.0,0.0,0.0,0
1703739074030191261,3138,1703739074029266119,045114.00,4,0,31.8325943493,118.714164665,74.8572,0.0,0.0,0.0,0.0,0.0,0.0,0.0,0.0,0.0,0
1703739074133300400,3139,1703739074132412910,045114.10,4,0,31.8325944263,118.714164581,74.5467,0.0,0.0,0.0,0.0,0.0,0.0,0.0,0.0,0.0,0
1703739074230067041,3140,1703739074229433059,045114.20,4,0,31.8325944795,118.714164502,74.2371,0.0,0.0,0.0,0.0,0.0,0.0,0.0,0.0,0.0,0
1703739074333705568,3141,1703739074332113027,045114.30,4,0,31.832594482,118.714164353,73.9558,0.0,0.0,0.0,0.0,0.0,0.0,0.0,0.0,0.0,0
1703739074431230205,3142,1703739074429718971,045114.40,4,0,31.8325944732,118.714164196,73.6598,0.0,0.0,0.0,0.0,0.0,0.0,0.0,0.0,0.0,0
1703739074526186630,3143,1703739074525269031,045114.50,4,0,31.8325944687,118.714164082,73.3613,0.0,0.0,0.0,0.0,0.0,0.0,0.0,0.0,0.0,0
1703739074631539283,3144,1703739074629621028,045114.60,4,0,31.8325944887,118.714163963,73.0569,0.0,0.0,0.0,0.0,0.0,0.0,0.0,0.0,0.0,0
1703739074729109360,3145,1703739074726449966,045114.70,4,0,31.8325945102,118.714163871,72.7591,0.0,0.0,0.0,0.0,0.0,0.0,0.0,0.0,0.0,0
1703739074904887654,3146,1703739074904340982,045114.80,4,0,31.8325945118,118.714163793,72.4635,0.0,0.0,0.0,0.0,0.0,0.0,0.0,0.0,0.0,0
1703739074929266323,3147,1703739074927398920,045114.90,4,0,31.8325945425,118.714163702,72.1555,0.0,0.0,0.0,0.0,0.0,0.0,0.0,0.0,0.0,0
1703739075025261960,3148,1703739075024632930,045115.00,4,0,31.832594572,118.714163621,71.8457,0.0,0.0,0.0,0.0,0.0,0.0,0.0,0.0,0.0,0
1703739075132185114,3149,1703739075131303071,045115.10,4,0,31.8325945198,118.714163535,71.5434,0.0,0.0,0.0,0.0,0.0,0.0,0.0,0.0,0.0,0
1703739075227861167,3150,1703739075227375984,045115.20,4,0,31.8325944673,118.714163461,71.2523,0.0,0.0,0.0,0.0,0.0,0.0,0.0,0.0,0.0,0
1703739075333053928,3151,1703739075331634044,045115.30,4,0,31.8325943857,118.714163383,70.9538,0.0,0.0,0.0,0.0,0.0,0.0,0.0,0.0,0.0,0
1703739075430928010,3152,1703739075428463935,045115.40,4,0,31.8325942875,118.714163312,70.6543,0.0,0.0,0.0,0.0,0.0,0.0,0.0,0.0,0.0,0
1703739075525261182,3153,1703739075524903059,045115.50,4,0,31.8325942212,118.714163257,70.3401,0.0,0.0,0.0,0.0,0.0,0.0,0.0,0.0,0.0,0
1703739075630980816,3154,1703739075630158901,045115.60,4,0,31.8325941283,118.714163231,70.0302,0.0,0.0,0.0,0.0,0.0,0.0,0.0,0.0,0.0,0
1703739075726293059,3155,1703739075725579977,045115.70,4,0,31.8325939932,118.714163185,69.7307,0.0,0.0,0.0,0.0,0.0,0.0,0.0,0.0,0.0,0
1703739075830088982,3156,1703739075829071044,045115.80,4,0,31.83259384,118.714163165,69.4294,0.0,0.0,0.0,0.0,0.0,0.0,0.0,0.0,0.0,0
1703739076000794385,3157,1703739076000351905,045115.90,4,0,31.8325936852,118.714163139,69.1402,0.0,0.0,0.0,0.0,0.0,0.0,0.0,0.0,0.0,0
1703739076032016462,3158,1703739076030148029,045116.00,4,0,31.8325935342,118.714163133,68.8359,0.0,0.0,0.0,0.0,0.0,0.0,0.0,0.0,0.0,0
1703739076126593506,3159,1703739076125969886,045116.10,4,0,31.8325934087,118.714163152,68.5362,0.0,0.0,0.0,0.0,0.0,0.0,0.0,0.0,0.0,0
1703739076233717465,3160,1703739076231384992,045116.20,4,0,31.8325932778,118.714163135,68.2311,0.0,0.0,0.0,0.0,0.0,0.0,0.0,0.0,0.0,0
1703739076332341246,3161,1703739076329312086,045116.30,4,0,31.8325931975,118.714163147,67.9352,0.0,0.0,0.0,0.0,0.0,0.0,0.0,0.0,0.0,0
1703739076425664284,3162,1703739076424978971,045116.40,4,0,31.8325931047,118.714163123,67.6357,0.0,0.0,0.0,0.0,0.0,0.0,0.0,0.0,0.0,0
1703739076532147453,3163,1703739076530910968,045116.50,4,0,31.8325930118,118.714163085,67.3333,0.0,0.0,0.0,0.0,0.0,0.0,0.0,0.0,0.0,0
1703739076627123189,3164,1703739076626535892,045116.60,4,0,31.8325929673,118.714163089,67.0342,0.0,0.0,0.0,0.0,0.0,0.0,0.0,0.0,0.0,0
1703739076731999615,3165,1703739076731462001,045116.70,4,0,31.8325928792,118.71416308,66.7329,0.0,0.0,0.0,0.0,0.0,0.0,0.0,0.0,0.0,0
1703739076827553245,3166,1703739076826603889,045116.80,4,0,31.8325928413,118.714163121,66.4255,0.0,0.0,0.0,0.0,0.0,0.0,0.0,0.0,0.0,0
1703739076930917242,3167,1703739076930483102,045116.90,4,0,31.8325927838,118.714163178,66.125,0.0,0.0,0.0,0.0,0.0,0.0,0.0,0.0,0.0,0
1703739077093453042,3168,1703739077092336893,045117.00,4,0,31.832592739,118.714163238,65.8309,0.0,0.0,0.0,0.0,0.0,0.0,0.0,0.0,0.0,0
1703739077131326711,3169,1703739077130850076,045117.10,4,0,31.8325927288,118.714163306,65.5394,0.0,0.0,0.0,0.0,0.0,0.0,0.0,0.0,0.0,0
1703739077230895918,3170,1703739077229032039,045117.20,4,0,31.8325927307,118.714163347,65.2508,0.0,0.0,0.0,0.0,0.0,0.0,0.0,0.0,0.0,0
1703739077333226669,3171,1703739077332598924,045117.30,4,0,31.8325927653,118.714163351,64.9534,0.0,0.0,0.0,0.0,0.0,0.0,0.0,0.0,0.0,0
1703739077430717766,3172,1703739077429800033,045117.40,4,0,31.8325928228,118.714163324,64.6434,0.0,0.0,0.0,0.0,0.0,0.0,0.0,0.0,0.0,0
1703739077526505106,3173,1703739077525732994,045117.50,4,0,31.8325928508,118.714163252,64.3396,0.0,0.0,0.0,0.0,0.0,0.0,0.0,0.0,0.0,0
1703739077633489888,3174,1703739077629443883,045117.60,4,0,31.8325929025,118.714163196,64.0408,0.0,0.0,0.0,0.0,0.0,0.0,0.0,0.0,0.0,0
1703739077727341113,3175,1703739077725704908,045117.70,4,0,31.8325929693,118.714163144,63.7409,0.0,0.0,0.0,0.0,0.0,0.0,0.0,0.0,0.0,0
1703739077833332082,3176,1703739077831221103,045117.80,4,0,31.8325930212,118.714163113,63.4424,0.0,0.0,0.0,0.0,0.0,0.0,0.0,0.0,0.0,0
1703739077929556625,3177,1703739077928678989,045117.90,4,0,31.8325930838,118.714163088,63.1365,0.0,0.0,0.0,0.0,0.0,0.0,0.0,0.0,0.0,0
1703739078025250185,3178,1703739078024688959,045118.00,4,0,31.8325931342,118.714163055,62.8314,0.0,0.0,0.0,0.0,0.0,0.0,0.0,0.0,0.0,0
1703739078184828259,3179,1703739078184310913,045118.10,4,0,31.8325931598,118.71416304,62.5392,0.0,0.0,0.0,0.0,0.0,0.0,0.0,0.0,0.0,0
1703739078239716445,3180,1703739078234220981,045118.20,4,0,31.8325932045,118.714163041,62.2397,0.0,0.0,0.0,0.0,0.0,0.0,0.0,0.0,0.0,0
1703739078331109188,3181,1703739078329974889,045118.30,4,0,31.8325932395,118.714163036,61.945,0.0,0.0,0.0,0.0,0.0,0.0,0.0,0.0,0.0,0
1703739078427431546,3182,1703739078426714897,045118.40,4,0,31.832593267,118.714163061,61.6579,0.0,0.0,0.0,0.0,0.0,0.0,0.0,0.0,0.0,0
1703739078533578767,3183,1703739078532217025,045118.50,4,0,31.8325932965,118.714163058,61.3752,0.0,0.0,0.0,0.0,0.0,0.0,0.0,0.0,0.0,0
1703739078631146633,3184,1703739078627166032,045118.60,4,0,31.83259333,118.714163076,61.1002,0.0,0.0,0.0,0.0,0.0,0.0,0.0,0.0,0.0,0
1703739078735218972,3185,1703739078732316970,045118.70,4,0,31.8325933438,118.714163045,60.8288,0.0,0.0,0.0,0.0,0.0,0.0,0.0,0.0,0.0,0
1703739078828049622,3186,1703739078827442884,045118.80,4,0,31.8325933857,118.71416301,60.5529,0.0,0.0,0.0,0.0,0.0,0.0,0.0,0.0,0.0,0
1703739078935578256,3187,1703739078930800914,045118.90,4,0,31.8325934013,118.714162943,60.2702,0.0,0.0,0.0,0.0,0.0,0.0,0.0,0.0,0.0,0
1703739079028294132,3188,1703739079027396917,045119.00,4,0,31.8325934422,118.714162884,59.9981,0.0,0.0,0.0,0.0,0.0,0.0,0.0,0.0,0.0,0
1703739079133826706,3189,1703739079131725072,045119.10,4,0,31.8325934638,118.714162796,59.734,0.0,0.0,0.0,0.0,0.0,0.0,0.0,0.0,0.0,0
1703739079276709356,3190,1703739079276282072,045119.20,4,0,31.8325934968,118.714162695,59.4664,0.0,0.0,0.0,0.0,0.0,0.0,0.0,0.0,0.0,0
1703739079331125313,3191,1703739079330183982,045119.30,4,0,31.8325934958,118.714162609,59.199,0.0,0.0,0.0,0.0,0.0,0.0,0.0,0.0,0.0,0
1703739079428902244,3192,1703739079427665948,045119.40,4,0,31.832593498,118.714162523,58.9349,0.0,0.0,0.0,0.0,0.0,0.0,0.0,0.0,0.0,0
1703739079532163972,3193,1703739079530751943,045119.50,4,0,31.8325934955,118.714162423,58.6784,0.0,0.0,0.0,0.0,0.0,0.0,0.0,0.0,0.0,0
1703739079629419827,3194,1703739079627743005,045119.60,4,0,31.8325934957,118.714162354,58.428,0.0,0.0,0.0,0.0,0.0,0.0,0.0,0.0,0.0,0
1703739079733138648,3195,1703739079731688976,045119.70,4,0,31.8325935055,118.714162342,58.1791,0.0,0.0,0.0,0.0,0.0,0.0,0.0,0.0,0.0,0
1703739079830731644,3196,1703739079827961921,045119.80,4,0,31.832593505,118.714162344,57.9356,0.0,0.0,0.0,0.0,0.0,0.0,0.0,0.0,0.0,0
1703739079932568511,3197,1703739079930846929,045119.90,4,0,31.8325935283,118.714162379,57.6926,0.0,0.0,0.0,0.0,0.0,0.0,0.0,0.0,0.0,0
1703739080027027213,3198,1703739080026351928,045120.00,4,0,31.8325935553,118.714162411,57.4497,0.0,0.0,0.0,0.0,0.0,0.0,0.0,0.0,0.0,0
1703739080132792703,3199,1703739080131227970,045120.10,4,0,31.8325936,118.714162461,57.2015,0.0,0.0,0.0,0.0,0.0,0.0,0.0,0.0,0.0,0
1703739080230604866,3200,1703739080229300975,045120.20,4,0,31.8325936613,118.7141625,56.9536,0.0,0.0,0.0,0.0,0.0,0.0,0.0,0.0,0.0,0
1703739080368697884,3201,1703739080368263959,045120.30,4,0,31.8325937262,118.714162589,56.7153,0.0,0.0,0.0,0.0,0.0,0.0,0.0,0.0,0.0,0
1703739080431891984,3202,1703739080429096937,045120.40,4,0,31.8325937773,118.714162663,56.4851,0.0,0.0,0.0,0.0,0.0,0.0,0.0,0.0,0.0,0
1703739080526004204,3203,1703739080525310039,045120.50,4,0,31.8325938245,118.714162748,56.2471,0.0,0.0,0.0,0.0,0.0,0.0,0.0,0.0,0.0,0
1703739080629175937,3204,1703739080628707885,045120.60,4,0,31.832593828,118.714162796,56.0182,0.0,0.0,0.0,0.0,0.0,0.0,0.0,0.0,0.0,0
1703739080725584713,3205,1703739080725212097,045120.70,4,0,31.8325938378,118.714162837,55.7884,0.0,0.0,0.0,0.0,0.0,0.0,0.0,0.0,0.0,0
1703739080831537399,3206,1703739080831007957,045120.80,4,0,31.8325938152,118.71416291,55.5583,0.0,0.0,0.0,0.0,0.0,0.0,0.0,0.0,0.0,0
1703739080927885036,3207,1703739080927325963,045120.90,4,0,31.8325937912,118.714162954,55.3351,0.0,0.0,0.0,0.0,0.0,0.0,0.0,0.0,0.0,0
1703739081024577552,3208,1703739081024137973,045121.00,4,0,31.8325937668,118.714162991,55.115,0.0,0.0,0.0,0.0,0.0,0.0,0.0,0.0,0.0,0
1703739081132540532,3209,1703739081130593061,045121.10,4,0,31.8325937063,118.714163031,54.8999,0.0,0.0,0.0,0.0,0.0,0.0,0.0,0.0,0.0,0
1703739081233939249,3210,1703739081233582973,045121.20,4,0,31.8325936425,118.714163094,54.6887,0.0,0.0,0.0,0.0,0.0,0.0,0.0,0.0,0.0,0
1703739081330274430,3211,1703739081329509019,045121.30,4,0,31.8325935717,118.714163104,54.4729,0.0,0.0,0.0,0.0,0.0,0.0,0.0,0.0,0.0,0
1703739081461201019,3212,1703739081460314035,045121.40,4,0,31.8325935375,118.714163111,54.2578,0.0,0.0,0.0,0.0,0.0,0.0,0.0,0.0,0.0,0
1703739081536840509,3213,1703739081530673980,045121.50,4,0,31.8325934782,118.714163139,54.0446,0.0,0.0,0.0,0.0,0.0,0.0,0.0,0.0,0.0,0
1703739081628030687,3214,1703739081626806974,045121.60,4,0,31.8325934138,118.714163156,53.8393,0.0,0.0,0.0,0.0,0.0,0.0,0.0,0.0,0.0,0
1703739081732853126,3215,1703739081731173992,045121.70,4,0,31.8325933648,118.714163181,53.635,0.0,0.0,0.0,0.0,0.0,0.0,0.0,0.0,0.0,0
1703739081829972028,3216,1703739081827410936,045121.80,4,0,31.8325933063,118.714163207,53.436,0.0,0.0,0.0,0.0,0.0,0.0,0.0,0.0,0.0,0
1703739081934342763,3217,1703739081930910110,045121.90,4,0,31.8325932777,118.714163272,53.2322,0.0,0.0,0.0,0.0,0.0,0.0,0.0,0.0,0.0,0
1703739082028656878,3218,1703739082027586936,045122.00,4,0,31.8325932508,118.714163321,53.0328,0.0,0.0,0.0,0.0,0.0,0.0,0.0,0.0,0.0,0
1703739082134957512,3219,1703739082132600069,045122.10,4,0,31.8325932132,118.714163367,52.8381,0.0,0.0,0.0,0.0,0.0,0.0,0.0,0.0,0.0,0
1703739082231526531,3220,1703739082228755950,045122.20,4,0,31.8325931913,118.714163433,52.6476,0.0,0.0,0.0,0.0,0.0,0.0,0.0,0.0,0.0,0
1703739082333766544,3221,1703739082331721067,045122.30,4,0,31.832593176,118.714163493,52.4606,0.0,0.0,0.0,0.0,0.0,0.0,0.0,0.0,0.0,0
1703739082428149491,3222,1703739082427428960,045122.40,4,0,31.8325931477,118.714163537,52.2711,0.0,0.0,0.0,0.0,0.0,0.0,0.0,0.0,0.0,0
1703739082557084927,3223,1703739082556390047,045122.50,4,0,31.8325931363,118.714163581,52.0809,0.0,0.0,0.0,0.0,0.0,0.0,0.0,0.0,0.0,0
1703739082631311510,3224,1703739082629806995,045122.60,4,0,31.8325931387,118.714163589,51.8938,0.0,0.0,0.0,0.0,0.0,0.0,0.0,0.0,0.0,0
1703739082726430679,3225,1703739082725864887,045122.70,4,0,31.8325931308,118.714163603,51.7105,0.0,0.0,0.0,0.0,0.0,0.0,0.0,0.0,0.0,0
1703739082830845940,3226,1703739082830106973,045122.80,4,0,31.8325931217,118.714163595,51.5267,0.0,0.0,0.0,0.0,0.0,0.0,0.0,0.0,0.0,0
1703739082926135336,3227,1703739082925559997,045122.90,4,0,31.8325931093,118.714163596,51.3469,0.0,0.0,0.0,0.0,0.0,0.0,0.0,0.0,0.0,0
1703739083030251512,3228,1703739083029618978,045123.00,4,0,31.8325930843,118.714163611,51.1667,0.0,0.0,0.0,0.0,0.0,0.0,0.0,0.0,0.0,0
1703739083127154955,3229,1703739083126454114,045123.10,4,0,31.8325930753,118.714163622,50.9938,0.0,0.0,0.0,0.0,0.0,0.0,0.0,0.0,0.0,0
1703739083233433021,3230,1703739083232876062,045123.20,4,0,31.8325930727,118.71416362,50.8171,0.0,0.0,0.0,0.0,0.0,0.0,0.0,0.0,0.0,0
1703739083331658150,3231,1703739083329788923,045123.30,4,0,31.8325930683,118.714163618,50.6406,0.0,0.0,0.0,0.0,0.0,0.0,0.0,0.0,0.0,0
1703739083426975599,3232,1703739083426001071,045123.40,4,0,31.8325930462,118.714163635,50.4645,0.0,0.0,0.0,0.0,0.0,0.0,0.0,0.0,0.0,0
1703739083531609018,3233,1703739083530488014,045123.50,4,0,31.8325930502,118.714163646,50.2921,0.0,0.0,0.0,0.0,0.0,0.0,0.0,0.0,0.0,0
1703739083653242977,3234,1703739083652374982,045123.60,4,0,31.832593029,118.714163656,50.1297,0.0,0.0,0.0,0.0,0.0,0.0,0.0,0.0,0.0,0
1703739083733359382,3235,1703739083731170892,045123.70,4,0,31.8325930623,118.714163682,49.9644,0.0,0.0,0.0,0.0,0.0,0.0,0.0,0.0,0.0,0
1703739083827979034,3236,1703739083827090978,045123.80,4,0,31.8325930792,118.714163692,49.796,0.0,0.0,0.0,0.0,0.0,0.0,0.0,0.0,0.0,0
1703739083930711431,3237,1703739083930141925,045123.90,4,0,31.8325931065,118.714163679,49.6334,0.0,0.0,0.0,0.0,0.0,0.0,0.0,0.0,0.0,0
1703739084028381580,3238,1703739084026870965,045124.00,4,0,31.8325931225,118.714163704,49.4653,0.0,0.0,0.0,0.0,0.0,0.0,0.0,0.0,0.0,0
1703739084131018297,3239,1703739084129872083,045124.10,4,0,31.832593177,118.714163684,49.3042,0.0,0.0,0.0,0.0,0.0,0.0,0.0,0.0,0.0,0
1703739084229373540,3240,1703739084226871013,045124.20,4,0,31.8325931923,118.714163709,49.1517,0.0,0.0,0.0,0.0,0.0,0.0,0.0,0.0,0.0,0
1703739084333411614,3241,1703739084331708908,045124.30,4,0,31.8325932317,118.714163679,49.0024,0.0,0.0,0.0,0.0,0.0,0.0,0.0,0.0,0.0,0
1703739084428477620,3242,1703739084427860021,045124.40,4,0,31.8325932727,118.714163692,48.8442,0.0,0.0,0.0,0.0,0.0,0.0,0.0,0.0,0.0,0
1703739084526395319,3243,1703739084525360107,045124.50,4,0,31.8325933165,118.714163684,48.6906,0.0,0.0,0.0,0.0,0.0,0.0,0.0,0.0,0.0,0
1703739084631013791,3244,1703739084629278898,045124.60,4,0,31.8325933418,118.714163655,48.5375,0.0,0.0,0.0,0.0,0.0,0.0,0.0,0.0,0.0,0
1703739084744555672,3245,1703739084744225978,045124.70,4,0,31.8325933888,118.714163652,48.3858,0.0,0.0,0.0,0.0,0.0,0.0,0.0,0.0,0.0,0
1703739084832554428,3246,1703739084830513954,045124.80,4,0,31.8325934155,118.714163633,48.2429,0.0,0.0,0.0,0.0,0.0,0.0,0.0,0.0,0.0,0
1703739084929241448,3247,1703739084926840066,045124.90,4,0,31.8325934392,118.714163636,48.0991,0.0,0.0,0.0,0.0,0.0,0.0,0.0,0.0,0.0,0
1703739085030199443,3248,1703739085029587984,045125.00,4,0,31.8325934987,118.714163647,47.9465,0.0,0.0,0.0,0.0,0.0,0.0,0.0,0.0,0.0,0
1703739085129561935,3249,1703739085126854896,045125.10,4,0,31.8325935443,118.71416365,47.8023,0.0,0.0,0.0,0.0,0.0,0.0,0.0,0.0,0.0,0
1703739085233549616,3250,1703739085233167886,045125.20,4,0,31.832593591,118.714163649,47.6594,0.0,0.0,0.0,0.0,0.0,0.0,0.0,0.0,0.0,0
1703739085330184403,3251,1703739085329443931,045125.30,4,0,31.832593607,118.714163669,47.5201,0.0,0.0,0.0,0.0,0.0,0.0,0.0,0.0,0.0,0
1703739085429720855,3252,1703739085426695108,045125.40,4,0,31.8325936452,118.714163656,47.3839,0.0,0.0,0.0,0.0,0.0,0.0,0.0,0.0,0.0,0
1703739085532018187,3253,1703739085529927968,045125.50,4,0,31.8325936823,118.714163661,47.2441,0.0,0.0,0.0,0.0,0.0,0.0,0.0,0.0,0.0,0
1703739085628987560,3254,1703739085626847028,045125.60,4,0,31.8325937108,118.714163679,47.1051,0.0,0.0,0.0,0.0,0.0,0.0,0.0,0.0,0.0,0
1703739085732278965,3255,1703739085730588912,045125.70,4,0,31.832593741,118.714163672,46.9714,0.0,0.0,0.0,0.0,0.0,0.0,0.0,0.0,0.0,0
1703739085840841650,3256,1703739085840264081,045125.80,4,0,31.832593784,118.714163656,46.8382,0.0,0.0,0.0,0.0,0.0,0.0,0.0,0.0,0.0,0
1703739085932275088,3257,1703739085930321931,045125.90,4,0,31.832593804,118.714163653,46.7001,0.0,0.0,0.0,0.0,0.0,0.0,0.0,0.0,0.0,0
1703739086029414680,3258,1703739086026809930,045126.00,4,0,31.8325938403,118.714163658,46.5713,0.0,0.0,0.0,0.0,0.0,0.0,0.0,0.0,0.0,0
1703739086132600106,3259,1703739086132055997,045126.10,4,0,31.8325938933,118.714163624,46.4382,0.0,0.0,0.0,0.0,0.0,0.0,0.0,0.0,0.0,0
1703739086228689513,3260,1703739086227545976,045126.20,4,0,31.8325939318,118.714163656,46.3114,0.0,0.0,0.0,0.0,0.0,0.0,0.0,0.0,0.0,0
1703739086332204184,3261,1703739086331547975,045126.30,4,0,31.832593995,118.714163622,46.1771,0.0,0.0,0.0,0.0,0.0,0.0,0.0,0.0,0.0,0
1703739086428314940,3262,1703739086427352905,045126.40,4,0,31.8325940185,118.714163625,46.0526,0.0,0.0,0.0,0.0,0.0,0.0,0.0,0.0,0.0,0
1703739086525637677,3263,1703739086524893045,045126.50,4,0,31.8325940758,118.714163592,45.9223,0.0,0.0,0.0,0.0,0.0,0.0,0.0,0.0,0.0,0
1703739086629779480,3264,1703739086628197908,045126.60,4,0,31.8325940977,118.714163604,45.7992,0.0,0.0,0.0,0.0,0.0,0.0,0.0,0.0,0.0,0
1703739086725830929,3265,1703739086725256919,045126.70,4,0,31.8325941292,118.714163593,45.6753,0.0,0.0,0.0,0.0,0.0,0.0,0.0,0.0,0.0,0
1703739086917038584,3266,1703739086916346073,045126.80,4,0,31.8325941505,118.714163587,45.5498,0.0,0.0,0.0,0.0,0.0,0.0,0.0,0.0,0.0,0
1703739086925641491,3267,1703739086925246953,045126.90,4,0,31.8325941733,118.71416359,45.4265,0.0,0.0,0.0,0.0,0.0,0.0,0.0,0.0,0.0,0
1703739087031582017,3268,1703739087029927968,045127.00,4,0,31.8325941977,118.714163579,45.3094,0.0,0.0,0.0,0.0,0.0,0.0,0.0,0.0,0.0,0
1703739087127583393,3269,1703739087126367092,045127.10,4,0,31.832594201,118.714163583,45.1952,0.0,0.0,0.0,0.0,0.0,0.0,0.0,0.0,0.0,0
1703739087231136503,3270,1703739087230741024,045127.20,4,0,31.8325942132,118.714163572,45.0774,0.0,0.0,0.0,0.0,0.0,0.0,0.0,0.0,0.0,0
1703739087331024531,3271,1703739087327425003,045127.30,4,0,31.8325942328,118.714163605,44.9622,0.0,0.0,0.0,0.0,0.0,0.0,0.0,0.0,0.0,0
1703739087424019044,3272,1703739087423641920,045127.40,4,0,31.832594253,118.714163612,44.8463,0.0,0.0,0.0,0.0,0.0,0.0,0.0,0.0,0.0,0
1703739087532349308,3273,1703739087530273914,045127.50,4,0,31.8325942468,118.714163619,44.7361,0.0,0.0,0.0,0.0,0.0,0.0,0.0,0.0,0.0,0
1703739087626755764,3274,1703739087626013040,045127.60,4,0,31.8325942725,118.714163595,44.6227,0.0,0.0,0.0,0.0,0.0,0.0,0.0,0.0,0.0,0
1703739087729955310,3275,1703739087729377031,045127.70,4,0,31.8325942712,118.714163603,44.5154,0.0,0.0,0.0,0.0,0.0,0.0,0.0,0.0,0.0,0
1703739087826487959,3276,1703739087825846910,045127.80,4,0,31.8325942837,118.714163588,44.4054,0.0,0.0,0.0,0.0,0.0,0.0,0.0,0.0,0.0,0
1703739088008653932,3277,1703739088008244037,045127.90,4,0,31.8325942795,118.714163606,44.297,0.0,0.0,0.0,0.0,0.0,0.0,0.0,0.0,0.0,0
1703739088026219424,3278,1703739088025712013,045128.00,4,0,31.8325943105,118.714163558,44.1873,0.0,0.0,0.0,0.0,0.0,0.0,0.0,0.0,0.0,0
1703739088132900982,3279,1703739088130950927,045128.10,4,0,31.8325943272,118.714163599,44.0758,0.0,0.0,0.0,0.0,0.0,0.0,0.0,0.0,0.0,0
1703739088227051449,3280,1703739088226210117,045128.20,4,0,31.8325943063,118.714163566,43.9727,0.0,0.0,0.0,0.0,0.0,0.0,0.0,0.0,0.0,0
1703739088332541973,3281,1703739088332040071,045128.30,4,0,31.8325943253,118.714163599,43.8721,0.0,0.0,0.0,0.0,0.0,0.0,0.0,0.0,0.0,0
1703739088429605393,3282,1703739088429091930,045128.40,4,0,31.8325943148,118.714163623,43.7654,0.0,0.0,0.0,0.0,0.0,0.0,0.0,0.0,0.0,0
1703739088525203878,3283,1703739088524691104,045128.50,4,0,31.8325943143,118.714163589,43.665,0.0,0.0,0.0,0.0,0.0,0.0,0.0,0.0,0.0,0
1703739088629342762,3284,1703739088628767013,045128.60,4,0,31.8325943158,118.714163617,43.5653,0.0,0.0,0.0,0.0,0.0,0.0,0.0,0.0,0.0,0
1703739088725174933,3285,1703739088724353075,045128.70,4,0,31.8325942863,118.714163603,43.4612,0.0,0.0,0.0,0.0,0.0,0.0,0.0,0.0,0.0,0
1703739088831683092,3286,1703739088828788042,045128.80,4,0,31.8325942942,118.714163615,43.361,0.0,0.0,0.0,0.0,0.0,0.0,0.0,0.0,0.0,0
1703739088926111559,3287,1703739088925354957,045128.90,4,0,31.8325943168,118.714163635,43.2592,0.0,0.0,0.0,0.0,0.0,0.0,0.0,0.0,0.0,0
1703739089101595340,3288,1703739089100347995,045129.00,4,0,31.8325942953,118.714163642,43.1592,0.0,0.0,0.0,0.0,0.0,0.0,0.0,0.0,0.0,0
1703739089126566777,3289,1703739089125744104,045129.10,4,0,31.8325942765,118.714163635,43.0643,0.0,0.0,0.0,0.0,0.0,0.0,0.0,0.0,0.0,0
1703739089234986922,3290,1703739089233217954,045129.20,4,0,31.8325942622,118.71416364,42.9603,0.0,0.0,0.0,0.0,0.0,0.0,0.0,0.0,0.0,0
1703739089331477630,3291,1703739089329169988,045129.30,4,0,31.8325942528,118.714163627,42.8581,0.0,0.0,0.0,0.0,0.0,0.0,0.0,0.0,0.0,0
1703739089427111689,3292,1703739089426496028,045129.40,4,0,31.8325942588,118.714163635,42.7557,0.0,0.0,0.0,0.0,0.0,0.0,0.0,0.0,0.0,0
1703739089531639241,3293,1703739089530023097,045129.50,4,0,31.8325942698,118.714163641,42.6565,0.0,0.0,0.0,0.0,0.0,0.0,0.0,0.0,0.0,0
1703739089628794649,3294,1703739089625809907,045129.60,4,0,31.8325942538,118.714163644,42.5543,0.0,0.0,0.0,0.0,0.0,0.0,0.0,0.0,0.0,0
1703739089730019972,3295,1703739089729266881,045129.70,4,0,31.832594249,118.714163651,42.4587,0.0,0.0,0.0,0.0,0.0,0.0,0.0,0.0,0.0,0
1703739089827089793,3296,1703739089825838088,045129.80,4,0,31.832594253,118.714163671,42.3627,0.0,0.0,0.0,0.0,0.0,0.0,0.0,0.0,0.0,0
1703739089932754585,3297,1703739089930183887,045129.90,4,0,31.8325942428,118.714163674,42.2571,0.0,0.0,0.0,0.0,0.0,0.0,0.0,0.0,0.0,0
1703739090029501858,3298,1703739090026730060,045130.00,4,0,31.8325942313,118.714163645,42.1593,0.0,0.0,0.0,0.0,0.0,0.0,0.0,0.0,0.0,0
1703739090193549836,3299,1703739090192750930,045130.10,4,0,31.8325942327,118.714163661,42.0563,0.0,0.0,0.0,0.0,0.0,0.0,0.0,0.0,0.0,0
1703739090235754604,3300,1703739090233289003,045130.20,4,0,31.832594232,118.7141637,41.9512,0.0,0.0,0.0,0.0,0.0,0.0,0.0,0.0,0.0,0
1703739090329932006,3301,1703739090329422950,045130.30,4,0,31.8325942108,118.714163738,41.8635,0.0,0.0,0.0,0.0,0.0,0.0,0.0,0.0,0.0,0
1703739090428117978,3302,1703739090427417039,045130.40,4,0,31.8325942,118.714163746,41.756,0.0,0.0,0.0,0.0,0.0,0.0,0.0,0.0,0.0,0
1703739090525491182,3303,1703739090524703025,045130.50,4,0,31.832594197,118.71416375,41.6599,0.0,0.0,0.0,0.0,0.0,0.0,0.0,0.0,0.0,0
1703739090630575777,3304,1703739090628734111,045130.60,4,0,31.8325941907,118.714163762,41.5623,0.0,0.0,0.0,0.0,0.0,0.0,0.0,0.0,0.0,0
1703739090726644367,3305,1703739090725574016,045130.70,4,0,31.8325941735,118.714163762,41.4587,0.0,0.0,0.0,0.0,0.0,0.0,0.0,0.0,0.0,0
1703739090830362510,3306,1703739090829329967,045130.80,4,0,31.832594148,118.714163781,41.3628,0.0,0.0,0.0,0.0,0.0,0.0,0.0,0.0,0.0,0
1703739090926596762,3307,1703739090925648927,045130.90,4,0,31.8325941325,118.714163794,41.2595,0.0,0.0,0.0,0.0,0.0,0.0,0.0,0.0,0.0,0
1703739091031714570,3308,1703739091031203985,045131.00,4,0,31.8325941308,118.714163796,41.1555,0.0,0.0,0.0,0.0,0.0,0.0,0.0,0.0,0.0,0
1703739091129544898,3309,1703739091127649068,045131.10,4,0,31.8325941218,118.714163801,41.0637,0.0,0.0,0.0,0.0,0.0,0.0,0.0,0.0,0.0,0
1703739091289342716,3310,1703739091288625955,045131.20,4,0,31.832594124,118.714163813,40.961,0.0,0.0,0.0,0.0,0.0,0.0,0.0,0.0,0.0,0
1703739091328794733,3311,1703739091328300952,045131.30,4,0,31.8325941065,118.714163817,40.8587,0.0,0.0,0.0,0.0,0.0,0.0,0.0,0.0,0.0,0
1703739091426861549,3312,1703739091425589084,045131.40,4,0,31.8325940908,118.714163823,40.764,0.0,0.0,0.0,0.0,0.0,0.0,0.0,0.0,0.0,0
1703739091531806628,3313,1703739091529575109,045131.50,4,0,31.8325940842,118.714163836,40.6616,0.0,0.0,0.0,0.0,0.0,0.0,0.0,0.0,0.0,0
1703739091626706960,3314,1703739091626115083,045131.60,4,0,31.832594078,118.714163827,40.5578,0.0,0.0,0.0,0.0,0.0,0.0,0.0,0.0,0.0,0
1703739091731565259,3315,1703739091729732990,045131.70,4,0,31.8325940817,118.714163847,40.4591,0.0,0.0,0.0,0.0,0.0,0.0,0.0,0.0,0.0,0
1703739091827155259,3316,1703739091826452970,045131.80,4,0,31.8325940787,118.714163852,40.3577,0.0,0.0,0.0,0.0,0.0,0.0,0.0,0.0,0.0,0
1703739091933469235,3317,1703739091931484937,045131.90,4,0,31.8325940703,118.714163858,40.2555,0.0,0.0,0.0,0.0,0.0,0.0,0.0,0.0,0.0,0
1703739092029136750,3318,1703739092026351928,045132.00,4,0,31.8325940653,118.714163872,40.1564,0.0,0.0,0.0,0.0,0.0,0.0,0.0,0.0,0.0,0
1703739092130376850,3319,1703739092129928112,045132.10,4,0,31.8325940578,118.714163862,40.0555,0.0,0.0,0.0,0.0,0.0,0.0,0.0,0.0,0.0,0
1703739092237007710,3320,1703739092234477996,045132.20,4,0,31.8325940513,118.714163889,39.9535,0.0,0.0,0.0,0.0,0.0,0.0,0.0,0.0,0.0,0
1703739092380892186,3321,1703739092380353927,045132.30,4,0,31.8325940395,118.714163884,39.8545,0.0,0.0,0.0,0.0,0.0,0.0,0.0,0.0,0.0,0
1703739092436161745,3322,1703739092426651954,045132.40,4,0,31.8325940327,118.714163868,39.7532,0.0,0.0,0.0,0.0,0.0,0.0,0.0,0.0,0.0,0
1703739092530021964,3323,1703739092529520988,045132.50,4,0,31.8325940448,118.714163873,39.6517,0.0,0.0,0.0,0.0,0.0,0.0,0.0,0.0,0.0,0
1703739092626616057,3324,1703739092625746965,045132.60,4,0,31.832594019,118.714163863,39.5512,0.0,0.0,0.0,0.0,0.0,0.0,0.0,0.0,0.0,0
1703739092732535675,3325,1703739092731503963,045132.70,4,0,31.8325940165,118.71416387,39.4536,0.0,0.0,0.0,0.0,0.0,0.0,0.0,0.0,0.0,0
1703739092828638996,3326,1703739092826690912,045132.80,4,0,31.832594017,118.714163857,39.3458,0.0,0.0,0.0,0.0,0.0,0.0,0.0,0.0,0.0,0
1703739092933096961,3327,1703739092930831909,045132.90,4,0,31.832593998,118.714163851,39.2461,0.0,0.0,0.0,0.0,0.0,0.0,0.0,0.0,0.0,0
1703739093027219534,3328,1703739093026470899,045133.00,4,0,31.8325939737,118.714163855,39.1442,0.0,0.0,0.0,0.0,0.0,0.0,0.0,0.0,0.0,0
1703739093131664801,3329,1703739093129889965,045133.10,4,0,31.8325939628,118.714163845,39.0469,0.0,0.0,0.0,0.0,0.0,0.0,0.0,0.0,0.0,0
1703739093228278606,3330,1703739093226619958,045133.20,4,0,31.832593919,118.714163816,38.9451,0.0,0.0,0.0,0.0,0.0,0.0,0.0,0.0,0.0,0
1703739093331072144,3331,1703739093330521106,045133.30,4,0,31.8325939015,118.714163817,38.8426,0.0,0.0,0.0,0.0,0.0,0.0,0.0,0.0,0.0,0
1703739093476876300,3332,1703739093476275920,045133.40,4,0,31.8325938742,118.714163781,38.7447,0.0,0.0,0.0,0.0,0.0,0.0,0.0,0.0,0.0,0
1703739093524904733,3333,1703739093523677110,045133.50,4,0,31.8325938488,118.714163744,38.6446,0.0,0.0,0.0,0.0,0.0,0.0,0.0,0.0,0.0,0
1703739093628812207,3334,1703739093628353118,045133.60,4,0,31.8325938187,118.714163749,38.5477,0.0,0.0,0.0,0.0,0.0,0.0,0.0,0.0,0.0,0
1703739093725698891,3335,1703739093725143909,045133.70,4,0,31.8325938053,118.714163746,38.4435,0.0,0.0,0.0,0.0,0.0,0.0,0.0,0.0,0.0,0
1703739093829017807,3336,1703739093828100919,045133.80,4,0,31.8325938105,118.714163705,38.3506,0.0,0.0,0.0,0.0,0.0,0.0,0.0,0.0,0.0,0
1703739093926004021,3337,1703739093925292015,045133.90,4,0,31.8325938042,118.714163694,38.2472,0.0,0.0,0.0,0.0,0.0,0.0,0.0,0.0,0.0,0
1703739094029314438,3338,1703739094028702974,045134.00,4,0,31.8325938013,118.714163663,38.1479,0.0,0.0,0.0,0.0,0.0,0.0,0.0,0.0,0.0,0
1703739094126567672,3339,1703739094125329971,045134.10,4,0,31.8325938145,118.7141637,38.049,0.0,0.0,0.0,0.0,0.0,0.0,0.0,0.0,0.0,0
1703739094234269414,3340,1703739094231805086,045134.20,4,0,31.8325938162,118.714163668,37.9477,0.0,0.0,0.0,0.0,0.0,0.0,0.0,0.0,0.0,0
1703739094330081442,3341,1703739094327368021,045134.30,4,0,31.8325938543,118.714163697,37.8451,0.0,0.0,0.0,0.0,0.0,0.0,0.0,0.0,0.0,0
1703739094424694731,3342,1703739094424318075,045134.40,4,0,31.8325938677,118.714163712,37.7416,0.0,0.0,0.0,0.0,0.0,0.0,0.0,0.0,0.0,0
1703739094569717739,3343,1703739094568394899,045134.50,4,0,31.8325938892,118.714163718,37.6468,0.0,0.0,0.0,0.0,0.0,0.0,0.0,0.0,0.0,0
1703739094626347824,3344,1703739094624860048,045134.60,4,0,31.8325939077,118.714163733,37.5483,0.0,0.0,0.0,0.0,0.0,0.0,0.0,0.0,0.0,0
1703739094730045963,3345,1703739094729644060,045134.70,4,0,31.832593925,118.714163735,37.4413,0.0,0.0,0.0,0.0,0.0,0.0,0.0,0.0,0.0,0
1703739094830220877,3346,1703739094826284885,045134.80,4,0,31.8325939533,118.714163747,37.3472,0.0,0.0,0.0,0.0,0.0,0.0,0.0,0.0,0.0,0
1703739094930959211,3347,1703739094930277109,045134.90,4,0,31.8325939723,118.714163745,37.2466,0.0,0.0,0.0,0.0,0.0,0.0,0.0,0.0,0.0,0
1703739095028614796,3348,1703739095026648998,045135.00,4,0,31.8325939888,118.714163755,37.1494,0.0,0.0,0.0,0.0,0.0,0.0,0.0,0.0,0.0,0
1703739095124784520,3349,1703739095124289035,045135.10,4,0,31.8325940043,118.714163747,37.0433,0.0,0.0,0.0,0.0,0.0,0.0,0.0,0.0,0.0,0
1703739095236196706,3350,1703739095233616113,045135.20,4,0,31.832594008,118.71416378,36.9471,0.0,0.0,0.0,0.0,0.0,0.0,0.0,0.0,0.0,0
1703739095331305064,3351,1703739095329674959,045135.30,4,0,31.8325940477,118.714163782,36.8462,0.0,0.0,0.0,0.0,0.0,0.0,0.0,0.0,0.0,0
1703739095427748057,3352,1703739095426383972,045135.40,4,0,31.832594048,118.714163765,36.7453,0.0,0.0,0.0,0.0,0.0,0.0,0.0,0.0,0.0,0
1703739095531821907,3353,1703739095530060052,045135.50,4,0,31.832594032,118.714163773,36.6473,0.0,0.0,0.0,0.0,0.0,0.0,0.0,0.0,0.0,0
1703739095661050350,3354,1703739095660367012,045135.60,4,0,31.8325940317,118.714163771,36.544,0.0,0.0,0.0,0.0,0.0,0.0,0.0,0.0,0.0,0
1703739095733731443,3355,1703739095732527971,045135.70,4,0,31.8325940095,118.714163743,36.4473,0.0,0.0,0.0,0.0,0.0,0.0,0.0,0.0,0.0,0
1703739095827032105,3356,1703739095826546907,045135.80,4,0,31.8325939877,118.714163748,36.3469,0.0,0.0,0.0,0.0,0.0,0.0,0.0,0.0,0.0,0
1703739095924673569,3357,1703739095923964977,045135.90,4,0,31.8325939525,118.714163746,36.2505,0.0,0.0,0.0,0.0,0.0,0.0,0.0,0.0,0.0,0
1703739096030722080,3358,1703739096028953075,045136.00,4,0,31.8325939223,118.714163707,36.1451,0.0,0.0,0.0,0.0,0.0,0.0,0.0,0.0,0.0,0
1703739096125642660,3359,1703739096124937057,045136.10,4,0,31.8325938763,118.714163674,36.0478,0.0,0.0,0.0,0.0,0.0,0.0,0.0,0.0,0.0,0
1703739096231470653,3360,1703739096230941057,045136.20,4,0,31.832593857,118.714163652,35.9452,0.0,0.0,0.0,0.0,0.0,0.0,0.0,0.0,0.0,0
1703739096327581781,3361,1703739096327124118,045136.30,4,0,31.8325937975,118.714163625,35.8488,0.0,0.0,0.0,0.0,0.0,0.0,0.0,0.0,0.0,0
1703739096424536334,3362,1703739096424022912,045136.40,4,0,31.8325937868,118.714163587,35.7472,0.0,0.0,0.0,0.0,0.0,0.0,0.0,0.0,0.0,0
1703739096535041010,3363,1703739096530419111,045136.50,4,0,31.8325937447,118.714163575,35.6495,0.0,0.0,0.0,0.0,0.0,0.0,0.0,0.0,0.0,0
1703739096626269650,3364,1703739096625299930,045136.60,4,0,31.8325937548,118.71416354,35.5407,0.0,0.0,0.0,0.0,0.0,0.0,0.0,0.0,0.0,0
1703739096753042138,3365,1703739096752372026,045136.70,4,0,31.8325937295,118.714163526,35.4489,0.0,0.0,0.0,0.0,0.0,0.0,0.0,0.0,0.0,0
1703739096827730382,3366,1703739096826786041,045136.80,4,0,31.832593721,118.714163515,35.3408,0.0,0.0,0.0,0.0,0.0,0.0,0.0,0.0,0.0,0
1703739096930821312,3367,1703739096930278062,045136.90,4,0,31.8325937108,118.714163491,35.2408,0.0,0.0,0.0,0.0,0.0,0.0,0.0,0.0,0.0,0
1703739097026922417,3368,1703739097026282072,045137.00,4,0,31.8325936812,118.714163503,35.1426,0.0,0.0,0.0,0.0,0.0,0.0,0.0,0.0,0.0,0
1703739097132860545,3369,1703739097130713939,045137.10,4,0,31.8325936863,118.714163459,35.04,0.0,0.0,0.0,0.0,0.0,0.0,0.0,0.0,0.0,0
1703739097230541531,3370,1703739097227773904,045137.20,4,0,31.8325936797,118.714163466,34.941,0.0,0.0,0.0,0.0,0.0,0.0,0.0,0.0,0.0,0
1703739097332971657,3371,1703739097331224918,045137.30,4,0,31.8325936592,118.71416346,34.8392,0.0,0.0,0.0,0.0,0.0,0.0,0.0,0.0,0.0,0
1703739097429668689,3372,1703739097428894042,045137.40,4,0,31.8325936752,118.714163463,34.7358,0.0,0.0,0.0,0.0,0.0,0.0,0.0,0.0,0.0,0
1703739097526475375,3373,1703739097524987936,045137.50,4,0,31.8325936477,118.714163441,34.636,0.0,0.0,0.0,0.0,0.0,0.0,0.0,0.0,0.0,0
1703739097629371974,3374,1703739097628045082,045137.60,4,0,31.8325936267,118.714163442,34.5366,0.0,0.0,0.0,0.0,0.0,0.0,0.0,0.0,0.0,0
1703739097725005322,3375,1703739097724383115,045137.70,4,0,31.832593616,118.714163427,34.4384,0.0,0.0,0.0,0.0,0.0,0.0,0.0,0.0,0.0,0
1703739097848775104,3376,1703739097848274946,045137.80,4,0,31.8325936088,118.714163451,34.3379,0.0,0.0,0.0,0.0,0.0,0.0,0.0,0.0,0.0,0
1703739097927415409,3377,1703739097925895929,045137.90,4,0,31.8325936148,118.714163449,34.2391,0.0,0.0,0.0,0.0,0.0,0.0,0.0,0.0,0.0,0
1703739098029097944,3378,1703739098028498888,045138.00,4,0,31.8325936067,118.714163476,34.1352,0.0,0.0,0.0,0.0,0.0,0.0,0.0,0.0,0.0,0
1703739098133741577,3379,1703739098131581068,045138.10,4,0,31.832593617,118.714163449,34.0339,0.0,0.0,0.0,0.0,0.0,0.0,0.0,0.0,0.0,0
1703739098230340398,3380,1703739098227498054,045138.20,4,0,31.8325936248,118.714163463,33.93,0.0,0.0,0.0,0.0,0.0,0.0,0.0,0.0,0.0,0
1703739098333667063,3381,1703739098332910060,045138.30,4,0,31.8325936093,118.714163433,33.8322,0.0,0.0,0.0,0.0,0.0,0.0,0.0,0.0,0.0,0
1703739098429244382,3382,1703739098428597927,045138.40,4,0,31.8325935868,118.714163439,33.7299,0.0,0.0,0.0,0.0,0.0,0.0,0.0,0.0,0.0,0
1703739098524015292,3383,1703739098523704051,045138.50,4,0,31.8325935805,118.714163415,33.6303,0.0,0.0,0.0,0.0,0.0,0.0,0.0,0.0,0.0,0
1703739098628903571,3384,1703739098628544092,045138.60,4,0,31.8325935852,118.714163413,33.5239,0.0,0.0,0.0,0.0,0.0,0.0,0.0,0.0,0.0,0
1703739098732908867,3385,1703739098732417106,045138.70,4,0,31.8325935703,118.714163401,33.428,0.0,0.0,0.0,0.0,0.0,0.0,0.0,0.0,0.0,0
1703739098828283726,3386,1703739098827306032,045138.80,4,0,31.832593577,118.714163446,33.3245,0.0,0.0,0.0,0.0,0.0,0.0,0.0,0.0,0.0,0
1703739098948708154,3387,1703739098948237895,045138.90,4,0,31.8325935885,118.714163441,33.2258,0.0,0.0,0.0,0.0,0.0,0.0,0.0,0.0,0.0,0
1703739099028589186,3388,1703739099027283906,045139.00,4,0,31.8325935708,118.714163451,33.1281,0.0,0.0,0.0,0.0,0.0,0.0,0.0,0.0,0.0,0
1703739099128798185,3389,1703739099126606941,045139.10,4,0,31.8325936005,118.714163459,33.0296,0.0,0.0,0.0,0.0,0.0,0.0,0.0,0.0,0.0,0
1703739099232581740,3390,1703739099231725931,045139.20,4,0,31.832593602,118.714163453,32.9299,0.0,0.0,0.0,0.0,0.0,0.0,0.0,0.0,0.0,0
1703739099329861233,3391,1703739099328871965,045139.30,4,0,31.8325936412,118.714163479,32.8258,0.0,0.0,0.0,0.0,0.0,0.0,0.0,0.0,0.0,0
1703739099425317323,3392,1703739099424659967,045139.40,4,0,31.8325936673,118.71416348,32.7261,0.0,0.0,0.0,0.0,0.0,0.0,0.0,0.0,0.0,0
1703739099531963806,3393,1703739099530855894,045139.50,4,0,31.8325936738,118.714163508,32.6307,0.0,0.0,0.0,0.0,0.0,0.0,0.0,0.0,0.0,0
1703739099627287208,3394,1703739099626647949,045139.60,4,0,31.8325936945,118.714163498,32.5314,0.0,0.0,0.0,0.0,0.0,0.0,0.0,0.0,0.0,0
1703739099732777729,3395,1703739099730910062,045139.70,4,0,31.8325936762,118.714163499,32.4293,0.0,0.0,0.0,0.0,0.0,0.0,0.0,0.0,0.0,0
1703739099828222459,3396,1703739099827368974,045139.80,4,0,31.8325936798,118.714163491,32.3302,0.0,0.0,0.0,0.0,0.0,0.0,0.0,0.0,0.0,0
1703739100031083477,3397,1703739100028383016,045139.90,4,0,31.8325936812,118.714163467,32.2319,0.0,0.0,0.0,0.0,0.0,0.0,0.0,0.0,0.0,0
1703739100037847221,3398,1703739100036487102,045140.00,4,0,31.832593674,118.714163462,32.1287,0.0,0.0,0.0,0.0,0.0,0.0,0.0,0.0,0.0,0
1703739100133402839,3399,1703739100131860017,045140.10,4,0,31.832593691,118.714163447,32.0212,0.0,0.0,0.0,0.0,0.0,0.0,0.0,0.0,0.0,0
1703739100229047733,3400,1703739100228445053,045140.20,4,0,31.832593676,118.714163443,31.9296,0.0,0.0,0.0,0.0,0.0,0.0,0.0,0.0,0.0,0
1703739100333096242,3401,1703739100331482887,045140.30,4,0,31.8325936372,118.714163485,31.8298,0.0,0.0,0.0,0.0,0.0,0.0,0.0,0.0,0.0,0
1703739100429152433,3402,1703739100428606033,045140.40,4,0,31.8325936605,118.714163466,31.7322,0.0,0.0,0.0,0.0,0.0,0.0,0.0,0.0,0.0,0
1703739100525732114,3403,1703739100524957895,045140.50,4,0,31.8325936427,118.714163471,31.6325,0.0,0.0,0.0,0.0,0.0,0.0,0.0,0.0,0.0,0
1703739100629575413,3404,1703739100629076957,045140.60,4,0,31.8325936748,118.714163475,31.5266,0.0,0.0,0.0,0.0,0.0,0.0,0.0,0.0,0.0,0
1703739100726609717,3405,1703739100725819110,045140.70,4,0,31.832593671,118.714163443,31.428,0.0,0.0,0.0,0.0,0.0,0.0,0.0,0.0,0.0,0
1703739100831402213,3406,1703739100829265117,045140.80,4,0,31.8325936745,118.714163435,31.329,0.0,0.0,0.0,0.0,0.0,0.0,0.0,0.0,0.0,0
1703739100933841892,3407,1703739100932177066,045140.90,4,0,31.8325936677,118.714163413,31.2278,0.0,0.0,0.0,0.0,0.0,0.0,0.0,0.0,0.0,0
1703739101029527802,3408,1703739101028841972,045141.00,4,0,31.8325936742,118.714163426,31.1262,0.0,0.0,0.0,0.0,0.0,0.0,0.0,0.0,0.0,0
1703739101132761405,3409,1703739101131825923,045141.10,4,0,31.832593682,118.71416343,31.0233,0.0,0.0,0.0,0.0,0.0,0.0,0.0,0.0,0.0,0
1703739101229878052,3410,1703739101228387117,045141.20,4,0,31.8325936998,118.714163403,30.9279,0.0,0.0,0.0,0.0,0.0,0.0,0.0,0.0,0.0,0
1703739101333784930,3411,1703739101331697940,045141.30,4,0,31.8325936918,118.714163399,30.8293,0.0,0.0,0.0,0.0,0.0,0.0,0.0,0.0,0.0,0
1703739101429365787,3412,1703739101428369998,045141.40,4,0,31.8325937122,118.714163421,30.7238,0.0,0.0,0.0,0.0,0.0,0.0,0.0,0.0,0.0,0
1703739101531269476,3413,1703739101530715942,045141.50,4,0,31.8325937417,118.714163431,30.6291,0.0,0.0,0.0,0.0,0.0,0.0,0.0,0.0,0.0,0
1703739101627437190,3414,1703739101626703023,045141.60,4,0,31.832593756,118.714163418,30.5281,0.0,0.0,0.0,0.0,0.0,0.0,0.0,0.0,0.0,0
1703739101732827449,3415,1703739101731030941,045141.70,4,0,31.8325937712,118.714163412,30.4336,0.0,0.0,0.0,0.0,0.0,0.0,0.0,0.0,0.0,0
1703739101830961746,3416,1703739101828191041,045141.80,4,0,31.832593778,118.714163451,30.3277,0.0,0.0,0.0,0.0,0.0,0.0,0.0,0.0,0.0,0
1703739101932437836,3417,1703739101931138038,045141.90,4,0,31.8325938093,118.714163479,30.2282,0.0,0.0,0.0,0.0,0.0,0.0,0.0,0.0,0.0,0
1703739102028163004,3418,1703739102026870965,045142.00,4,0,31.8325937965,118.714163478,30.128,0.0,0.0,0.0,0.0,0.0,0.0,0.0,0.0,0.0,0
1703739102213207310,3419,1703739102212402105,045142.10,4,0,31.8325938162,118.714163492,30.0331,0.0,0.0,0.0,0.0,0.0,0.0,0.0,0.0,0.0,0
1703739102227534587,3420,1703739102227066040,045142.20,4,0,31.8325938087,118.714163494,29.9319,0.0,0.0,0.0,0.0,0.0,0.0,0.0,0.0,0.0,0
1703739102331755360,3421,1703739102331224918,045142.30,4,0,31.832593825,118.71416352,29.8309,0.0,0.0,0.0,0.0,0.0,0.0,0.0,0.0,0.0,0
1703739102428013385,3422,1703739102427503108,045142.40,4,0,31.8325938302,118.714163475,29.7356,0.0,0.0,0.0,0.0,0.0,0.0,0.0,0.0,0.0,0
1703739102525912558,3423,1703739102525227069,045142.50,4,0,31.8325938278,118.714163517,29.6325,0.0,0.0,0.0,0.0,0.0,0.0,0.0,0.0,0.0,0
1703739102630649566,3424,1703739102628499031,045142.60,4,0,31.8325938215,118.714163486,29.5338,0.0,0.0,0.0,0.0,0.0,0.0,0.0,0.0,0.0,0
1703739102731740220,3425,1703739102731204986,045142.70,4,0,31.8325938337,118.714163504,29.4287,0.0,0.0,0.0,0.0,0.0,0.0,0.0,0.0,0.0,0
1703739102828521468,3426,1703739102827212095,045142.80,4,0,31.83259382,118.714163457,29.3316,0.0,0.0,0.0,0.0,0.0,0.0,0.0,0.0,0.0,0
1703739102932937634,3427,1703739102930728912,045142.90,4,0,31.8325938137,118.714163481,29.2357,0.0,0.0,0.0,0.0,0.0,0.0,0.0,0.0,0.0,0
1703739103028350432,3428,1703739103027326107,045143.00,4,0,31.8325938463,118.714163481,29.1234,0.0,0.0,0.0,0.0,0.0,0.0,0.0,0.0,0.0,0
1703739103131671607,3429,1703739103131180047,045143.10,4,0,31.8325938597,118.714163469,29.0255,0.0,0.0,0.0,0.0,0.0,0.0,0.0,0.0,0.0,0
1703739103308739641,3430,1703739103308300971,045143.20,4,0,31.8325938562,118.714163464,28.922,0.0,0.0,0.0,0.0,0.0,0.0,0.0,0.0,0.0,0
1703739103332736116,3431,1703739103331271886,045143.30,4,0,31.8325938667,118.714163462,28.8237,0.0,0.0,0.0,0.0,0.0,0.0,0.0,0.0,0.0,0
1703739103427851505,3432,1703739103427370071,045143.40,4,0,31.8325938755,118.714163491,28.7208,0.0,0.0,0.0,0.0,0.0,0.0,0.0,0.0,0.0,0
1703739103526002748,3433,1703739103525017976,045143.50,4,0,31.8325938623,118.714163468,28.6245,0.0,0.0,0.0,0.0,0.0,0.0,0.0,0.0,0.0,0
1703739103630678656,3434,1703739103630222082,045143.60,4,0,31.8325938835,118.714163478,28.5226,0.0,0.0,0.0,0.0,0.0,0.0,0.0,0.0,0.0,0
1703739103725809023,3435,1703739103725318908,045143.70,4,0,31.8325938755,118.714163443,28.422,0.0,0.0,0.0,0.0,0.0,0.0,0.0,0.0,0.0,0
1703739103829838254,3436,1703739103829169034,045143.80,4,0,31.8325938793,118.714163453,28.322,0.0,0.0,0.0,0.0,0.0,0.0,0.0,0.0,0.0,0
1703739103926901479,3437,1703739103925277948,045143.90,4,0,31.8325938712,118.714163452,28.2245,0.0,0.0,0.0,0.0,0.0,0.0,0.0,0.0,0.0,0
1703739104029435609,3438,1703739104028543949,045144.00,4,0,31.8325938893,118.714163429,28.1239,0.0,0.0,0.0,0.0,0.0,0.0,0.0,0.0,0.0,0
1703739104131674459,3439,1703739104130783081,045144.10,4,0,31.8325939067,118.714163441,28.0161,0.0,0.0,0.0,0.0,0.0,0.0,0.0,0.0,0.0,0
1703739104228680975,3440,1703739104228203058,045144.20,4,0,31.8325939085,118.714163417,27.919,0.0,0.0,0.0,0.0,0.0,0.0,0.0,0.0,0.0,0
1703739104404920235,3441,1703739104404376029,045144.30,4,0,31.8325939142,118.714163418,27.812,0.0,0.0,0.0,0.0,0.0,0.0,0.0,0.0,0.0,0
1703739104428778580,3442,1703739104427467107,045144.40,4,0,31.8325939285,118.714163402,27.7103,0.0,0.0,0.0,0.0,0.0,0.0,0.0,0.0,0.0,0
1703739104531653285,3443,1703739104530273914,045144.50,4,0,31.832593939,118.714163399,27.608,0.0,0.0,0.0,0.0,0.0,0.0,0.0,0.0,0.0,0
1703739104630772005,3444,1703739104628021955,045144.60,4,0,31.8325939437,118.714163413,27.5096,0.0,0.0,0.0,0.0,0.0,0.0,0.0,0.0,0.0,0
1703739104733128761,3445,1703739104730925083,045144.70,4,0,31.832593973,118.714163449,27.4081,0.0,0.0,0.0,0.0,0.0,0.0,0.0,0.0,0.0,0
1703739104827855856,3446,1703739104826265096,045144.80,4,0,31.8325939872,118.714163426,27.3107,0.0,0.0,0.0,0.0,0.0,0.0,0.0,0.0,0.0,0
1703739104932326208,3447,1703739104930754899,045144.90,4,0,31.8325939888,118.714163463,27.2088,0.0,0.0,0.0,0.0,0.0,0.0,0.0,0.0,0.0,0
1703739105029384928,3448,1703739105028671026,045145.00,4,0,31.8325940027,118.714163445,27.1123,0.0,0.0,0.0,0.0,0.0,0.0,0.0,0.0,0.0,0
1703739105132287950,3449,1703739105130398988,045145.10,4,0,31.8325940213,118.714163457,27.007,0.0,0.0,0.0,0.0,0.0,0.0,0.0,0.0,0.0,0
1703739105229355903,3450,1703739105226985931,045145.20,4,0,31.8325940188,118.714163448,26.9143,0.0,0.0,0.0,0.0,0.0,0.0,0.0,0.0,0.0,0
1703739105332957965,3451,1703739105332326889,045145.30,4,0,31.8325940167,118.714163448,26.815,0.0,0.0,0.0,0.0,0.0,0.0,0.0,0.0,0.0,0
1703739105503247278,3452,1703739105501270055,045145.40,4,0,31.8325940185,118.714163447,26.7127,0.0,0.0,0.0,0.0,0.0,0.0,0.0,0.0,0.0,0
1703739105528404628,3453,1703739105527230024,045145.50,4,0,31.8325940608,118.714163463,26.6094,0.0,0.0,0.0,0.0,0.0,0.0,0.0,0.0,0.0,0
1703739105633461371,3454,1703739105630243062,045145.60,4,0,31.8325940683,118.714163491,26.5073,0.0,0.0,0.0,0.0,0.0,0.0,0.0,0.0,0.0,0
1703739105733944381,3455,1703739105732053995,045145.70,4,0,31.8325940992,118.714163474,26.4068,0.0,0.0,0.0,0.0,0.0,0.0,0.0,0.0,0.0,0
1703739105829627391,3456,1703739105828780889,045145.80,4,0,31.8325941057,118.714163485,26.3048,0.0,0.0,0.0,0.0,0.0,0.0,0.0,0.0,0.0,0
1703739105926525611,3457,1703739105925827026,045145.90,4,0,31.8325941258,118.714163545,26.2055,0.0,0.0,0.0,0.0,0.0,0.0,0.0,0.0,0.0,0
1703739106028983325,3458,1703739106028493881,045146.00,4,0,31.8325941383,118.71416351,26.1041,0.0,0.0,0.0,0.0,0.0,0.0,0.0,0.0,0.0,0
1703739106126538682,3459,1703739106125931978,045146.10,4,0,31.832594139,118.714163534,25.9997,0.0,0.0,0.0,0.0,0.0,0.0,0.0,0.0,0.0,0
1703739106235160308,3460,1703739106231801986,045146.20,4,0,31.8325941412,118.714163569,25.901,0.0,0.0,0.0,0.0,0.0,0.0,0.0,0.0,0.0,0
1703739106328737712,3461,1703739106328098058,045146.30,4,0,31.832594179,118.714163577,25.8029,0.0,0.0,0.0,0.0,0.0,0.0,0.0,0.0,0.0,0
1703739106424823325,3462,1703739106424278974,045146.40,4,0,31.832594221,118.714163587,25.7035,0.0,0.0,0.0,0.0,0.0,0.0,0.0,0.0,0.0,0
1703739106593062538,3463,1703739106592295885,045146.50,4,0,31.832594212,118.714163597,25.616,0.0,0.0,0.0,0.0,0.0,0.0,0.0,0.0,0.0,0
1703739106628113075,3464,1703739106626211881,045146.60,4,0,31.8325942448,118.714163616,25.5317,0.0,0.0,0.0,0.0,0.0,0.0,0.0,0.0,0.0,0
1703739106733744692,3465,1703739106731278896,045146.70,4,0,31.8325942758,118.714163618,25.4441,0.0,0.0,0.0,0.0,0.0,0.0,0.0,0.0,0.0,0
1703739106828186923,3466,1703739106826499938,045146.80,4,0,31.8325942763,118.714163624,25.3664,0.0,0.0,0.0,0.0,0.0,0.0,0.0,0.0,0.0,0
1703739106925511105,3467,1703739106924429893,045146.90,4,0,31.8325942943,118.714163626,25.2953,0.0,0.0,0.0,0.0,0.0,0.0,0.0,0.0,0.0,0
1703739107028236184,3468,1703739107027570962,045147.00,4,0,31.8325943182,118.714163627,25.2257,0.0,0.0,0.0,0.0,0.0,0.0,0.0,0.0,0.0,0
1703739107131216911,3469,1703739107130064964,045147.10,4,0,31.8325943438,118.714163646,25.1573,0.0,0.0,0.0,0.0,0.0,0.0,0.0,0.0,0.0,0
1703739107229473379,3470,1703739107227869033,045147.20,4,0,31.8325943332,118.71416366,25.0967,0.0,0.0,0.0,0.0,0.0,0.0,0.0,0.0,0.0,0
1703739107332560200,3471,1703739107331724882,045147.30,4,0,31.8325943572,118.714163661,25.0528,0.0,0.0,0.0,0.0,0.0,0.0,0.0,0.0,0.0,0
1703739107428652427,3472,1703739107426956892,045147.40,4,0,31.8325943507,118.714163645,25.0006,0.0,0.0,0.0,0.0,0.0,0.0,0.0,0.0,0.0,0
1703739107525342136,3473,1703739107524190902,045147.50,4,0,31.832594348,118.714163621,24.9543,0.0,0.0,0.0,0.0,0.0,0.0,0.0,0.0,0.0,0
1703739107685317553,3474,1703739107684429883,045147.60,4,0,31.8325943527,118.714163608,24.8995,0.0,0.0,0.0,0.0,0.0,0.0,0.0,0.0,0.0,0
1703739107730323612,3475,1703739107729876995,045147.70,4,0,31.8325943595,118.714163603,24.8584,0.0,0.0,0.0,0.0,0.0,0.0,0.0,0.0,0.0,0
1703739107828101332,3476,1703739107826483964,045147.80,4,0,31.8325943512,118.71416357,24.8203,0.0,0.0,0.0,0.0,0.0,0.0,0.0,0.0,0.0,0
1703739107931122112,3477,1703739107930562973,045147.90,4,0,31.832594342,118.714163563,24.7872,0.0,0.0,0.0,0.0,0.0,0.0,0.0,0.0,0.0,0
1703739108028651128,3478,1703739108026104927,045148.00,4,0,31.8325943237,118.714163569,24.7591,0.0,0.0,0.0,0.0,0.0,0.0,0.0,0.0,0.0,0
1703739108133932959,3479,1703739108133411884,045148.10,4,0,31.8325943307,118.714163582,24.7192,0.0,0.0,0.0,0.0,0.0,0.0,0.0,0.0,0.0,0
1703739108228566439,3480,1703739108227960109,045148.20,4,0,31.8325943183,118.71416354,24.689,0.0,0.0,0.0,0.0,0.0,0.0,0.0,0.0,0.0,0
1703739108332561604,3481,1703739108330842018,045148.30,4,0,31.832594329,118.714163517,24.6538,0.0,0.0,0.0,0.0,0.0,0.0,0.0,0.0,0.0,0
1703739108428966858,3482,1703739108427179098,045148.40,4,0,31.8325942925,118.714163524,24.6286,0.0,0.0,0.0,0.0,0.0,0.0,0.0,0.0,0.0,0
1703739108531470596,3483,1703739108530035018,045148.50,4,0,31.8325942893,118.714163499,24.5995,0.0,0.0,0.0,0.0,0.0,0.0,0.0,0.0,0.0,0
1703739108626538329,3484,1703739108625973939,045148.60,4,0,31.8325942792,118.714163493,24.5721,0.0,0.0,0.0,0.0,0.0,0.0,0.0,0.0,0.0,0
1703739108777267672,3485,1703739108776302099,045148.70,4,0,31.8325942657,118.714163477,24.5554,0.0,0.0,0.0,0.0,0.0,0.0,0.0,0.0,0.0,0
1703739108831243595,3486,1703739108828510999,045148.80,4,0,31.8325942385,118.71416346,24.5323,0.0,0.0,0.0,0.0,0.0,0.0,0.0,0.0,0.0,0
1703739108930989565,3487,1703739108929840087,045148.90,4,0,31.8325942308,118.714163458,24.5104,0.0,0.0,0.0,0.0,0.0,0.0,0.0,0.0,0.0,0
1703739109027929217,3488,1703739109026830911,045149.00,4,0,31.8325942137,118.714163423,24.4837,0.0,0.0,0.0,0.0,0.0,0.0,0.0,0.0,0.0,0
1703739109131889200,3489,1703739109129666090,045149.10,4,0,31.8325942085,118.71416342,24.4623,0.0,0.0,0.0,0.0,0.0,0.0,0.0,0.0,0.0,0
1703739109226314268,3490,1703739109225672960,045149.20,4,0,31.832594189,118.714163411,24.4476,0.0,0.0,0.0,0.0,0.0,0.0,0.0,0.0,0.0,0
1703739109332726962,3491,1703739109330919027,045149.30,4,0,31.8325941485,118.714163392,24.4347,0.0,0.0,0.0,0.0,0.0,0.0,0.0,0.0,0.0,0
1703739109429135315,3492,1703739109428200006,045149.40,4,0,31.8325941345,118.71416339,24.421,0.0,0.0,0.0,0.0,0.0,0.0,0.0,0.0,0.0,0
1703739109531142908,3493,1703739109530486106,045149.50,4,0,31.8325941152,118.714163395,24.4029,0.0,0.0,0.0,0.0,0.0,0.0,0.0,0.0,0.0,0
1703739109628714190,3494,1703739109626076936,045149.60,4,0,31.8325940948,118.714163379,24.3936,0.0,0.0,0.0,0.0,0.0,0.0,0.0,0.0,0.0,0
1703739109729959231,3495,1703739109729341983,045149.70,4,0,31.8325940995,118.714163369,24.3798,0.0,0.0,0.0,0.0,0.0,0.0,0.0,0.0,0.0,0
1703739109869469939,3496,1703739109868419885,045149.80,4,0,31.8325940805,118.714163363,24.3694,0.0,0.0,0.0,0.0,0.0,0.0,0.0,0.0,0.0,0
1703739109934121686,3497,1703739109930418014,045149.90,4,0,31.8325940735,118.714163365,24.3692,0.0,0.0,0.0,0.0,0.0,0.0,0.0,0.0,0.0,0
1703739110025437265,3498,1703739110024844884,045150.00,4,0,31.8325940572,118.714163357,24.3559,0.0,0.0,0.0,0.0,0.0,0.0,0.0,0.0,0.0,0
1703739110132183080,3499,1703739110130211114,045150.10,4,0,31.8325940653,118.714163344,24.3481,0.0,0.0,0.0,0.0,0.0,0.0,0.0,0.0,0.0,0
1703739110229307709,3500,1703739110226994991,045150.20,4,0,31.8325940592,118.714163381,24.3284,0.0,0.0,0.0,0.0,0.0,0.0,0.0,0.0,0.0,0
1703739110332435785,3501,1703739110330148935,045150.30,4,0,31.832594036,118.714163398,24.3024,0.0,0.0,0.0,0.0,0.0,0.0,0.0,0.0,0.0,0
1703739110433076119,3502,1703739110427695035,045150.40,4,0,31.8325940178,118.71416346,24.2724,0.0,0.0,0.0,0.0,0.0,0.0,0.0,0.0,0.0,0
1703739110524510000,3503,1703739110523653984,045150.50,4,0,31.832594003,118.714163513,24.2399,0.0,0.0,0.0,0.0,0.0,0.0,0.0,0.0,0.0,0
1703739110627311428,3504,1703739110626652956,045150.60,4,0,31.8325940082,118.714163603,24.1914,0.0,0.0,0.0,0.0,0.0,0.0,0.0,0.0,0.0,0
1703739110723577291,3505,1703739110722948074,045150.70,4,0,31.832593998,118.71416369,24.1461,0.0,0.0,0.0,0.0,0.0,0.0,0.0,0.0,0.0,0
1703739110828716443,3506,1703739110827229022,045150.80,4,0,31.832593981,118.714163737,24.1026,0.0,0.0,0.0,0.0,0.0,0.0,0.0,0.0,0.0,0
1703739110965630935,3507,1703739110964426994,045150.90,4,0,31.8325939707,118.714163809,24.0579,0.0,0.0,0.0,0.0,0.0,0.0,0.0,0.0,0.0,0
1703739111027176440,3508,1703739111026572942,045151.00,4,0,31.832593967,118.714163882,24.007,0.0,0.0,0.0,0.0,0.0,0.0,0.0,0.0,0.0,0
1703739111123756053,3509,1703739111123291015,045151.10,4,0,31.8325939713,118.71416395,23.9716,0.0,0.0,0.0,0.0,0.0,0.0,0.0,0.0,0.0,0
1703739111233916100,3510,1703739111230789899,045151.20,4,0,31.8325940065,118.714164031,23.9394,0.0,0.0,0.0,0.0,0.0,0.0,0.0,0.0,0.0,0
1703739111329641960,3511,1703739111327965974,045151.30,4,0,31.8325940397,118.7141641,23.9003,0.0,0.0,0.0,0.0,0.0,0.0,0.0,0.0,0.0,0
1703739111425566897,3512,1703739111423077106,045151.40,4,0,31.8325940672,118.714164166,23.87,0.0,0.0,0.0,0.0,0.0,0.0,0.0,0.0,0.0,0
1703739111530810316,3513,1703739111528996944,045151.50,4,0,31.8325941123,118.714164223,23.8404,0.0,0.0,0.0,0.0,0.0,0.0,0.0,0.0,0.0,0
1703739111625289703,3514,1703739111624485015,045151.60,4,0,31.8325941792,118.71416425,23.8056,0.0,0.0,0.0,0.0,0.0,0.0,0.0,0.0,0.0,0
1703739111729592867,3515,1703739111728857040,045151.70,4,0,31.8325941933,118.714164238,23.782,0.0,0.0,0.0,0.0,0.0,0.0,0.0,0.0,0.0,0
1703739111824400796,3516,1703739111823813915,045151.80,4,0,31.8325940978,118.714164175,23.7879,0.0,0.0,0.0,0.0,0.0,0.0,0.0,0.0,0.0,0
1703739111930517819,3517,1703739111928711891,045151.90,4,0,31.832594069,118.714164159,23.7869,0.0,0.0,0.0,0.0,0.0,0.0,0.0,0.0,0.0,0
1703739112056807783,3518,1703739112056340932,045152.00,4,0,31.8325940443,118.714164189,23.7816,0.0,0.0,0.0,0.0,0.0,0.0,0.0,0.0,0.0,0
1703739112122817202,3519,1703739112122083902,045152.10,4,0,31.8325940282,118.714164174,23.7885,0.0,0.0,0.0,0.0,0.0,0.0,0.0,0.0,0.0,0
1703739112229973572,3520,1703739112227608919,045152.20,4,0,31.8325940443,118.714164181,23.7829,0.0,0.0,0.0,0.0,0.0,0.0,0.0,0.0,0.0,0
1703739112326166050,3521,1703739112323873996,045152.30,4,0,31.8325940512,118.714164225,23.7752,0.0,0.0,0.0,0.0,0.0,0.0,0.0,0.0,0.0,0
1703739112429737050,3522,1703739112427655935,045152.40,4,0,31.8325940642,118.714164186,23.7791,0.0,0.0,0.0,0.0,0.0,0.0,0.0,0.0,0.0,0
1703739112522460088,3523,1703739112522264003,045152.50,4,0,31.832594057,118.7141642,23.7802,0.0,0.0,0.0,0.0,0.0,0.0,0.0,0.0,0.0,0
1703739112626940995,3524,1703739112626499891,045152.60,4,0,31.832594039,118.714164179,23.7786,0.0,0.0,0.0,0.0,0.0,0.0,0.0,0.0,0.0,0
1703739112722860412,3525,1703739112722429990,045152.70,4,0,31.8325940367,118.714164172,23.7798,0.0,0.0,0.0,0.0,0.0,0.0,0.0,0.0,0.0,0
1703739112827971496,3526,1703739112827136039,045152.80,4,0,31.8325940623,118.714164159,23.7834,0.0,0.0,0.0,0.0,0.0,0.0,0.0,0.0,0.0,0
1703739112923490344,3527,1703739112922739028,045152.90,4,0,31.832594049,118.714164187,23.7803,0.0,0.0,0.0,0.0,0.0,0.0,0.0,0.0,0.0,0
1703739113027386076,3528,1703739113025878906,045153.00,4,0,31.8325940423,118.714164199,23.778,0.0,0.0,0.0,0.0,0.0,0.0,0.0,0.0,0.0,0
1703739113148874783,3529,1703739113148294925,045153.10,4,0,31.8325940523,118.714164183,23.7753,0.0,0.0,0.0,0.0,0.0,0.0,0.0,0.0,0.0,0
1703739113229187313,3530,1703739113228306055,045153.20,4,0,31.83259406,118.714164165,23.7788,0.0,0.0,0.0,0.0,0.0,0.0,0.0,0.0,0.0,0
1703739113324870467,3531,1703739113324176073,045153.30,4,0,31.8325940722,118.71416418,23.7768,0.0,0.0,0.0,0.0,0.0,0.0,0.0,0.0,0.0,0
1703739113422455605,3532,1703739113421345949,045153.40,4,0,31.832594051,118.714164172,23.7756,0.0,0.0,0.0,0.0,0.0,0.0,0.0,0.0,0.0,0
1703739113529114841,3533,1703739113526937961,045153.50,4,0,31.832594052,118.714164195,23.7745,0.0,0.0,0.0,0.0,0.0,0.0,0.0,0.0,0.0,0
1703739113623182465,3534,1703739113622684001,045153.60,4,0,31.8325940507,118.714164207,23.7753,0.0,0.0,0.0,0.0,0.0,0.0,0.0,0.0,0.0,0
1703739113727993237,3535,1703739113726567983,045153.70,4,0,31.8325940605,118.714164196,23.77,0.0,0.0,0.0,0.0,0.0,0.0,0.0,0.0,0.0,0
1703739113824366450,3536,1703739113823503017,045153.80,4,0,31.8325940547,118.714164175,23.7734,0.0,0.0,0.0,0.0,0.0,0.0,0.0,0.0,0.0,0
1703739113928604675,3537,1703739113927881956,045153.90,4,0,31.8325940675,118.714164187,23.7749,0.0,0.0,0.0,0.0,0.0,0.0,0.0,0.0,0.0,0
1703739114025361307,3538,1703739114022732973,045154.00,4,0,31.8325940593,118.714164184,23.7722,0.0,0.0,0.0,0.0,0.0,0.0,0.0,0.0,0.0,0
1703739114128236111,3539,1703739114127548933,045154.10,4,0,31.8325940555,118.714164196,23.7722,0.0,0.0,0.0,0.0,0.0,0.0,0.0,0.0,0.0,0
1703739114240795672,3540,1703739114240279912,045154.20,4,0,31.8325940473,118.71416417,23.7702,0.0,0.0,0.0,0.0,0.0,0.0,0.0,0.0,0.0,0
1703739114329276716,3541,1703739114328712940,045154.30,4,0,31.8325940448,118.714164177,23.7706,0.0,0.0,0.0,0.0,0.0,0.0,0.0,0.0,0.0,0
1703739114424588049,3542,1703739114423959970,045154.40,4,0,31.8325940613,118.714164163,23.7705,0.0,0.0,0.0,0.0,0.0,0.0,0.0,0.0,0.0,0
1703739114522840884,3543,1703739114522353887,045154.50,4,0,31.8325940427,118.714164159,23.7706,0.0,0.0,0.0,0.0,0.0,0.0,0.0,0.0,0.0,0
1703739114628426483,3544,1703739114626405000,045154.60,4,0,31.8325940467,118.714164148,23.7719,0.0,0.0,0.0,0.0,0.0,0.0,0.0,0.0,0.0,0
1703739114722538828,3545,1703739114722172975,045154.70,4,0,31.8325940387,118.71416417,23.7712,0.0,0.0,0.0,0.0,0.0,0.0,0.0,0.0,0.0,0
1703739114827438954,3546,1703739114826555013,045154.80,4,0,31.8325940513,118.71416418,23.771,0.0,0.0,0.0,0.0,0.0,0.0,0.0,0.0,0.0,0
1703739114921918765,3547,1703739114921617031,045154.90,4,0,31.832594055,118.714164173,23.7696,0.0,0.0,0.0,0.0,0.0,0.0,0.0,0.0,0.0,0
1703739115026917263,3548,1703739115026232957,045155.00,4,0,31.8325940567,118.714164172,23.7699,0.0,0.0,0.0,0.0,0.0,0.0,0.0,0.0,0.0,0
1703739115122565651,3549,1703739115121903896,045155.10,4,0,31.8325940515,118.714164179,23.773,0.0,0.0,0.0,0.0,0.0,0.0,0.0,0.0,0.0,0
1703739115227340850,3550,1703739115226836919,045155.20,4,0,31.8325940518,118.714164164,23.7747,0.0,0.0,0.0,0.0,0.0,0.0,0.0,0.0,0.0,0
1703739115336811942,3551,1703739115336275100,045155.30,4,0,31.8325940388,118.714164186,23.7784,0.0,0.0,0.0,0.0,0.0,0.0,0.0,0.0,0.0,0
1703739115420286443,3552,1703739115419750928,045155.40,4,0,31.8325940435,118.714164176,23.7784,0.0,0.0,0.0,0.0,0.0,0.0,0.0,0.0,0.0,0
1703739115526817285,3553,1703739115526360034,045155.50,4,0,31.8325940568,118.714164179,23.7775,0.0,0.0,0.0,0.0,0.0,0.0,0.0,0.0,0.0,0
1703739115622571521,3554,1703739115622180938,045155.60,4,0,31.8325940525,118.714164186,23.7715,0.0,0.0,0.0,0.0,0.0,0.0,0.0,0.0,0.0,0
1703739115728141324,3555,1703739115726838111,045155.70,4,0,31.8325940438,118.714164184,23.7753,0.0,0.0,0.0,0.0,0.0,0.0,0.0,0.0,0.0,0
1703739115822972173,3556,1703739115822228908,045155.80,4,0,31.832594054,118.714164187,23.7755,0.0,0.0,0.0,0.0,0.0,0.0,0.0,0.0,0.0,0
1703739115931184827,3557,1703739115927455902,045155.90,4,0,31.8325940372,118.714164179,23.7737,0.0,0.0,0.0,0.0,0.0,0.0,0.0,0.0,0.0,0
1703739116021997394,3558,1703739116021686077,045156.00,4,0,31.832594045,118.714164168,23.7775,0.0,0.0,0.0,0.0,0.0,0.0,0.0,0.0,0.0,0
1703739116129175326,3559,1703739116126071929,045156.10,4,0,31.8325940505,118.714164165,23.7753,0.0,0.0,0.0,0.0,0.0,0.0,0.0,0.0,0.0,0
1703739116223333974,3560,1703739116222790956,045156.20,4,0,31.8325940387,118.714164161,23.776,0.0,0.0,0.0,0.0,0.0,0.0,0.0,0.0,0.0,0
1703739116417084283,3561,1703739116416337966,045156.30,4,0,31.8325940687,118.714164192,23.7727,0.0,0.0,0.0,0.0,0.0,0.0,0.0,0.0,0.0,0
1703739116423580147,3562,1703739116423180103,045156.40,4,0,31.8325940677,118.714164194,23.7723,0.0,0.0,0.0,0.0,0.0,0.0,0.0,0.0,0.0,0
1703739116521254883,3563,1703739116520886898,045156.50,4,0,31.832594046,118.714164172,23.7765,0.0,0.0,0.0,0.0,0.0,0.0,0.0,0.0,0.0,0
1703739116628727641,3564,1703739116625722885,045156.60,4,0,31.8325940653,118.714164179,23.7756,0.0,0.0,0.0,0.0,0.0,0.0,0.0,0.0,0.0,0
1703739116722001350,3565,1703739116721605062,045156.70,4,0,31.8325940415,118.714164174,23.7766,0.0,0.0,0.0,0.0,0.0,0.0,0.0,0.0,0.0,0
1703739116825294596,3566,1703739116824769973,045156.80,4,0,31.8325940602,118.714164174,23.7734,0.0,0.0,0.0,0.0,0.0,0.0,0.0,0.0,0.0,0
1703739116922880586,3567,1703739116921534061,045156.90,4,0,31.8325940472,118.714164187,23.7753,0.0,0.0,0.0,0.0,0.0,0.0,0.0,0.0,0.0,0
1703739117019181327,3568,1703739117018506050,045157.00,4,0,31.8325940328,118.714164176,23.7738,0.0,0.0,0.0,0.0,0.0,0.0,0.0,0.0,0.0,0
1703739117128993350,3569,1703739117126913070,045157.10,4,0,31.8325940485,118.714164171,23.7756,0.0,0.0,0.0,0.0,0.0,0.0,0.0,0.0,0.0,0
1703739117221539604,3570,1703739117221307992,045157.20,4,0,31.8325940605,118.71416417,23.7749,0.0,0.0,0.0,0.0,0.0,0.0,0.0,0.0,0.0,0
1703739117327462639,3571,1703739117326874971,045157.30,4,0,31.8325940788,118.714164174,23.7705,0.0,0.0,0.0,0.0,0.0,0.0,0.0,0.0,0.0,0
1703739117513060907,3572,1703739117512315988,045157.40,4,0,31.8325940833,118.714164189,23.7736,0.0,0.0,0.0,0.0,0.0,0.0,0.0,0.0,0.0,0
1703739117520736688,3573,1703739117520330905,045157.50,4,0,31.8325940703,118.714164187,23.7739,0.0,0.0,0.0,0.0,0.0,0.0,0.0,0.0,0.0,0
1703739117625904814,3574,1703739117624663114,045157.60,4,0,31.8325940793,118.714164183,23.772,0.0,0.0,0.0,0.0,0.0,0.0,0.0,0.0,0.0,0
1703739117720393176,3575,1703739117720062017,045157.70,4,0,31.8325940817,118.714164176,23.7732,0.0,0.0,0.0,0.0,0.0,0.0,0.0,0.0,0.0,0
1703739117827128539,3576,1703739117825972080,045157.80,4,0,31.8325940813,118.714164176,23.7756,0.0,0.0,0.0,0.0,0.0,0.0,0.0,0.0,0.0,0
1703739117922227011,3577,1703739117921530008,045157.90,4,0,31.8325940615,118.714164189,23.7612,0.0,0.0,0.0,0.0,0.0,0.0,0.0,0.0,0.0,0
1703739118028243187,3578,1703739118026945114,045158.00,4,0,31.8325940725,118.714164203,23.7612,0.0,0.0,0.0,0.0,0.0,0.0,0.0,0.0,0.0,0
1703739118123502818,3579,1703739118122586965,045158.10,4,0,31.8325940598,118.714164183,23.7696,0.0,0.0,0.0,0.0,0.0,0.0,0.0,0.0,0.0,0
1703739118228242474,3580,1703739118226908922,045158.20,4,0,31.8325940735,118.714164194,23.767,0.0,0.0,0.0,0.0,0.0,0.0,0.0,0.0,0.0,0
1703739118321772082,3581,1703739118321593999,045158.30,4,0,31.8325940733,118.714164193,23.7664,0.0,0.0,0.0,0.0,0.0,0.0,0.0,0.0,0.0,0
1703739118419547532,3582,1703739118419148921,045158.40,4,0,31.8325940797,118.714164181,23.7662,0.0,0.0,0.0,0.0,0.0,0.0,0.0,0.0,0.0,0
1703739118604928343,3583,1703739118604351997,045158.50,4,0,31.8325940855,118.714164148,23.7791,0.0,0.0,0.0,0.0,0.0,0.0,0.0,0.0,0.0,0
1703739118621772291,3584,1703739118621160984,045158.60,4,0,31.832594058,118.714164129,23.778,0.0,0.0,0.0,0.0,0.0,0.0,0.0,0.0,0.0,0
1703739118726897922,3585,1703739118726368904,045158.70,4,0,31.832594084,118.714164074,23.7872,0.0,0.0,0.0,0.0,0.0,0.0,0.0,0.0,0.0,0
1703739118821955702,3586,1703739118821532011,045158.80,4,0,31.8325940835,118.714164131,23.7798,0.0,0.0,0.0,0.0,0.0,0.0,0.0,0.0,0.0,0
1703739118927632905,3587,1703739118924738883,045158.90,4,0,31.832594082,118.714164131,23.7797,0.0,0.0,0.0,0.0,0.0,0.0,0.0,0.0,0.0,0
1703739119021628300,3588,1703739119021153926,045159.00,4,0,31.8325940885,118.714164117,23.7834,0.0,0.0,0.0,0.0,0.0,0.0,0.0,0.0,0.0,0
1703739119125177245,3589,1703739119124562978,045159.10,4,0,31.8325941182,118.714164136,23.7804,0.0,0.0,0.0,0.0,0.0,0.0,0.0,0.0,0.0,0
1703739119228319132,3590,1703739119227540969,045159.20,4,0,31.8325941112,118.71416417,23.7758,0.0,0.0,0.0,0.0,0.0,0.0,0.0,0.0,0.0,0
1703739119324129976,3591,1703739119323674917,045159.30,4,0,31.8325940568,118.714164204,23.7705,0.0,0.0,0.0,0.0,0.0,0.0,0.0,0.0,0.0,0
1703739119421230196,3592,1703739119420572042,045159.40,4,0,31.8325940728,118.714164192,23.774,0.0,0.0,0.0,0.0,0.0,0.0,0.0,0.0,0.0,0
1703739119527202465,3593,1703739119526406049,045159.50,4,0,31.8325940713,118.714164207,23.7756,0.0,0.0,0.0,0.0,0.0,0.0,0.0,0.0,0.0,0
1703739119702255237,3594,1703739119700443983,045159.60,4,0,31.8325940703,118.714164204,23.7783,0.0,0.0,0.0,0.0,0.0,0.0,0.0,0.0,0.0,0
1703739119728344834,3595,1703739119726198911,045159.70,4,0,31.8325940763,118.714164218,23.7739,0.0,0.0,0.0,0.0,0.0,0.0,0.0,0.0,0.0,0
1703739119823435545,3596,1703739119822798013,045159.80,4,0,31.8325940802,118.714164198,23.7728,0.0,0.0,0.0,0.0,0.0,0.0,0.0,0.0,0.0,0
1703739119928216549,3597,1703739119926207065,045159.90,4,0,31.8325940932,118.714164206,23.7781,0.0,0.0,0.0,0.0,0.0,0.0,0.0,0.0,0.0,0
1703739120021276240,3598,1703739120021085023,045200.00,4,0,31.8325940537,118.714164197,23.7727,0.0,0.0,0.0,0.0,0.0,0.0,0.0,0.0,0.0,0
1703739120127743726,3599,1703739120126311063,045200.10,4,0,31.8325940593,118.714164212,23.7735,0.0,0.0,0.0,0.0,0.0,0.0,0.0,0.0,0.0,0
1703739120223527276,3600,1703739120222897052,045200.20,4,0,31.8325940407,118.714164202,23.7727,0.0,0.0,0.0,0.0,0.0,0.0,0.0,0.0,0.0,0
1703739120327915709,3601,1703739120327188014,045200.30,4,0,31.8325940812,118.714164212,23.7771,0.0,0.0,0.0,0.0,0.0,0.0,0.0,0.0,0.0,0
1703739120423377361,3602,1703739120422894001,045200.40,4,0,31.8325940955,118.714164208,23.7739,0.0,0.0,0.0,0.0,0.0,0.0,0.0,0.0,0.0,0
1703739120520964737,3603,1703739120520421028,045200.50,4,0,31.8325941037,118.714164175,23.7749,0.0,0.0,0.0,0.0,0.0,0.0,0.0,0.0,0.0,0
1703739120625925545,3604,1703739120625186920,045200.60,4,0,31.8325941093,118.714164187,23.7769,0.0,0.0,0.0,0.0,0.0,0.0,0.0,0.0,0.0,0
1703739120793012071,3605,1703739120792301893,045200.70,4,0,31.8325940998,118.714164227,23.7785,0.0,0.0,0.0,0.0,0.0,0.0,0.0,0.0,0.0,0
1703739120827560392,3606,1703739120825829029,045200.80,4,0,31.8325941043,118.714164288,23.7757,0.0,0.0,0.0,0.0,0.0,0.0,0.0,0.0,0.0,0
1703739120921761065,3607,1703739120921227931,045200.90,4,0,31.8325941237,118.714164271,23.7699,0.0,0.0,0.0,0.0,0.0,0.0,0.0,0.0,0.0,0
1703739121026019394,3608,1703739121025541067,045201.00,4,0,31.8325940998,118.714164245,23.772,0.0,0.0,0.0,0.0,0.0,0.0,0.0,0.0,0.0,0
1703739121122550591,3609,1703739121121861934,045201.10,4,0,31.83259408,118.714164218,23.7736,0.0,0.0,0.0,0.0,0.0,0.0,0.0,0.0,0.0,0
1703739121227170757,3610,1703739121226068973,045201.20,4,0,31.8325940993,118.714164218,23.7773,0.0,0.0,0.0,0.0,0.0,0.0,0.0,0.0,0.0,0
1703739121323607493,3611,1703739121322906970,045201.30,4,0,31.832594119,118.714164259,23.7697,0.0,0.0,0.0,0.0,0.0,0.0,0.0,0.0,0.0,0
1703739121419876489,3612,1703739121419454097,045201.40,4,0,31.8325941085,118.714164254,23.7702,0.0,0.0,0.0,0.0,0.0,0.0,0.0,0.0,0.0,0
1703739121526090281,3613,1703739121525706052,045201.50,4,0,31.8325940943,118.714164275,23.7689,0.0,0.0,0.0,0.0,0.0,0.0,0.0,0.0,0.0,0
1703739121622093928,3614,1703739121621738910,045201.60,4,0,31.8325940978,118.714164306,23.7691,0.0,0.0,0.0,0.0,0.0,0.0,0.0,0.0,0.0,0
1703739121728323450,3615,1703739121726274013,045201.70,4,0,31.8325940793,118.714164316,23.7614,0.0,0.0,0.0,0.0,0.0,0.0,0.0,0.0,0.0,0
1703739121889206809,3616,1703739121888437986,045201.80,4,0,31.8325941013,118.714164302,23.7788,0.0,0.0,0.0,0.0,0.0,0.0,0.0,0.0,0.0,0
1703739121926349183,3617,1703739121925847053,045201.90,4,0,31.832594103,118.714164282,23.7823,0.0,0.0,0.0,0.0,0.0,0.0,0.0,0.0,0.0,0
1703739122022716759,3618,1703739122022279024,045202.00,4,0,31.8325941097,118.714164189,23.7916,0.0,0.0,0.0,0.0,0.0,0.0,0.0,0.0,0.0,0
1703739122126713558,3619,1703739122126100063,045202.10,4,0,31.8325940738,118.714164157,23.805,0.0,0.0,0.0,0.0,0.0,0.0,0.0,0.0,0.0,0
1703739122223186873,3620,1703739122222624063,045202.20,4,0,31.8325941472,118.714164201,23.8036,0.0,0.0,0.0,0.0,0.0,0.0,0.0,0.0,0.0,0
1703739122328825684,3621,1703739122327425956,045202.30,4,0,31.8325941493,118.714164218,23.7918,0.0,0.0,0.0,0.0,0.0,0.0,0.0,0.0,0.0,0
1703739122424070537,3622,1703739122423348903,045202.40,4,0,31.8325941195,118.71416419,23.7838,0.0,0.0,0.0,0.0,0.0,0.0,0.0,0.0,0.0,0
1703739122521311111,3623,1703739122520833969,045202.50,4,0,31.8325941083,118.714164165,23.7899,0.0,0.0,0.0,0.0,0.0,0.0,0.0,0.0,0.0,0
1703739122625675358,3624,1703739122625277042,045202.60,4,0,31.8325940922,118.714164198,23.7878,0.0,0.0,0.0,0.0,0.0,0.0,0.0,0.0,0.0,0
1703739122721189933,3625,1703739122720910072,045202.70,4,0,31.8325940998,118.714164227,23.7868,0.0,0.0,0.0,0.0,0.0,0.0,0.0,0.0,0.0,0
1703739122825258852,3626,1703739122824771881,045202.80,4,0,31.8325941042,118.714164236,23.783,0.0,0.0,0.0,0.0,0.0,0.0,0.0,0.0,0.0,0
1703739122980812779,3627,1703739122980302095,045202.90,4,0,31.8325940945,118.714164226,23.7845,0.0,0.0,0.0,0.0,0.0,0.0,0.0,0.0,0.0,0
1703739123024454508,3628,1703739123023967981,045203.00,4,0,31.8325941173,118.714164237,23.782,0.0,0.0,0.0,0.0,0.0,0.0,0.0,0.0,0.0,0
1703739123121348113,3629,1703739123120795965,045203.10,4,0,31.8325941082,118.714164212,23.7821,0.0,0.0,0.0,0.0,0.0,0.0,0.0,0.0,0.0,0
1703739123228561025,3630,1703739123226861000,045203.20,4,0,31.8325941133,118.71416422,23.7823,0.0,0.0,0.0,0.0,0.0,0.0,0.0,0.0,0.0,0
1703739123322945304,3631,1703739123322516918,045203.30,4,0,31.8325941042,118.714164168,23.7979,0.0,0.0,0.0,0.0,0.0,0.0,0.0,0.0,0.0,0
1703739123427048743,3632,1703739123426409959,045203.40,4,0,31.832594097,118.714164155,23.8007,0.0,0.0,0.0,0.0,0.0,0.0,0.0,0.0,0.0,0
1703739123522905639,3633,1703739123522483110,045203.50,4,0,31.8325940922,118.714164172,23.7968,0.0,0.0,0.0,0.0,0.0,0.0,0.0,0.0,0.0,0
1703739123619814477,3634,1703739123619293928,045203.60,4,0,31.8325941002,118.714164163,23.7976,0.0,0.0,0.0,0.0,0.0,0.0,0.0,0.0,0.0,0
1703739123726370503,3635,1703739123725805044,045203.70,4,0,31.832594092,118.714164158,23.7991,0.0,0.0,0.0,0.0,0.0,0.0,0.0,0.0,0.0,0
1703739123821983981,3636,1703739123821407079,045203.80,4,0,31.8325940957,118.714164148,23.801,0.0,0.0,0.0,0.0,0.0,0.0,0.0,0.0,0.0,0
1703739123928234484,3637,1703739123926713943,045203.90,4,0,31.8325940913,118.714164144,23.7963,0.0,0.0,0.0,0.0,0.0,0.0,0.0,0.0,0.0,0
1703739124073701453,3638,1703739124072362899,045204.00,4,0,31.832594098,118.714164147,23.8028,0.0,0.0,0.0,0.0,0.0,0.0,0.0,0.0,0.0,0
1703739124131822140,3639,1703739124128396034,045204.10,4,0,31.8325941018,118.71416416,23.7993,0.0,0.0,0.0,0.0,0.0,0.0,0.0,0.0,0.0,0
1703739124222619669,3640,1703739124222129106,045204.20,4,0,31.8325940955,118.714164141,23.799,0.0,0.0,0.0,0.0,0.0,0.0,0.0,0.0,0.0,0
1703739124326998305,3641,1703739124326354980,045204.30,4,0,31.8325940887,118.714164146,23.7968,0.0,0.0,0.0,0.0,0.0,0.0,0.0,0.0,0.0,0
1703739124422723843,3642,1703739124422096967,045204.40,4,0,31.832594087,118.714164138,23.7985,0.0,0.0,0.0,0.0,0.0,0.0,0.0,0.0,0.0,0
1703739124526901322,3643,1703739124525209903,045204.50,4,0,31.8325941015,118.714164132,23.7953,0.0,0.0,0.0,0.0,0.0,0.0,0.0,0.0,0.0,0
1703739124620949724,3644,1703739124620763063,045204.60,4,0,31.832594101,118.714164134,23.7944,0.0,0.0,0.0,0.0,0.0,0.0,0.0,0.0,0.0,0
1703739124724881817,3645,1703739124724065065,045204.70,4,0,31.8325940872,118.714164125,23.7935,0.0,0.0,0.0,0.0,0.0,0.0,0.0,0.0,0.0,0
1703739124820661792,3646,1703739124820478916,045204.80,4,0,31.8325940793,118.714164092,23.7967,0.0,0.0,0.0,0.0,0.0,0.0,0.0,0.0,0.0,0
1703739124923923088,3647,1703739124923685073,045204.90,4,0,31.8325940798,118.71416411,23.7955,0.0,0.0,0.0,0.0,0.0,0.0,0.0,0.0,0.0,0
1703739125020425335,3648,1703739125020246028,045205.00,4,0,31.8325940963,118.714164123,23.795,0.0,0.0,0.0,0.0,0.0,0.0,0.0,0.0,0.0,0
1703739125164567991,3649,1703739125164202928,045205.10,4,0,31.8325940742,118.714164131,23.7969,0.0,0.0,0.0,0.0,0.0,0.0,0.0,0.0,0.0,0
1703739125221302287,3650,1703739125221148014,045205.20,4,0,31.8325940817,118.714164107,23.7929,0.0,0.0,0.0,0.0,0.0,0.0,0.0,0.0,0.0,0
1703739125325701494,3651,1703739125325423002,045205.30,4,0,31.8325940607,118.71416409,23.8083,0.0,0.0,0.0,0.0,0.0,0.0,0.0,0.0,0.0,0
1703739125421832182,3652,1703739125421648025,045205.40,4,0,31.8325940782,118.714164066,23.8065,0.0,0.0,0.0,0.0,0.0,0.0,0.0,0.0,0.0,0
1703739125518987183,3653,1703739125518794059,045205.50,4,0,31.8325940717,118.714164078,23.8085,0.0,0.0,0.0,0.0,0.0,0.0,0.0,0.0,0.0,0
1703739125623485306,3654,1703739125622770071,045205.60,4,0,31.8325940942,118.714164131,23.803,0.0,0.0,0.0,0.0,0.0,0.0,0.0,0.0,0.0,0
1703739125719720937,3655,1703739125719499111,045205.70,4,0,31.8325941193,118.714164188,23.8045,0.0,0.0,0.0,0.0,0.0,0.0,0.0,0.0,0.0,0
1703739125823766178,3656,1703739125823466062,045205.80,4,0,31.8325940833,118.714164241,23.7982,0.0,0.0,0.0,0.0,0.0,0.0,0.0,0.0,0.0,0
1703739125920306004,3657,1703739125920105934,045205.90,4,0,31.8325940632,118.714164194,23.7945,0.0,0.0,0.0,0.0,0.0,0.0,0.0,0.0,0.0,0
1703739126023944210,3658,1703739126023755073,045206.00,4,0,31.8325940453,118.714164204,23.7899,0.0,0.0,0.0,0.0,0.0,0.0,0.0,0.0,0.0,0
1703739126120078777,3659,1703739126119893074,045206.10,4,0,31.8325940628,118.714164236,23.7867,0.0,0.0,0.0,0.0,0.0,0.0,0.0,0.0,0.0,0
1703739126256462058,3660,1703739126256279945,045206.20,4,0,31.8325940542,118.714164186,23.7824,0.0,0.0,0.0,0.0,0.0,0.0,0.0,0.0,0.0,0
1703739126321723674,3661,1703739126321598052,045206.30,4,0,31.832594109,118.714164158,23.7766,0.0,0.0,0.0,0.0,0.0,0.0,0.0,0.0,0.0,0
1703739126418736495,3662,1703739126418581008,045206.40,4,0,31.8325941,118.714164159,23.7775,0.0,0.0,0.0,0.0,0.0,0.0,0.0,0.0,0.0,0
1703739126523748706,3663,1703739126523565053,045206.50,4,0,31.8325941042,118.714164138,23.7756,0.0,0.0,0.0,0.0,0.0,0.0,0.0,0.0,0.0,0
1703739126620334346,3664,1703739126620153903,045206.60,4,0,31.8325941042,118.714164148,23.7757,0.0,0.0,0.0,0.0,0.0,0.0,0.0,0.0,0.0,0
1703739126724939380,3665,1703739126724277973,045206.70,4,0,31.8325941067,118.714164143,23.7803,0.0,0.0,0.0,0.0,0.0,0.0,0.0,0.0,0.0,0
1703739126822469371,3666,1703739126822052955,045206.80,4,0,31.8325941098,118.714164157,23.7712,0.0,0.0,0.0,0.0,0.0,0.0,0.0,0.0,0.0,0
1703739126926443526,3667,1703739126925987958,045206.90,4,0,31.8325941028,118.714164129,23.7732,0.0,0.0,0.0,0.0,0.0,0.0,0.0,0.0,0.0,0
1703739127022456955,3668,1703739127021837949,045207.00,4,0,31.8325940987,118.714164174,23.7791,0.0,0.0,0.0,0.0,0.0,0.0,0.0,0.0,0.0,0
1703739127129008290,3669,1703739127126436948,045207.10,4,0,31.832594113,118.714164162,23.7726,0.0,0.0,0.0,0.0,0.0,0.0,0.0,0.0,0.0,0
1703739127221080434,3670,1703739127220446109,045207.20,4,0,31.8325941182,118.714164161,23.7833,0.0,0.0,0.0,0.0,0.0,0.0,0.0,0.0,0.0,0
1703739127348587503,3671,1703739127348202943,045207.30,4,0,31.8325941073,118.714164196,23.7797,0.0,0.0,0.0,0.0,0.0,0.0,0.0,0.0,0.0,0
1703739127423758745,3672,1703739127423365116,045207.40,4,0,31.8325941025,118.714164197,23.7775,0.0,0.0,0.0,0.0,0.0,0.0,0.0,0.0,0.0,0
1703739127521124034,3673,1703739127520494937,045207.50,4,0,31.8325940958,118.714164201,23.7789,0.0,0.0,0.0,0.0,0.0,0.0,0.0,0.0,0.0,0
1703739127623395521,3674,1703739127623100042,045207.60,4,0,31.832594114,118.714164194,23.7794,0.0,0.0,0.0,0.0,0.0,0.0,0.0,0.0,0.0,0
1703739127720518896,3675,1703739127719819068,045207.70,4,0,31.8325941045,118.714164183,23.778,0.0,0.0,0.0,0.0,0.0,0.0,0.0,0.0,0.0,0
1703739127823660601,3676,1703739127823282957,045207.80,4,0,31.8325940837,118.714164188,23.7837,0.0,0.0,0.0,0.0,0.0,0.0,0.0,0.0,0.0,0
1703739127920804784,3677,1703739127920178890,045207.90,4,0,31.8325941005,118.714164213,23.777,0.0,0.0,0.0,0.0,0.0,0.0,0.0,0.0,0.0,0
1703739128023988064,3678,1703739128023200988,045208.00,4,0,31.8325941058,118.714164196,23.7784,0.0,0.0,0.0,0.0,0.0,0.0,0.0,0.0,0.0,0
1703739128120336583,3679,1703739128119507074,045208.10,4,0,31.8325941135,118.714164197,23.7791,0.0,0.0,0.0,0.0,0.0,0.0,0.0,0.0,0.0,0
1703739128229023177,3680,1703739128226443052,045208.20,4,0,31.832594096,118.714164198,23.7805,0.0,0.0,0.0,0.0,0.0,0.0,0.0,0.0,0.0,0
1703739128322412223,3681,1703739128322141885,045208.30,4,0,31.8325941023,118.714164182,23.7797,0.0,0.0,0.0,0.0,0.0,0.0,0.0,0.0,0.0,0
1703739128444640767,3682,1703739128444268941,045208.40,4,0,31.8325941023,118.714164191,23.7785,0.0,0.0,0.0,0.0,0.0,0.0,0.0,0.0,0.0,0
1703739128524583607,3683,1703739128523123979,045208.50,4,0,31.8325940887,118.714164191,23.7832,0.0,0.0,0.0,0.0,0.0,0.0,0.0,0.0,0.0,0
1703739128620583866,3684,1703739128620275020,045208.60,4,0,31.8325940923,118.714164191,23.7781,0.0,0.0,0.0,0.0,0.0,0.0,0.0,0.0,0.0,0
1703739128725375057,3685,1703739128724267005,045208.70,4,0,31.832594088,118.714164199,23.7781,0.0,0.0,0.0,0.0,0.0,0.0,0.0,0.0,0.0,0
1703739128820954596,3686,1703739128820667982,045208.80,4,0,31.8325941018,118.714164198,23.7789,0.0,0.0,0.0,0.0,0.0,0.0,0.0,0.0,0.0,0
1703739128924975449,3687,1703739128924640893,045208.90,4,0,31.8325940698,118.714164188,23.7794,0.0,0.0,0.0,0.0,0.0,0.0,0.0,0.0,0.0,0
1703739129022152145,3688,1703739129021151065,045209.00,4,0,31.8325940792,118.714164203,23.7732,0.0,0.0,0.0,0.0,0.0,0.0,0.0,0.0,0.0,0
1703739129131065568,3689,1703739129127127885,045209.10,4,0,31.8325940873,118.714164203,23.7792,0.0,0.0,0.0,0.0,0.0,0.0,0.0,0.0,0.0,0
1703739129221076426,3690,1703739129220776081,045209.20,4,0,31.8325941022,118.714164196,23.7774,0.0,0.0,0.0,0.0,0.0,0.0,0.0,0.0,0.0,0
1703739129329449298,3691,1703739129326149940,045209.30,4,0,31.832594075,118.714164175,23.7861,0.0,0.0,0.0,0.0,0.0,0.0,0.0,0.0,0.0,0
1703739129422433036,3692,1703739129422190904,045209.40,4,0,31.8325940795,118.714164181,23.7845,0.0,0.0,0.0,0.0,0.0,0.0,0.0,0.0,0.0,0
1703739129536413649,3693,1703739129536164045,045209.50,4,0,31.832594091,118.714164197,23.7801,0.0,0.0,0.0,0.0,0.0,0.0,0.0,0.0,0.0,0
1703739129625518723,3694,1703739129623804092,045209.60,4,0,31.8325941072,118.714164178,23.7828,0.0,0.0,0.0,0.0,0.0,0.0,0.0,0.0,0.0,0
1703739129721032242,3695,1703739129720558881,045209.70,4,0,31.8325941007,118.714164186,23.784,0.0,0.0,0.0,0.0,0.0,0.0,0.0,0.0,0.0,0
1703739129828529834,3696,1703739129823951005,045209.80,4,0,31.8325940997,118.714164179,23.7822,0.0,0.0,0.0,0.0,0.0,0.0,0.0,0.0,0.0,0
1703739129920084225,3697,1703739129919892072,045209.90,4,0,31.8325940988,118.714164169,23.7819,0.0,0.0,0.0,0.0,0.0,0.0,0.0,0.0,0.0,0
1703739130023045877,3698,1703739130022876977,045210.00,4,0,31.8325940838,118.714164168,23.7808,0.0,0.0,0.0,0.0,0.0,0.0,0.0,0.0,0.0,0
1703739130120952852,3699,1703739130120544910,045210.10,4,0,31.8325940873,118.714164177,23.7794,0.0,0.0,0.0,0.0,0.0,0.0,0.0,0.0,0.0,0
1703739130230202324,3700,1703739130229751110,045210.20,4,0,31.8325940958,118.714164182,23.7843,0.0,0.0,0.0,0.0,0.0,0.0,0.0,0.0,0.0,0
1703739130325937396,3701,1703739130322056055,045210.30,4,0,31.8325940875,118.714164144,23.7812,0.0,0.0,0.0,0.0,0.0,0.0,0.0,0.0,0.0,0
1703739130418554633,3702,1703739130418354988,045210.40,4,0,31.8325940743,118.714164155,23.7817,0.0,0.0,0.0,0.0,0.0,0.0,0.0,0.0,0.0,0
1703739130527475158,3703,1703739130523878097,045210.50,4,0,31.832594064,118.714164161,23.7859,0.0,0.0,0.0,0.0,0.0,0.0,0.0,0.0,0.0,0
1703739130636532820,3704,1703739130632339954,045210.60,4,0,31.8325940825,118.714164164,23.7785,0.0,0.0,0.0,0.0,0.0,0.0,0.0,0.0,0.0,0
1703739130728147756,3705,1703739130724877119,045210.70,4,0,31.8325940773,118.714164178,23.7847,0.0,0.0,0.0,0.0,0.0,0.0,0.0,0.0,0.0,0
1703739130821526007,3706,1703739130820612907,045210.80,4,0,31.8325940793,118.714164151,23.7803,0.0,0.0,0.0,0.0,0.0,0.0,0.0,0.0,0.0,0
1703739130924141997,3707,1703739130923805952,045210.90,4,0,31.8325940838,118.714164142,23.7802,0.0,0.0,0.0,0.0,0.0,0.0,0.0,0.0,0.0,0
1703739131021982709,3708,1703739131020761966,045211.00,4,0,31.8325940908,118.714164142,23.7823,0.0,0.0,0.0,0.0,0.0,0.0,0.0,0.0,0.0,0
1703739131126859577,3709,1703739131126463890,045211.10,4,0,31.8325940622,118.714164157,23.7846,0.0,0.0,0.0,0.0,0.0,0.0,0.0,0.0,0.0,0
1703739131220330539,3710,1703739131220133066,045211.20,4,0,31.8325940697,118.714164164,23.7851,0.0,0.0,0.0,0.0,0.0,0.0,0.0,0.0,0.0,0
1703739131328171437,3711,1703739131325109004,045211.30,4,0,31.832594051,118.714164167,23.7856,0.0,0.0,0.0,0.0,0.0,0.0,0.0,0.0,0.0,0
1703739131421324676,3712,1703739131421062946,045211.40,4,0,31.8325940452,118.714164161,23.7868,0.0,0.0,0.0,0.0,0.0,0.0,0.0,0.0,0.0,0
1703739131518220060,3713,1703739131517981052,045211.50,4,0,31.8325940322,118.714164149,23.7859,0.0,0.0,0.0,0.0,0.0,0.0,0.0,0.0,0.0,0
1703739131708762225,3714,1703739131708336114,045211.60,4,0,31.8325940395,118.714164141,23.7883,0.0,0.0,0.0,0.0,0.0,0.0,0.0,0.0,0.0,0
1703739131720191749,3715,1703739131719693899,045211.70,4,0,31.8325940603,118.714164157,23.7882,0.0,0.0,0.0,0.0,0.0,0.0,0.0,0.0,0.0,0
1703739131826251192,3716,1703739131824315071,045211.80,4,0,31.8325940448,118.714164151,23.7856,0.0,0.0,0.0,0.0,0.0,0.0,0.0,0.0,0.0,0
1703739131920307115,3717,1703739131920093059,045211.90,4,0,31.832594039,118.714164159,23.7848,0.0,0.0,0.0,0.0,0.0,0.0,0.0,0.0,0.0,0
1703739132018027829,3718,1703739132017285108,045212.00,4,0,31.8325940522,118.71416416,23.7829,0.0,0.0,0.0,0.0,0.0,0.0,0.0,0.0,0.0,0
1703739132129643640,3719,1703739132125194072,045212.10,4,0,31.832594053,118.714164139,23.7914,0.0,0.0,0.0,0.0,0.0,0.0,0.0,0.0,0.0,0
1703739132220943618,3720,1703739132220745086,045212.20,4,0,31.8325940395,118.714164157,23.7847,0.0,0.0,0.0,0.0,0.0,0.0,0.0,0.0,0.0,0
1703739132327253647,3721,1703739132325597047,045212.30,4,0,31.832594008,118.714164131,23.797,0.0,0.0,0.0,0.0,0.0,0.0,0.0,0.0,0.0,0
1703739132423601363,3722,1703739132421396017,045212.40,4,0,31.8325940102,118.714164123,23.7962,0.0,0.0,0.0,0.0,0.0,0.0,0.0,0.0,0.0,0
1703739132518957128,3723,1703739132518487930,045212.50,4,0,31.83259402,118.714164124,23.7959,0.0,0.0,0.0,0.0,0.0,0.0,0.0,0.0,0.0,0
1703739132624636855,3724,1703739132623683929,045212.60,4,0,31.832594002,118.714164137,23.7926,0.0,0.0,0.0,0.0,0.0,0.0,0.0,0.0,0.0,0
1703739132802602095,3725,1703739132800525903,045212.70,4,0,31.8325940075,118.71416414,23.7975,0.0,0.0,0.0,0.0,0.0,0.0,0.0,0.0,0.0,0
1703739132824637033,3726,1703739132823093891,045212.80,4,0,31.8325940208,118.71416414,23.7935,0.0,0.0,0.0,0.0,0.0,0.0,0.0,0.0,0.0,0
1703739132921669444,3727,1703739132920597076,045212.90,4,0,31.8325940153,118.714164119,23.7975,0.0,0.0,0.0,0.0,0.0,0.0,0.0,0.0,0.0,0
1703739133025992319,3728,1703739133023322105,045213.00,4,0,31.8325940218,118.714164138,23.7967,0.0,0.0,0.0,0.0,0.0,0.0,0.0,0.0,0.0,0
1703739133121212700,3729,1703739133119771957,045213.10,4,0,31.8325940113,118.714164118,23.8015,0.0,0.0,0.0,0.0,0.0,0.0,0.0,0.0,0.0,0
1703739133225099029,3730,1703739133224453926,045213.20,4,0,31.8325940102,118.714164129,23.7966,0.0,0.0,0.0,0.0,0.0,0.0,0.0,0.0,0.0,0
1703739133324087614,3731,1703739133322173118,045213.30,4,0,31.832593995,118.714164131,23.7969,0.0,0.0,0.0,0.0,0.0,0.0,0.0,0.0,0.0,0
1703739133417894604,3732,1703739133417607069,045213.40,4,0,31.8325940117,118.714164124,23.7978,0.0,0.0,0.0,0.0,0.0,0.0,0.0,0.0,0.0,0
1703739133524928339,3733,1703739133523309946,045213.50,4,0,31.8325940082,118.714164121,23.8026,0.0,0.0,0.0,0.0,0.0,0.0,0.0,0.0,0.0,0
1703739133620468174,3734,1703739133620208024,045213.60,4,0,31.832594031,118.714164124,23.7951,0.0,0.0,0.0,0.0,0.0,0.0,0.0,0.0,0.0,0
1703739133725375353,3735,1703739133724301099,045213.70,4,0,31.8325940068,118.714164138,23.7952,0.0,0.0,0.0,0.0,0.0,0.0,0.0,0.0,0.0,0
1703739133897396760,3736,1703739133896270990,045213.80,4,0,31.8325940082,118.714164126,23.8004,0.0,0.0,0.0,0.0,0.0,0.0,0.0,0.0,0.0,0
1703739133924881296,3737,1703739133924036026,045213.90,4,0,31.8325940112,118.714164126,23.7997,0.0,0.0,0.0,0.0,0.0,0.0,0.0,0.0,0.0,0
1703739134020798167,3738,1703739134020219087,045214.00,4,0,31.8325940032,118.714164116,23.8007,0.0,0.0,0.0,0.0,0.0,0.0,0.0,0.0,0.0,0
1703739134126670410,3739,1703739134125296115,045214.10,4,0,31.8325940113,118.714164131,23.8009,0.0,0.0,0.0,0.0,0.0,0.0,0.0,0.0,0.0,0
1703739134220376701,3740,1703739134220197916,045214.20,4,0,31.8325939985,118.714164118,23.8015,0.0,0.0,0.0,0.0,0.0,0.0,0.0,0.0,0.0,0
1703739134326358945,3741,1703739134325433015,045214.30,4,0,31.8325940055,118.71416411,23.7994,0.0,0.0,0.0,0.0,0.0,0.0,0.0,0.0,0.0,0
1703739134421763156,3742,1703739134420612096,045214.40,4,0,31.8325939978,118.714164148,23.8024,0.0,0.0,0.0,0.0,0.0,0.0,0.0,0.0,0.0,0
1703739134518372996,3743,1703739134518090009,045214.50,4,0,31.832593982,118.714164113,23.8083,0.0,0.0,0.0,0.0,0.0,0.0,0.0,0.0,0.0,0
1703739134621796310,3744,1703739134621591091,045214.60,4,0,31.83259401,118.714164114,23.8049,0.0,0.0,0.0,0.0,0.0,0.0,0.0,0.0,0.0,0
1703739134718686349,3745,1703739134718461990,045214.70,4,0,31.832594023,118.714164083,23.8051,0.0,0.0,0.0,0.0,0.0,0.0,0.0,0.0,0.0,0
1703739134827519095,3746,1703739134823159933,045214.80,4,0,31.8325940123,118.714164126,23.8008,0.0,0.0,0.0,0.0,0.0,0.0,0.0,0.0,0.0,0
1703739134988600383,3747,1703739134988284111,045214.90,4,0,31.8325940363,118.714164098,23.8037,0.0,0.0,0.0,0.0,0.0,0.0,0.0,0.0,0.0,0
1703739135023405740,3748,1703739135022959947,045215.00,4,0,31.8325940168,118.714164117,23.8049,0.0,0.0,0.0,0.0,0.0,0.0,0.0,0.0,0.0,0
1703739135120276668,3749,1703739135119204044,045215.10,4,0,31.8325940132,118.714164134,23.8051,0.0,0.0,0.0,0.0,0.0,0.0,0.0,0.0,0.0,0
1703739135226215171,3750,1703739135224937915,045215.20,4,0,31.8325940172,118.71416413,23.8069,0.0,0.0,0.0,0.0,0.0,0.0,0.0,0.0,0.0,0
1703739135321564032,3751,1703739135321232080,045215.30,4,0,31.8325940348,118.714164092,23.8063,0.0,0.0,0.0,0.0,0.0,0.0,0.0,0.0,0.0,0
1703739135418052475,3752,1703739135417777061,045215.40,4,0,31.8325940203,118.714164098,23.8044,0.0,0.0,0.0,0.0,0.0,0.0,0.0,0.0,0.0,0
1703739135525008018,3753,1703739135524584054,045215.50,4,0,31.8325940315,118.714164118,23.805,0.0,0.0,0.0,0.0,0.0,0.0,0.0,0.0,0.0,0
1703739135620242065,3754,1703739135620047092,045215.60,4,0,31.832594031,118.714164104,23.8043,0.0,0.0,0.0,0.0,0.0,0.0,0.0,0.0,0.0,0
1703739135724345434,3755,1703739135723790884,045215.70,4,0,31.8325940338,118.714164114,23.8047,0.0,0.0,0.0,0.0,0.0,0.0,0.0,0.0,0.0,0
1703739135820061474,3756,1703739135819833993,045215.80,4,0,31.832594044,118.714164116,23.8007,0.0,0.0,0.0,0.0,0.0,0.0,0.0,0.0,0.0,0
1703739135923405362,3757,1703739135923037052,045215.90,4,0,31.8325940542,118.714164115,23.806,0.0,0.0,0.0,0.0,0.0,0.0,0.0,0.0,0.0,0
1703739136080892265,3758,1703739136080319881,045216.00,4,0,31.8325940517,118.714164107,23.8015,0.0,0.0,0.0,0.0,0.0,0.0,0.0,0.0,0.0,0
1703739136124469340,3759,1703739136124125957,045216.10,4,0,31.832594037,118.714164113,23.7968,0.0,0.0,0.0,0.0,0.0,0.0,0.0,0.0,0.0,0
1703739136221356589,3760,1703739136221025943,045216.20,4,0,31.8325940328,118.714164086,23.7981,0.0,0.0,0.0,0.0,0.0,0.0,0.0,0.0,0.0,0
1703739136326783818,3761,1703739136325352907,045216.30,4,0,31.8325940115,118.714164095,23.8091,0.0,0.0,0.0,0.0,0.0,0.0,0.0,0.0,0.0,0
1703739136421084553,3762,1703739136420902967,045216.40,4,0,31.832594011,118.714164082,23.8085,0.0,0.0,0.0,0.0,0.0,0.0,0.0,0.0,0.0,0
1703739136518414818,3763,1703739136518079042,045216.50,4,0,31.8325939982,118.714164098,23.8078,0.0,0.0,0.0,0.0,0.0,0.0,0.0,0.0,0.0,0
1703739136623000191,3764,1703739136622540950,045216.60,4,0,31.832594014,118.714164094,23.8071,0.0,0.0,0.0,0.0,0.0,0.0,0.0,0.0,0.0,0
1703739136719808869,3765,1703739136719352960,045216.70,4,0,31.8325939982,118.714164082,23.8056,0.0,0.0,0.0,0.0,0.0,0.0,0.0,0.0,0.0,0
1703739136823279813,3766,1703739136823054075,045216.80,4,0,31.832594001,118.714164088,23.8104,0.0,0.0,0.0,0.0,0.0,0.0,0.0,0.0,0.0,0
1703739136921112944,3767,1703739136919620037,045216.90,4,0,31.8325940228,118.714164089,23.8099,0.0,0.0,0.0,0.0,0.0,0.0,0.0,0.0,0.0,0
1703739137016899054,3768,1703739137016607046,045217.00,4,0,31.8325940277,118.7141641,23.8065,0.0,0.0,0.0,0.0,0.0,0.0,0.0,0.0,0.0,0
1703739137176520505,3769,1703739137176233053,045217.10,4,0,31.8325940277,118.714164091,23.8053,0.0,0.0,0.0,0.0,0.0,0.0,0.0,0.0,0.0,0
1703739137221939046,3770,1703739137220988035,045217.20,4,0,31.8325940308,118.714164102,23.808,0.0,0.0,0.0,0.0,0.0,0.0,0.0,0.0,0.0,0
1703739137325412210,3771,1703739137324276924,045217.30,4,0,31.832594011,118.714164065,23.808,0.0,0.0,0.0,0.0,0.0,0.0,0.0,0.0,0.0,0
1703739137421201903,3772,1703739137420933961,045217.40,4,0,31.8325940217,118.71416408,23.8044,0.0,0.0,0.0,0.0,0.0,0.0,0.0,0.0,0.0,0
1703739137518298113,3773,1703739137517771005,045217.50,4,0,31.8325940088,118.714164071,23.8124,0.0,0.0,0.0,0.0,0.0,0.0,0.0,0.0,0.0,0
1703739137622056710,3774,1703739137621809005,045217.60,4,0,31.8325940128,118.71416409,23.8101,0.0,0.0,0.0,0.0,0.0,0.0,0.0,0.0,0.0,0
1703739137718731076,3775,1703739137718544006,045217.70,4,0,31.8325940153,118.71416407,23.806,0.0,0.0,0.0,0.0,0.0,0.0,0.0,0.0,0.0,0
1703739137822615873,3776,1703739137822396039,045217.80,4,0,31.8325940078,118.714164087,23.8078,0.0,0.0,0.0,0.0,0.0,0.0,0.0,0.0,0.0,0
1703739137919336496,3777,1703739137919110059,045217.90,4,0,31.8325940083,118.714164083,23.8099,0.0,0.0,0.0,0.0,0.0,0.0,0.0,0.0,0.0,0
1703739138024097609,3778,1703739138022293090,045218.00,4,0,31.8325940187,118.714164064,23.8062,0.0,0.0,0.0,0.0,0.0,0.0,0.0,0.0,0.0,0
1703739138121665266,3779,1703739138119221925,045218.10,4,0,31.8325939933,118.71416409,23.8089,0.0,0.0,0.0,0.0,0.0,0.0,0.0,0.0,0.0,0
1703739138268673301,3780,1703739138268323898,045218.20,4,0,31.8325940153,118.714164074,23.8104,0.0,0.0,0.0,0.0,0.0,0.0,0.0,0.0,0.0,0
1703739138321621939,3781,1703739138321269035,045218.30,4,0,31.832593993,118.714164107,23.8176,0.0,0.0,0.0,0.0,0.0,0.0,0.0,0.0,0.0,0
1703739138419721433,3782,1703739138418268918,045218.40,4,0,31.8325939947,118.71416408,23.8182,0.0,0.0,0.0,0.0,0.0,0.0,0.0,0.0,0.0,0
1703739138523802150,3783,1703739138523319005,045218.50,4,0,31.8325939662,118.714164092,23.8175,0.0,0.0,0.0,0.0,0.0,0.0,0.0,0.0,0.0,0
1703739138619960919,3784,1703739138619559049,045218.60,4,0,31.8325939928,118.714164108,23.8166,0.0,0.0,0.0,0.0,0.0,0.0,0.0,0.0,0.0,0
1703739138725400266,3785,1703739138722739934,045218.70,4,0,31.8325939725,118.714164102,23.8221,0.0,0.0,0.0,0.0,0.0,0.0,0.0,0.0,0.0,0
1703739138819173027,3786,1703739138818908929,045218.80,4,0,31.8325939903,118.714164126,23.8205,0.0,0.0,0.0,0.0,0.0,0.0,0.0,0.0,0.0,0
1703739138924694275,3787,1703739138923115968,045218.90,4,0,31.832593981,118.714164109,23.8217,0.0,0.0,0.0,0.0,0.0,0.0,0.0,0.0,0.0,0
1703739139020825225,3788,1703739139020466089,045219.00,4,0,31.832593995,118.714164134,23.8195,0.0,0.0,0.0,0.0,0.0,0.0,0.0,0.0,0.0,0
1703739139125287108,3789,1703739139124742984,045219.10,4,0,31.832593976,118.714164132,23.8208,0.0,0.0,0.0,0.0,0.0,0.0,0.0,0.0,0.0,0
1703739139223232127,3790,1703739139220606088,045219.20,4,0,31.832593987,118.714164103,23.8201,0.0,0.0,0.0,0.0,0.0,0.0,0.0,0.0,0.0,0
1703739139363044125,3791,1703739139362648963,045219.30,4,0,31.8325940133,118.714164097,23.8158,0.0,0.0,0.0,0.0,0.0,0.0,0.0,0.0,0.0,0
1703739139422010358,3792,1703739139421202898,045219.40,4,0,31.832594008,118.71416407,23.8234,0.0,0.0,0.0,0.0,0.0,0.0,0.0,0.0,0.0,0
1703739139518903156,3793,1703739139518466949,045219.50,4,0,31.832594004,118.714164091,23.8137,0.0,0.0,0.0,0.0,0.0,0.0,0.0,0.0,0.0,0
1703739139623468062,3794,1703739139622140884,045219.60,4,0,31.8325940022,118.714164098,23.8199,0.0,0.0,0.0,0.0,0.0,0.0,0.0,0.0,0.0,0
